# Blender 3.6.2
# www.blender.org
mtllib Handles.mtl
o NurbsPath
v -2.671400 -1.508314 -0.000000
v -2.642524 -1.508152 0.182320
v -2.558722 -1.507676 0.346793
v -2.428197 -1.506932 0.477320
v -2.263727 -1.505995 0.561123
v -2.081410 -1.504954 0.590000
v -1.901413 -1.503927 0.590000
v -1.719096 -1.502885 0.561123
v -1.554625 -1.501945 0.477320
v -1.424100 -1.501198 0.346793
v -1.340298 -1.500717 0.182320
v -1.311422 -1.500550 0.000000
v -1.340299 -1.500712 -0.182320
v -1.424100 -1.501188 -0.346793
v -1.554625 -1.501931 -0.477320
v -1.719096 -1.502869 -0.561123
v -1.901413 -1.503909 -0.590000
v -2.081410 -1.504937 -0.590000
v -2.263727 -1.505978 -0.561123
v -2.428197 -1.506918 -0.477320
v -2.558722 -1.507665 -0.346793
v -2.642524 -1.508146 -0.182320
v -2.663286 -1.156712 -0.000000
v -2.634453 -1.158312 0.182320
v -2.550778 -1.162950 0.346793
v -2.420452 -1.170172 0.477320
v -2.256230 -1.179271 0.561123
v -2.074189 -1.189356 0.590000
v -1.894465 -1.199313 0.590000
v -1.712424 -1.209398 0.561123
v -1.548203 -1.218494 0.477320
v -1.417876 -1.225712 0.346793
v -1.334200 -1.230346 0.182320
v -1.305368 -1.231940 0.000000
v -1.334200 -1.230340 -0.182320
v -1.417875 -1.225702 -0.346793
v -1.548202 -1.218480 -0.477320
v -1.712423 -1.209381 -0.561123
v -1.894464 -1.199296 -0.590000
v -2.074188 -1.189339 -0.590000
v -2.256229 -1.179255 -0.561123
v -2.420451 -1.170158 -0.477320
v -2.550778 -1.162940 -0.346793
v -2.634453 -1.158307 -0.182320
v -2.636108 -0.849580 -0.000000
v -2.607459 -0.853203 0.182320
v -2.524317 -0.863711 0.346793
v -2.394821 -0.880077 0.477320
v -2.231645 -0.900697 0.561123
v -2.050764 -0.923554 0.590000
v -1.872184 -0.946119 0.590000
v -1.691302 -0.968976 0.561123
v -1.528126 -0.989593 0.477320
v -1.398629 -1.005955 0.346793
v -1.315486 -1.016459 0.182320
v -1.286837 -1.020076 0.000000
v -1.315486 -1.016453 -0.182320
v -1.398628 -1.005945 -0.346793
v -1.528124 -0.989580 -0.477320
v -1.691300 -0.968959 -0.561123
v -1.872181 -0.946102 -0.590000
v -2.050761 -0.923537 -0.590000
v -2.231643 -0.900681 -0.561123
v -2.394819 -0.880063 -0.477320
v -2.524316 -0.863701 -0.346793
v -2.607458 -0.853198 -0.182320
v -2.591449 -0.580000 -0.000000
v -2.563192 -0.585953 0.182320
v -2.481188 -0.603222 0.346793
v -2.353462 -0.630118 0.477320
v -2.192518 -0.664007 0.561123
v -2.014110 -0.701572 0.590000
v -1.837972 -0.738660 0.590000
v -1.659564 -0.776225 0.561123
v -1.498620 -0.810111 0.477320
v -1.370893 -0.837003 0.346793
v -1.288887 -0.854268 0.182320
v -1.260630 -0.860215 0.000000
v -1.288886 -0.854263 -0.182320
v -1.370891 -0.836993 -0.346793
v -1.498617 -0.810098 -0.477320
v -1.659561 -0.776208 -0.561123
v -1.837969 -0.738643 -0.590000
v -2.014107 -0.701556 -0.590000
v -2.192515 -0.663991 -0.561123
v -2.353459 -0.630104 -0.477320
v -2.481185 -0.603212 -0.346793
v -2.563191 -0.585948 -0.182320
v -2.530146 -0.342290 -0.000000
v -2.502578 -0.350887 0.182320
v -2.422574 -0.375833 0.346793
v -2.297964 -0.414686 0.477320
v -2.140946 -0.463643 0.561123
v -1.966890 -0.517910 0.590000
v -1.795048 -0.571487 0.590000
v -1.620991 -0.625754 0.561123
v -1.463972 -0.674708 0.477320
v -1.339361 -0.713557 0.346793
v -1.259355 -0.738499 0.182320
v -1.231787 -0.747091 0.000000
v -1.259354 -0.738494 -0.182320
v -1.339358 -0.713547 -0.346793
v -1.463968 -0.674694 -0.477320
v -1.620986 -0.625738 -0.561123
v -1.795043 -0.571470 -0.590000
v -1.966884 -0.517894 -0.590000
v -2.140941 -0.463627 -0.561123
v -2.297960 -0.414673 -0.477320
v -2.422571 -0.375824 -0.346793
v -2.502577 -0.350882 -0.182320
v -2.452425 -0.132042 -0.000000
v -2.425949 -0.143571 0.182320
v -2.349112 -0.177022 0.346793
v -2.229434 -0.229123 0.477320
v -2.078631 -0.294773 0.561123
v -1.911464 -0.367545 0.590000
v -1.746424 -0.439391 0.590000
v -1.579257 -0.512162 0.561123
v -1.428453 -0.577810 0.477320
v -1.308773 -0.629907 0.346793
v -1.231934 -0.663354 0.182320
v -1.205456 -0.674878 0.000000
v -1.231932 -0.663349 -0.182320
v -1.308769 -0.629897 -0.346793
v -1.428447 -0.577797 -0.477320
v -1.579250 -0.512147 -0.561123
v -1.746417 -0.439375 -0.590000
v -1.911457 -0.367529 -0.590000
v -2.078624 -0.294758 -0.561123
v -2.229428 -0.229110 -0.477320
v -2.349108 -0.177013 -0.346793
v -2.425947 -0.143566 -0.182320
v -2.358364 0.053372 -0.000000
v -2.333482 0.038718 0.182320
v -2.261269 -0.003805 0.346793
v -2.148793 -0.070035 0.477320
v -2.007065 -0.153489 0.561123
v -1.849957 -0.245998 0.590000
v -1.694849 -0.337329 0.590000
v -1.537741 -0.429837 0.561123
v -1.396011 -0.513288 0.477320
v -1.283534 -0.579515 0.346793
v -1.211318 -0.622035 0.182320
v -1.186433 -0.636684 0.000000
v -1.211315 -0.622030 -0.182320
v -1.283528 -0.579507 -0.346793
v -1.396004 -0.513277 -0.477320
v -1.537732 -0.429823 -0.561123
v -1.694840 -0.337314 -0.590000
v -1.849948 -0.245983 -0.590000
v -2.007056 -0.153475 -0.561123
v -2.148786 -0.070023 -0.477320
v -2.261264 -0.003797 -0.346793
v -2.333479 0.038723 -0.182320
v -2.248767 0.214547 -0.000000
v -2.226039 0.196734 0.182320
v -2.160077 0.145043 0.346793
v -2.057338 0.064532 0.477320
v -1.927878 -0.036916 0.561123
v -1.784371 -0.149371 0.590000
v -1.642689 -0.260395 0.590000
v -1.499181 -0.372849 0.561123
v -1.369720 -0.474295 0.477320
v -1.266979 -0.554802 0.346793
v -1.201014 -0.606490 0.182320
v -1.178282 -0.624299 0.000000
v -1.201010 -0.606486 -0.182320
v -1.266972 -0.554794 -0.346793
v -1.369711 -0.474284 -0.477320
v -1.499171 -0.372836 -0.561123
v -1.642678 -0.260381 -0.590000
v -1.784360 -0.149357 -0.590000
v -1.927868 -0.036903 -0.561123
v -2.057329 0.064543 -0.477320
v -2.160071 0.145051 -0.346793
v -2.226036 0.196738 -0.182320
v -2.126212 0.350471 -0.000000
v -2.106172 0.329680 0.182320
v -2.048009 0.269347 0.346793
v -1.957417 0.175377 0.477320
v -1.843264 0.056969 0.561123
v -1.716724 -0.074287 0.590000
v -1.591793 -0.203873 0.590000
v -1.465252 -0.335128 0.561123
v -1.351098 -0.453534 0.477320
v -1.260503 -0.547502 0.346793
v -1.202337 -0.607832 0.182320
v -1.182293 -0.628619 0.000000
v -1.202333 -0.607828 -0.182320
v -1.260496 -0.547495 -0.346793
v -1.351087 -0.453525 -0.477320
v -1.465240 -0.335117 -0.561123
v -1.591781 -0.203861 -0.590000
v -1.716711 -0.074275 -0.590000
v -1.843252 0.056980 -0.561123
v -1.957407 0.175387 -0.477320
v -2.048002 0.269354 -0.346793
v -2.106168 0.329684 -0.182320
v -1.995611 0.459823 -0.000000
v -1.978655 0.436449 0.182320
v -1.929441 0.368618 0.346793
v -1.852788 0.262970 0.477320
v -1.756198 0.129847 0.561123
v -1.649126 -0.017721 0.590000
v -1.543416 -0.163411 0.590000
v -1.436344 -0.310978 0.561123
v -1.339752 -0.444100 0.477320
v -1.263095 -0.549746 0.346793
v -1.213878 -0.617573 0.182320
v -1.196917 -0.640944 0.000000
v -1.213873 -0.617570 -0.182320
v -1.263087 -0.549740 -0.346793
v -1.339741 -0.444092 -0.477320
v -1.436331 -0.310969 -0.561123
v -1.543402 -0.163401 -0.590000
v -1.649112 -0.017711 -0.590000
v -1.756184 0.129856 -0.561123
v -1.852776 0.262978 -0.477320
v -1.929433 0.368624 -0.346793
v -1.978651 0.436452 -0.182320
v -1.863667 0.542559 -0.000000
v -1.849967 0.517139 0.182320
v -1.810202 0.443371 0.346793
v -1.748266 0.328475 0.477320
v -1.670220 0.183698 0.561123
v -1.583704 0.023212 0.590000
v -1.498289 -0.135231 0.590000
v -1.411773 -0.295716 0.561123
v -1.333725 -0.440492 0.477320
v -1.271785 -0.555386 0.346793
v -1.232016 -0.629152 0.182320
v -1.218311 -0.654569 0.000000
v -1.232011 -0.629150 -0.182320
v -1.271776 -0.555381 -0.346793
v -1.333713 -0.440485 -0.477320
v -1.411759 -0.295709 -0.561123
v -1.498274 -0.135223 -0.590000
v -1.583689 0.023220 -0.590000
v -1.670205 0.183706 -0.561123
v -1.748253 0.328481 -0.477320
v -1.810193 0.443375 -0.346793
v -1.849962 0.517141 -0.182320
v -1.737361 0.600828 -0.000000
v -1.726843 0.573935 0.182320
v -1.696312 0.495891 0.346793
v -1.648757 0.374336 0.477320
v -1.588833 0.221167 0.561123
v -1.522407 0.051379 0.590000
v -1.456825 -0.116249 0.590000
v -1.390397 -0.286037 0.561123
v -1.330471 -0.439205 0.477320
v -1.282913 -0.560759 0.346793
v -1.252378 -0.638801 0.182320
v -1.241854 -0.665692 0.000000
v -1.252373 -0.638799 -0.182320
v -1.282903 -0.560755 -0.346793
v -1.330458 -0.439200 -0.477320
v -1.390382 -0.286031 -0.561123
v -1.456809 -0.116243 -0.590000
v -1.522390 0.051385 -0.590000
v -1.588818 0.221173 -0.561123
v -1.648744 0.374341 -0.477320
v -1.696302 0.495895 -0.346793
v -1.726838 0.573937 -0.182320
v -1.622431 0.638689 -0.000000
v -1.614816 0.610835 0.182320
v -1.592711 0.530000 0.346793
v -1.558279 0.404096 0.477320
v -1.514892 0.245449 0.561123
v -1.466797 0.069587 0.590000
v -1.419313 -0.104037 0.590000
v -1.371216 -0.279899 0.561123
v -1.327827 -0.438546 0.477320
v -1.293392 -0.564448 0.346793
v -1.271282 -0.645283 0.182320
v -1.263662 -0.673136 0.000000
v -1.271277 -0.645281 -0.182320
v -1.293382 -0.564446 -0.346793
v -1.327813 -0.438542 -0.477320
v -1.371200 -0.279895 -0.561123
v -1.419296 -0.104033 -0.590000
v -1.466780 0.069591 -0.590000
v -1.514876 0.245453 -0.561123
v -1.558266 0.404100 -0.477320
v -1.592701 0.530002 -0.346793
v -1.614810 0.610836 -0.182320
v -1.522686 0.661084 -0.000000
v -1.517563 0.632665 0.182320
v -1.502690 0.550192 0.346793
v -1.479523 0.421738 0.477320
v -1.450329 0.259877 0.561123
v -1.417966 0.080452 0.590000
v -1.386015 -0.096690 0.590000
v -1.353651 -0.276114 0.561123
v -1.324455 -0.437976 0.477320
v -1.301284 -0.566429 0.346793
v -1.286406 -0.648901 0.182320
v -1.281277 -0.677319 0.000000
v -1.286400 -0.648900 -0.182320
v -1.301274 -0.566428 -0.346793
v -1.324441 -0.437973 -0.477320
v -1.353635 -0.276112 -0.561123
v -1.385998 -0.096687 -0.590000
v -1.417949 0.080454 -0.590000
v -1.450312 0.259879 -0.561123
v -1.479509 0.421740 -0.477320
v -1.502680 0.550194 -0.346793
v -1.517558 0.632666 -0.182320
v -1.440175 0.672822 -0.000000
v -1.437063 0.644114 0.182320
v -1.428028 0.560799 0.346793
v -1.413953 0.431033 0.477320
v -1.396216 0.267519 0.561123
v -1.376554 0.086262 0.590000
v -1.357141 -0.092688 0.590000
v -1.337479 -0.273944 0.561123
v -1.319739 -0.437458 0.477320
v -1.305661 -0.567223 0.346793
v -1.296620 -0.650538 0.182320
v -1.293503 -0.679246 0.000000
v -1.296615 -0.650537 -0.182320
v -1.305650 -0.567223 -0.346793
v -1.319725 -0.437457 -0.477320
v -1.337462 -0.273943 -0.561123
v -1.357124 -0.092686 -0.590000
v -1.376537 0.086264 -0.590000
v -1.396200 0.267521 -0.561123
v -1.413939 0.431035 -0.477320
v -1.428017 0.560800 -0.346793
v -1.437058 0.644114 -0.182320
v -1.375757 0.677981 -0.000000
v -1.374148 0.649149 0.182320
v -1.369471 0.565476 0.346793
v -1.362185 0.435153 0.477320
v -1.353004 0.270936 0.561123
v -1.342825 0.088901 0.590000
v -1.332775 -0.090819 0.590000
v -1.322595 -0.272854 0.561123
v -1.313410 -0.437071 0.477320
v -1.306121 -0.567394 0.346793
v -1.301439 -0.651066 0.182320
v -1.299824 -0.679898 0.000000
v -1.301434 -0.651066 -0.182320
v -1.306111 -0.567394 -0.346793
v -1.313396 -0.437070 -0.477320
v -1.322578 -0.272854 -0.561123
v -1.332757 -0.090818 -0.590000
v -1.342807 0.088901 -0.590000
v -1.352987 0.270937 -0.561123
v -1.362171 0.435154 -0.477320
v -1.369461 0.565477 -0.346793
v -1.374142 0.649149 -0.182320
v -1.329577 0.679670 -0.000000
v -1.328951 0.650801 0.182320
v -1.327127 0.567017 0.346793
v -1.324284 0.436521 0.477320
v -1.320702 0.272087 0.561123
v -1.316729 0.089811 0.590000
v -1.312807 -0.090147 0.590000
v -1.308833 -0.272423 0.561123
v -1.305248 -0.436858 0.477320
v -1.302402 -0.567353 0.346793
v -1.300573 -0.651137 0.182320
v -1.299941 -0.680007 0.000000
v -1.300568 -0.651137 -0.182320
v -1.302392 -0.567353 -0.346793
v -1.305234 -0.436858 -0.477320
v -1.308817 -0.272423 -0.561123
v -1.312789 -0.090147 -0.590000
v -1.316712 0.089811 -0.590000
v -1.320685 0.272087 -0.561123
v -1.324270 0.436522 -0.477320
v -1.327117 0.567017 -0.346793
v -1.328945 0.650801 -0.182320
v -1.300767 0.679985 -0.000000
v -1.300627 0.651108 0.182320
v -1.300217 0.567306 0.346793
v -1.299575 0.436781 0.477320
v -1.298766 0.272310 0.561123
v -1.297867 0.089992 0.590000
v -1.296980 -0.090006 0.590000
v -1.296081 -0.272324 0.561123
v -1.295268 -0.436795 0.477320
v -1.294623 -0.567320 0.346793
v -1.294207 -0.651122 0.182320
v -1.294062 -0.679999 0.000000
v -1.294202 -0.651123 -0.182320
v -1.294613 -0.567320 -0.346793
v -1.295254 -0.436795 -0.477320
v -1.296064 -0.272324 -0.561123
v -1.296962 -0.090006 -0.590000
v -1.297850 0.089992 -0.590000
v -1.298749 0.272309 -0.561123
v -1.299561 0.436781 -0.477320
v -1.300207 0.567306 -0.346793
v -1.300622 0.651108 -0.182320
v -1.285376 0.680000 -0.000000
v -1.285370 0.651123 0.182320
v -1.285348 0.567320 0.346793
v -1.285312 0.436793 0.477320
v -1.285265 0.272320 0.561123
v -1.285212 0.090000 0.590000
v -1.285159 -0.090000 0.590000
v -1.285105 -0.272320 0.561123
v -1.285056 -0.436793 0.477320
v -1.285016 -0.567320 0.346793
v -1.284989 -0.651123 0.182320
v -1.284978 -0.680000 0.000000
v -1.284983 -0.651123 -0.182320
v -1.285006 -0.567320 -0.346793
v -1.285042 -0.436793 -0.477320
v -1.285089 -0.272320 -0.561123
v -1.285142 -0.090000 -0.590000
v -1.285194 0.090000 -0.590000
v -1.285248 0.272320 -0.561123
v -1.285298 0.436793 -0.477320
v -1.285338 0.567320 -0.346793
v -1.285365 0.651123 -0.182320
v -1.277236 0.680000 -0.000000
v -1.277239 0.651123 0.182320
v -1.277241 0.567320 0.346793
v -1.277243 0.436793 0.477320
v -1.277245 0.272320 0.561123
v -1.277245 0.090000 0.590000
v -1.277245 -0.090000 0.590000
v -1.277245 -0.272320 0.561123
v -1.277244 -0.436793 0.477320
v -1.277242 -0.567320 0.346793
v -1.277239 -0.651123 0.182320
v -1.277237 -0.680000 0.000000
v -1.277234 -0.651123 -0.182320
v -1.277231 -0.567320 -0.346793
v -1.277229 -0.436793 -0.477320
v -1.277228 -0.272320 -0.561123
v -1.277228 -0.090000 -0.590000
v -1.277228 0.090000 -0.590000
v -1.277228 0.272320 -0.561123
v -1.277229 0.436793 -0.477320
v -1.277231 0.567320 -0.346793
v -1.277233 0.651123 -0.182320
v -1.272722 0.680000 -0.000000
v -1.272725 0.651123 0.182320
v -1.272727 0.567320 0.346793
v -1.272729 0.436793 0.477320
v -1.272731 0.272320 0.561123
v -1.272731 0.090000 0.590000
v -1.272731 -0.090000 0.590000
v -1.272731 -0.272320 0.561123
v -1.272730 -0.436793 0.477320
v -1.272728 -0.567320 0.346793
v -1.272725 -0.651123 0.182320
v -1.272723 -0.680000 0.000000
v -1.272720 -0.651123 -0.182320
v -1.272717 -0.567320 -0.346793
v -1.272716 -0.436793 -0.477320
v -1.272714 -0.272320 -0.561123
v -1.272714 -0.090000 -0.590000
v -1.272714 0.090000 -0.590000
v -1.272714 0.272320 -0.561123
v -1.272715 0.436793 -0.477320
v -1.272717 0.567320 -0.346793
v -1.272720 0.651123 -0.182320
v -1.270815 0.680000 -0.000000
v -1.270818 0.651123 0.182320
v -1.270821 0.567320 0.346793
v -1.270823 0.436793 0.477320
v -1.270824 0.272320 0.561123
v -1.270824 0.090000 0.590000
v -1.270824 -0.090000 0.590000
v -1.270824 -0.272320 0.561123
v -1.270823 -0.436793 0.477320
v -1.270821 -0.567320 0.346793
v -1.270819 -0.651123 0.182320
v -1.270816 -0.680000 0.000000
v -1.270813 -0.651123 -0.182320
v -1.270811 -0.567320 -0.346793
v -1.270809 -0.436793 -0.477320
v -1.270808 -0.272320 -0.561123
v -1.270807 -0.090000 -0.590000
v -1.270807 0.090000 -0.590000
v -1.270807 0.272320 -0.561123
v -1.270809 0.436793 -0.477320
v -1.270810 0.567320 -0.346793
v -1.270813 0.651123 -0.182320
v -1.270755 0.680000 -0.000000
v -1.270758 0.651123 0.182320
v -1.270761 0.567320 0.346793
v -1.270763 0.436793 0.477320
v -1.270764 0.272320 0.561123
v -1.270764 0.090000 0.590000
v -1.270764 -0.090000 0.590000
v -1.270764 -0.272320 0.561123
v -1.270763 -0.436793 0.477320
v -1.270761 -0.567320 0.346793
v -1.270759 -0.651123 0.182320
v -1.270756 -0.680000 0.000000
v -1.270753 -0.651123 -0.182320
v -1.270751 -0.567320 -0.346793
v -1.270749 -0.436793 -0.477320
v -1.270747 -0.272320 -0.561123
v -1.270747 -0.090000 -0.590000
v -1.270747 0.090000 -0.590000
v -1.270747 0.272320 -0.561123
v -1.270748 0.436793 -0.477320
v -1.270750 0.567320 -0.346793
v -1.270753 0.651123 -0.182320
v -1.271839 0.680000 -0.000000
v -1.271841 0.651123 0.182320
v -1.271844 0.567320 0.346793
v -1.271846 0.436793 0.477320
v -1.271847 0.272320 0.561123
v -1.271848 0.090000 0.590000
v -1.271848 -0.090000 0.590000
v -1.271847 -0.272320 0.561123
v -1.271846 -0.436793 0.477320
v -1.271844 -0.567320 0.346793
v -1.271842 -0.651123 0.182320
v -1.271839 -0.680000 0.000000
v -1.271836 -0.651123 -0.182320
v -1.271834 -0.567320 -0.346793
v -1.271832 -0.436793 -0.477320
v -1.271831 -0.272320 -0.561123
v -1.271830 -0.090000 -0.590000
v -1.271830 0.090000 -0.590000
v -1.271830 0.272320 -0.561123
v -1.271832 0.436793 -0.477320
v -1.271834 0.567320 -0.346793
v -1.271836 0.651123 -0.182320
v -1.273421 0.680000 -0.000000
v -1.273424 0.651123 0.182320
v -1.273426 0.567320 0.346793
v -1.273428 0.436793 0.477320
v -1.273429 0.272320 0.561123
v -1.273430 0.090000 0.590000
v -1.273430 -0.090000 0.590000
v -1.273430 -0.272320 0.561123
v -1.273428 -0.436793 0.477320
v -1.273427 -0.567320 0.346793
v -1.273424 -0.651123 0.182320
v -1.273421 -0.680000 0.000000
v -1.273419 -0.651123 -0.182320
v -1.273416 -0.567320 -0.346793
v -1.273414 -0.436793 -0.477320
v -1.273413 -0.272320 -0.561123
v -1.273412 -0.090000 -0.590000
v -1.273412 0.090000 -0.590000
v -1.273413 0.272320 -0.561123
v -1.273414 0.436793 -0.477320
v -1.273416 0.567320 -0.346793
v -1.273418 0.651123 -0.182320
v -1.274916 0.680000 -0.000000
v -1.274918 0.651123 0.182320
v -1.274921 0.567320 0.346793
v -1.274923 0.436793 0.477320
v -1.274924 0.272320 0.561123
v -1.274925 0.090000 0.590000
v -1.274925 -0.090000 0.590000
v -1.274924 -0.272320 0.561123
v -1.274923 -0.436793 0.477320
v -1.274921 -0.567320 0.346793
v -1.274919 -0.651123 0.182320
v -1.274916 -0.680000 0.000000
v -1.274913 -0.651123 -0.182320
v -1.274911 -0.567320 -0.346793
v -1.274909 -0.436793 -0.477320
v -1.274908 -0.272320 -0.561123
v -1.274907 -0.090000 -0.590000
v -1.274907 0.090000 -0.590000
v -1.274907 0.272320 -0.561123
v -1.274909 0.436793 -0.477320
v -1.274910 0.567320 -0.346793
v -1.274913 0.651123 -0.182320
v -1.275795 0.680000 -0.000000
v -1.275797 0.651123 0.182320
v -1.275800 0.567320 0.346793
v -1.275802 0.436793 0.477320
v -1.275803 0.272320 0.561123
v -1.275803 0.090000 0.590000
v -1.275804 -0.090000 0.590000
v -1.275803 -0.272320 0.561123
v -1.275802 -0.436793 0.477320
v -1.275800 -0.567320 0.346793
v -1.275798 -0.651123 0.182320
v -1.275795 -0.680000 0.000000
v -1.275792 -0.651123 -0.182320
v -1.275790 -0.567320 -0.346793
v -1.275788 -0.436793 -0.477320
v -1.275787 -0.272320 -0.561123
v -1.275786 -0.090000 -0.590000
v -1.275786 0.090000 -0.590000
v -1.275786 0.272320 -0.561123
v -1.275788 0.436793 -0.477320
v -1.275789 0.567320 -0.346793
v -1.275792 0.651123 -0.182320
v -1.275588 0.680000 -0.000000
v -1.275590 0.651123 0.182320
v -1.275593 0.567320 0.346793
v -1.275595 0.436793 0.477320
v -1.275596 0.272320 0.561123
v -1.275596 0.090000 0.590000
v -1.275597 -0.090000 0.590000
v -1.275596 -0.272320 0.561123
v -1.275595 -0.436793 0.477320
v -1.275593 -0.567320 0.346793
v -1.275591 -0.651123 0.182320
v -1.275588 -0.680000 0.000000
v -1.275585 -0.651123 -0.182320
v -1.275583 -0.567320 -0.346793
v -1.275581 -0.436793 -0.477320
v -1.275580 -0.272320 -0.561123
v -1.275579 -0.090000 -0.590000
v -1.275579 0.090000 -0.590000
v -1.275579 0.272320 -0.561123
v -1.275581 0.436793 -0.477320
v -1.275582 0.567320 -0.346793
v -1.275585 0.651123 -0.182320
v -1.273883 0.680000 -0.000000
v -1.273885 0.651123 0.182320
v -1.273888 0.567320 0.346793
v -1.273890 0.436793 0.477320
v -1.273891 0.272320 0.561123
v -1.273892 0.090000 0.590000
v -1.273892 -0.090000 0.590000
v -1.273891 -0.272320 0.561123
v -1.273890 -0.436793 0.477320
v -1.273888 -0.567320 0.346793
v -1.273886 -0.651123 0.182320
v -1.273883 -0.680000 0.000000
v -1.273880 -0.651123 -0.182320
v -1.273878 -0.567320 -0.346793
v -1.273876 -0.436793 -0.477320
v -1.273875 -0.272320 -0.561123
v -1.273874 -0.090000 -0.590000
v -1.273874 0.090000 -0.590000
v -1.273875 0.272320 -0.561123
v -1.273876 0.436793 -0.477320
v -1.273878 0.567320 -0.346793
v -1.273880 0.651123 -0.182320
v -1.270327 0.680000 -0.000000
v -1.270330 0.651123 0.182320
v -1.270332 0.567320 0.346793
v -1.270334 0.436793 0.477320
v -1.270335 0.272320 0.561123
v -1.270336 0.090000 0.590000
v -1.270336 -0.090000 0.590000
v -1.270336 -0.272320 0.561123
v -1.270334 -0.436793 0.477320
v -1.270332 -0.567320 0.346793
v -1.270330 -0.651123 0.182320
v -1.270327 -0.680000 0.000000
v -1.270325 -0.651123 -0.182320
v -1.270322 -0.567320 -0.346793
v -1.270320 -0.436793 -0.477320
v -1.270319 -0.272320 -0.561123
v -1.270318 -0.090000 -0.590000
v -1.270318 0.090000 -0.590000
v -1.270319 0.272320 -0.561123
v -1.270320 0.436793 -0.477320
v -1.270322 0.567320 -0.346793
v -1.270324 0.651123 -0.182320
v -1.264624 0.680000 -0.000000
v -1.264627 0.651123 0.182320
v -1.264629 0.567320 0.346793
v -1.264631 0.436793 0.477320
v -1.264632 0.272320 0.561123
v -1.264633 0.090000 0.590000
v -1.264633 -0.090000 0.590000
v -1.264633 -0.272320 0.561123
v -1.264631 -0.436793 0.477320
v -1.264629 -0.567320 0.346793
v -1.264627 -0.651123 0.182320
v -1.264624 -0.680000 0.000000
v -1.264622 -0.651123 -0.182320
v -1.264619 -0.567320 -0.346793
v -1.264617 -0.436793 -0.477320
v -1.264616 -0.272320 -0.561123
v -1.264615 -0.090000 -0.590000
v -1.264615 0.090000 -0.590000
v -1.264616 0.272320 -0.561123
v -1.264617 0.436793 -0.477320
v -1.264619 0.567320 -0.346793
v -1.264621 0.651123 -0.182320
v -1.256537 0.680000 -0.000000
v -1.256539 0.651123 0.182320
v -1.256542 0.567320 0.346793
v -1.256544 0.436793 0.477320
v -1.256545 0.272320 0.561123
v -1.256546 0.090000 0.590000
v -1.256546 -0.090000 0.590000
v -1.256545 -0.272320 0.561123
v -1.256544 -0.436793 0.477320
v -1.256542 -0.567320 0.346793
v -1.256540 -0.651123 0.182320
v -1.256537 -0.680000 0.000000
v -1.256534 -0.651123 -0.182320
v -1.256532 -0.567320 -0.346793
v -1.256530 -0.436793 -0.477320
v -1.256529 -0.272320 -0.561123
v -1.256528 -0.090000 -0.590000
v -1.256528 0.090000 -0.590000
v -1.256528 0.272320 -0.561123
v -1.256530 0.436793 -0.477320
v -1.256532 0.567320 -0.346793
v -1.256534 0.651123 -0.182320
v -1.245886 0.680000 -0.000000
v -1.245889 0.651123 0.182320
v -1.245892 0.567320 0.346793
v -1.245893 0.436793 0.477320
v -1.245895 0.272320 0.561123
v -1.245895 0.090000 0.590000
v -1.245895 -0.090000 0.590000
v -1.245895 -0.272320 0.561123
v -1.245894 -0.436793 0.477320
v -1.245892 -0.567320 0.346793
v -1.245889 -0.651123 0.182320
v -1.245887 -0.680000 0.000000
v -1.245884 -0.651123 -0.182320
v -1.245882 -0.567320 -0.346793
v -1.245880 -0.436793 -0.477320
v -1.245878 -0.272320 -0.561123
v -1.245878 -0.090000 -0.590000
v -1.245878 0.090000 -0.590000
v -1.245878 0.272320 -0.561123
v -1.245879 0.436793 -0.477320
v -1.245881 0.567320 -0.346793
v -1.245884 0.651123 -0.182320
v -1.232552 0.680000 -0.000000
v -1.232554 0.651123 0.182320
v -1.232557 0.567320 0.346793
v -1.232559 0.436793 0.477320
v -1.232560 0.272320 0.561123
v -1.232561 0.090000 0.590000
v -1.232561 -0.090000 0.590000
v -1.232560 -0.272320 0.561123
v -1.232559 -0.436793 0.477320
v -1.232557 -0.567320 0.346793
v -1.232555 -0.651123 0.182320
v -1.232552 -0.680000 0.000000
v -1.232549 -0.651123 -0.182320
v -1.232547 -0.567320 -0.346793
v -1.232545 -0.436793 -0.477320
v -1.232544 -0.272320 -0.561123
v -1.232543 -0.090000 -0.590000
v -1.232543 0.090000 -0.590000
v -1.232543 0.272320 -0.561123
v -1.232545 0.436793 -0.477320
v -1.232546 0.567320 -0.346793
v -1.232549 0.651123 -0.182320
v -1.216470 0.680000 -0.000000
v -1.216473 0.651123 0.182320
v -1.216475 0.567320 0.346793
v -1.216477 0.436793 0.477320
v -1.216478 0.272320 0.561123
v -1.216479 0.090000 0.590000
v -1.216479 -0.090000 0.590000
v -1.216479 -0.272320 0.561123
v -1.216477 -0.436793 0.477320
v -1.216476 -0.567320 0.346793
v -1.216473 -0.651123 0.182320
v -1.216470 -0.680000 0.000000
v -1.216468 -0.651123 -0.182320
v -1.216465 -0.567320 -0.346793
v -1.216463 -0.436793 -0.477320
v -1.216462 -0.272320 -0.561123
v -1.216462 -0.090000 -0.590000
v -1.216461 0.090000 -0.590000
v -1.216462 0.272320 -0.561123
v -1.216463 0.436793 -0.477320
v -1.216465 0.567320 -0.346793
v -1.216467 0.651123 -0.182320
v -1.197637 0.680000 -0.000000
v -1.197640 0.651123 0.182320
v -1.197642 0.567320 0.346793
v -1.197644 0.436793 0.477320
v -1.197646 0.272320 0.561123
v -1.197646 0.090000 0.590000
v -1.197646 -0.090000 0.590000
v -1.197646 -0.272320 0.561123
v -1.197644 -0.436793 0.477320
v -1.197643 -0.567320 0.346793
v -1.197640 -0.651123 0.182320
v -1.197638 -0.680000 0.000000
v -1.197635 -0.651123 -0.182320
v -1.197632 -0.567320 -0.346793
v -1.197630 -0.436793 -0.477320
v -1.197629 -0.272320 -0.561123
v -1.197629 -0.090000 -0.590000
v -1.197628 0.090000 -0.590000
v -1.197629 0.272320 -0.561123
v -1.197630 0.436793 -0.477320
v -1.197632 0.567320 -0.346793
v -1.197634 0.651123 -0.182320
v -1.176106 0.680000 -0.000000
v -1.176109 0.651123 0.182320
v -1.176111 0.567320 0.346793
v -1.176113 0.436793 0.477320
v -1.176115 0.272320 0.561123
v -1.176115 0.090000 0.590000
v -1.176115 -0.090000 0.590000
v -1.176115 -0.272320 0.561123
v -1.176114 -0.436793 0.477320
v -1.176112 -0.567320 0.346793
v -1.176109 -0.651123 0.182320
v -1.176107 -0.680000 0.000000
v -1.176104 -0.651123 -0.182320
v -1.176101 -0.567320 -0.346793
v -1.176100 -0.436793 -0.477320
v -1.176098 -0.272320 -0.561123
v -1.176098 -0.090000 -0.590000
v -1.176098 0.090000 -0.590000
v -1.176098 0.272320 -0.561123
v -1.176099 0.436793 -0.477320
v -1.176101 0.567320 -0.346793
v -1.176104 0.651123 -0.182320
v -1.151981 0.680000 -0.000000
v -1.151984 0.651123 0.182320
v -1.151987 0.567320 0.346793
v -1.151989 0.436793 0.477320
v -1.151990 0.272320 0.561123
v -1.151990 0.090000 0.590000
v -1.151990 -0.090000 0.590000
v -1.151990 -0.272320 0.561123
v -1.151989 -0.436793 0.477320
v -1.151987 -0.567320 0.346793
v -1.151985 -0.651123 0.182320
v -1.151982 -0.680000 0.000000
v -1.151979 -0.651123 -0.182320
v -1.151977 -0.567320 -0.346793
v -1.151975 -0.436793 -0.477320
v -1.151973 -0.272320 -0.561123
v -1.151973 -0.090000 -0.590000
v -1.151973 0.090000 -0.590000
v -1.151973 0.272320 -0.561123
v -1.151974 0.436793 -0.477320
v -1.151976 0.567320 -0.346793
v -1.151979 0.651123 -0.182320
v -1.125382 0.680000 -0.000000
v -1.125385 0.651123 0.182320
v -1.125388 0.567320 0.346793
v -1.125389 0.436793 0.477320
v -1.125391 0.272320 0.561123
v -1.125391 0.090000 0.590000
v -1.125391 -0.090000 0.590000
v -1.125391 -0.272320 0.561123
v -1.125390 -0.436793 0.477320
v -1.125388 -0.567320 0.346793
v -1.125385 -0.651123 0.182320
v -1.125383 -0.680000 0.000000
v -1.125380 -0.651123 -0.182320
v -1.125378 -0.567320 -0.346793
v -1.125376 -0.436793 -0.477320
v -1.125374 -0.272320 -0.561123
v -1.125374 -0.090000 -0.590000
v -1.125374 0.090000 -0.590000
v -1.125374 0.272320 -0.561123
v -1.125375 0.436793 -0.477320
v -1.125377 0.567320 -0.346793
v -1.125380 0.651123 -0.182320
v -1.096427 0.680000 -0.000000
v -1.096429 0.651123 0.182320
v -1.096432 0.567320 0.346793
v -1.096434 0.436793 0.477320
v -1.096435 0.272320 0.561123
v -1.096436 0.090000 0.590000
v -1.096436 -0.090000 0.590000
v -1.096435 -0.272320 0.561123
v -1.096434 -0.436793 0.477320
v -1.096432 -0.567320 0.346793
v -1.096430 -0.651123 0.182320
v -1.096427 -0.680000 0.000000
v -1.096424 -0.651123 -0.182320
v -1.096422 -0.567320 -0.346793
v -1.096420 -0.436793 -0.477320
v -1.096419 -0.272320 -0.561123
v -1.096418 -0.090000 -0.590000
v -1.096418 0.090000 -0.590000
v -1.096418 0.272320 -0.561123
v -1.096420 0.436793 -0.477320
v -1.096421 0.567320 -0.346793
v -1.096424 0.651123 -0.182320
v -1.065231 0.680000 -0.000000
v -1.065233 0.651123 0.182320
v -1.065236 0.567320 0.346793
v -1.065238 0.436793 0.477320
v -1.065239 0.272320 0.561123
v -1.065240 0.090000 0.590000
v -1.065240 -0.090000 0.590000
v -1.065239 -0.272320 0.561123
v -1.065238 -0.436793 0.477320
v -1.065236 -0.567320 0.346793
v -1.065234 -0.651123 0.182320
v -1.065231 -0.680000 0.000000
v -1.065228 -0.651123 -0.182320
v -1.065226 -0.567320 -0.346793
v -1.065224 -0.436793 -0.477320
v -1.065223 -0.272320 -0.561123
v -1.065222 -0.090000 -0.590000
v -1.065222 0.090000 -0.590000
v -1.065222 0.272320 -0.561123
v -1.065224 0.436793 -0.477320
v -1.065225 0.567320 -0.346793
v -1.065228 0.651123 -0.182320
v -1.031909 0.680000 -0.000000
v -1.031911 0.651123 0.182320
v -1.031914 0.567320 0.346793
v -1.031916 0.436793 0.477320
v -1.031917 0.272320 0.561123
v -1.031917 0.090000 0.590000
v -1.031918 -0.090000 0.590000
v -1.031917 -0.272320 0.561123
v -1.031916 -0.436793 0.477320
v -1.031914 -0.567320 0.346793
v -1.031912 -0.651123 0.182320
v -1.031909 -0.680000 0.000000
v -1.031906 -0.651123 -0.182320
v -1.031904 -0.567320 -0.346793
v -1.031902 -0.436793 -0.477320
v -1.031901 -0.272320 -0.561123
v -1.031900 -0.090000 -0.590000
v -1.031900 0.090000 -0.590000
v -1.031900 0.272320 -0.561123
v -1.031902 0.436793 -0.477320
v -1.031903 0.567320 -0.346793
v -1.031906 0.651123 -0.182320
v -0.996572 0.680000 -0.000000
v -0.996575 0.651123 0.182320
v -0.996577 0.567320 0.346793
v -0.996579 0.436793 0.477320
v -0.996581 0.272320 0.561123
v -0.996581 0.090000 0.590000
v -0.996581 -0.090000 0.590000
v -0.996581 -0.272320 0.561123
v -0.996580 -0.436793 0.477320
v -0.996578 -0.567320 0.346793
v -0.996575 -0.651123 0.182320
v -0.996573 -0.680000 0.000000
v -0.996570 -0.651123 -0.182320
v -0.996568 -0.567320 -0.346793
v -0.996566 -0.436793 -0.477320
v -0.996564 -0.272320 -0.561123
v -0.996564 -0.090000 -0.590000
v -0.996564 0.090000 -0.590000
v -0.996564 0.272320 -0.561123
v -0.996565 0.436793 -0.477320
v -0.996567 0.567320 -0.346793
v -0.996570 0.651123 -0.182320
v -0.959332 0.680000 -0.000000
v -0.959335 0.651123 0.182320
v -0.959337 0.567320 0.346793
v -0.959339 0.436793 0.477320
v -0.959340 0.272320 0.561123
v -0.959341 0.090000 0.590000
v -0.959341 -0.090000 0.590000
v -0.959341 -0.272320 0.561123
v -0.959339 -0.436793 0.477320
v -0.959337 -0.567320 0.346793
v -0.959335 -0.651123 0.182320
v -0.959332 -0.680000 0.000000
v -0.959330 -0.651123 -0.182320
v -0.959327 -0.567320 -0.346793
v -0.959325 -0.436793 -0.477320
v -0.959324 -0.272320 -0.561123
v -0.959323 -0.090000 -0.590000
v -0.959323 0.090000 -0.590000
v -0.959324 0.272320 -0.561123
v -0.959325 0.436793 -0.477320
v -0.959327 0.567320 -0.346793
v -0.959329 0.651123 -0.182320
v -0.920296 0.680000 -0.000000
v -0.920299 0.651123 0.182320
v -0.920302 0.567320 0.346793
v -0.920304 0.436793 0.477320
v -0.920305 0.272320 0.561123
v -0.920305 0.090000 0.590000
v -0.920305 -0.090000 0.590000
v -0.920305 -0.272320 0.561123
v -0.920304 -0.436793 0.477320
v -0.920302 -0.567320 0.346793
v -0.920300 -0.651123 0.182320
v -0.920297 -0.680000 0.000000
v -0.920294 -0.651123 -0.182320
v -0.920292 -0.567320 -0.346793
v -0.920290 -0.436793 -0.477320
v -0.920289 -0.272320 -0.561123
v -0.920288 -0.090000 -0.590000
v -0.920288 0.090000 -0.590000
v -0.920288 0.272320 -0.561123
v -0.920290 0.436793 -0.477320
v -0.920291 0.567320 -0.346793
v -0.920294 0.651123 -0.182320
v -0.879571 0.680000 -0.000000
v -0.879574 0.651123 0.182320
v -0.879577 0.567320 0.346793
v -0.879579 0.436793 0.477320
v -0.879580 0.272320 0.561123
v -0.879580 0.090000 0.590000
v -0.879580 -0.090000 0.590000
v -0.879580 -0.272320 0.561123
v -0.879579 -0.436793 0.477320
v -0.879577 -0.567320 0.346793
v -0.879575 -0.651123 0.182320
v -0.879572 -0.680000 0.000000
v -0.879569 -0.651123 -0.182320
v -0.879567 -0.567320 -0.346793
v -0.879565 -0.436793 -0.477320
v -0.879563 -0.272320 -0.561123
v -0.879563 -0.090000 -0.590000
v -0.879563 0.090000 -0.590000
v -0.879563 0.272320 -0.561123
v -0.879564 0.436793 -0.477320
v -0.879566 0.567320 -0.346793
v -0.879569 0.651123 -0.182320
v -0.837262 0.680000 -0.000000
v -0.837264 0.651123 0.182320
v -0.837267 0.567320 0.346793
v -0.837269 0.436793 0.477320
v -0.837270 0.272320 0.561123
v -0.837271 0.090000 0.590000
v -0.837271 -0.090000 0.590000
v -0.837270 -0.272320 0.561123
v -0.837269 -0.436793 0.477320
v -0.837267 -0.567320 0.346793
v -0.837265 -0.651123 0.182320
v -0.837262 -0.680000 0.000000
v -0.837259 -0.651123 -0.182320
v -0.837257 -0.567320 -0.346793
v -0.837255 -0.436793 -0.477320
v -0.837254 -0.272320 -0.561123
v -0.837253 -0.090000 -0.590000
v -0.837253 0.090000 -0.590000
v -0.837253 0.272320 -0.561123
v -0.837255 0.436793 -0.477320
v -0.837257 0.567320 -0.346793
v -0.837259 0.651123 -0.182320
v -0.793470 0.680000 -0.000000
v -0.793472 0.651123 0.182320
v -0.793475 0.567320 0.346793
v -0.793477 0.436793 0.477320
v -0.793478 0.272320 0.561123
v -0.793479 0.090000 0.590000
v -0.793479 -0.090000 0.590000
v -0.793478 -0.272320 0.561123
v -0.793477 -0.436793 0.477320
v -0.793475 -0.567320 0.346793
v -0.793473 -0.651123 0.182320
v -0.793470 -0.680000 0.000000
v -0.793467 -0.651123 -0.182320
v -0.793465 -0.567320 -0.346793
v -0.793463 -0.436793 -0.477320
v -0.793462 -0.272320 -0.561123
v -0.793461 -0.090000 -0.590000
v -0.793461 0.090000 -0.590000
v -0.793461 0.272320 -0.561123
v -0.793463 0.436793 -0.477320
v -0.793465 0.567320 -0.346793
v -0.793467 0.651123 -0.182320
v -0.748296 0.680000 -0.000000
v -0.748299 0.651123 0.182320
v -0.748301 0.567320 0.346793
v -0.748303 0.436793 0.477320
v -0.748304 0.272320 0.561123
v -0.748305 0.090000 0.590000
v -0.748305 -0.090000 0.590000
v -0.748305 -0.272320 0.561123
v -0.748303 -0.436793 0.477320
v -0.748301 -0.567320 0.346793
v -0.748299 -0.651123 0.182320
v -0.748296 -0.680000 0.000000
v -0.748294 -0.651123 -0.182320
v -0.748291 -0.567320 -0.346793
v -0.748289 -0.436793 -0.477320
v -0.748288 -0.272320 -0.561123
v -0.748287 -0.090000 -0.590000
v -0.748287 0.090000 -0.590000
v -0.748288 0.272320 -0.561123
v -0.748289 0.436793 -0.477320
v -0.748291 0.567320 -0.346793
v -0.748293 0.651123 -0.182320
v -0.701839 0.680000 -0.000000
v -0.701842 0.651123 0.182320
v -0.701844 0.567320 0.346793
v -0.701846 0.436793 0.477320
v -0.701847 0.272320 0.561123
v -0.701848 0.090000 0.590000
v -0.701848 -0.090000 0.590000
v -0.701848 -0.272320 0.561123
v -0.701846 -0.436793 0.477320
v -0.701844 -0.567320 0.346793
v -0.701842 -0.651123 0.182320
v -0.701839 -0.680000 0.000000
v -0.701837 -0.651123 -0.182320
v -0.701834 -0.567320 -0.346793
v -0.701832 -0.436793 -0.477320
v -0.701831 -0.272320 -0.561123
v -0.701830 -0.090000 -0.590000
v -0.701830 0.090000 -0.590000
v -0.701831 0.272320 -0.561123
v -0.701832 0.436793 -0.477320
v -0.701834 0.567320 -0.346793
v -0.701836 0.651123 -0.182320
v -0.654195 0.680000 -0.000000
v -0.654198 0.651123 0.182320
v -0.654200 0.567320 0.346793
v -0.654202 0.436793 0.477320
v -0.654204 0.272320 0.561123
v -0.654204 0.090000 0.590000
v -0.654204 -0.090000 0.590000
v -0.654204 -0.272320 0.561123
v -0.654203 -0.436793 0.477320
v -0.654201 -0.567320 0.346793
v -0.654198 -0.651123 0.182320
v -0.654196 -0.680000 0.000000
v -0.654193 -0.651123 -0.182320
v -0.654191 -0.567320 -0.346793
v -0.654189 -0.436793 -0.477320
v -0.654187 -0.272320 -0.561123
v -0.654187 -0.090000 -0.590000
v -0.654187 0.090000 -0.590000
v -0.654187 0.272320 -0.561123
v -0.654188 0.436793 -0.477320
v -0.654190 0.567320 -0.346793
v -0.654193 0.651123 -0.182320
v -0.605460 0.680000 -0.000000
v -0.605463 0.651123 0.182320
v -0.605465 0.567320 0.346793
v -0.605467 0.436793 0.477320
v -0.605468 0.272320 0.561123
v -0.605469 0.090000 0.590000
v -0.605469 -0.090000 0.590000
v -0.605469 -0.272320 0.561123
v -0.605467 -0.436793 0.477320
v -0.605466 -0.567320 0.346793
v -0.605463 -0.651123 0.182320
v -0.605460 -0.680000 0.000000
v -0.605458 -0.651123 -0.182320
v -0.605455 -0.567320 -0.346793
v -0.605453 -0.436793 -0.477320
v -0.605452 -0.272320 -0.561123
v -0.605452 -0.090000 -0.590000
v -0.605451 0.090000 -0.590000
v -0.605452 0.272320 -0.561123
v -0.605453 0.436793 -0.477320
v -0.605455 0.567320 -0.346793
v -0.605457 0.651123 -0.182320
v -0.555726 0.680000 -0.000000
v -0.555728 0.651123 0.182320
v -0.555731 0.567320 0.346793
v -0.555733 0.436793 0.477320
v -0.555734 0.272320 0.561123
v -0.555734 0.090000 0.590000
v -0.555735 -0.090000 0.590000
v -0.555734 -0.272320 0.561123
v -0.555733 -0.436793 0.477320
v -0.555731 -0.567320 0.346793
v -0.555729 -0.651123 0.182320
v -0.555726 -0.680000 0.000000
v -0.555723 -0.651123 -0.182320
v -0.555721 -0.567320 -0.346793
v -0.555719 -0.436793 -0.477320
v -0.555718 -0.272320 -0.561123
v -0.555717 -0.090000 -0.590000
v -0.555717 0.090000 -0.590000
v -0.555717 0.272320 -0.561123
v -0.555719 0.436793 -0.477320
v -0.555720 0.567320 -0.346793
v -0.555723 0.651123 -0.182320
v -0.505083 0.680000 -0.000000
v -0.505086 0.651123 0.182320
v -0.505088 0.567320 0.346793
v -0.505090 0.436793 0.477320
v -0.505091 0.272320 0.561123
v -0.505092 0.090000 0.590000
v -0.505092 -0.090000 0.590000
v -0.505092 -0.272320 0.561123
v -0.505090 -0.436793 0.477320
v -0.505089 -0.567320 0.346793
v -0.505086 -0.651123 0.182320
v -0.505083 -0.680000 0.000000
v -0.505081 -0.651123 -0.182320
v -0.505078 -0.567320 -0.346793
v -0.505076 -0.436793 -0.477320
v -0.505075 -0.272320 -0.561123
v -0.505075 -0.090000 -0.590000
v -0.505074 0.090000 -0.590000
v -0.505075 0.272320 -0.561123
v -0.505076 0.436793 -0.477320
v -0.505078 0.567320 -0.346793
v -0.505080 0.651123 -0.182320
v -0.453621 0.680000 -0.000000
v -0.453624 0.651123 0.182320
v -0.453626 0.567320 0.346793
v -0.453628 0.436793 0.477320
v -0.453630 0.272320 0.561123
v -0.453630 0.090000 0.590000
v -0.453630 -0.090000 0.590000
v -0.453630 -0.272320 0.561123
v -0.453629 -0.436793 0.477320
v -0.453627 -0.567320 0.346793
v -0.453624 -0.651123 0.182320
v -0.453622 -0.680000 0.000000
v -0.453619 -0.651123 -0.182320
v -0.453616 -0.567320 -0.346793
v -0.453614 -0.436793 -0.477320
v -0.453613 -0.272320 -0.561123
v -0.453613 -0.090000 -0.590000
v -0.453613 0.090000 -0.590000
v -0.453613 0.272320 -0.561123
v -0.453614 0.436793 -0.477320
v -0.453616 0.567320 -0.346793
v -0.453618 0.651123 -0.182320
v -0.401426 0.680000 -0.000000
v -0.401428 0.651123 0.182320
v -0.401431 0.567320 0.346793
v -0.401433 0.436793 0.477320
v -0.401434 0.272320 0.561123
v -0.401434 0.090000 0.590000
v -0.401435 -0.090000 0.590000
v -0.401434 -0.272320 0.561123
v -0.401433 -0.436793 0.477320
v -0.401431 -0.567320 0.346793
v -0.401429 -0.651123 0.182320
v -0.401426 -0.680000 0.000000
v -0.401423 -0.651123 -0.182320
v -0.401421 -0.567320 -0.346793
v -0.401419 -0.436793 -0.477320
v -0.401418 -0.272320 -0.561123
v -0.401417 -0.090000 -0.590000
v -0.401417 0.090000 -0.590000
v -0.401417 0.272320 -0.561123
v -0.401419 0.436793 -0.477320
v -0.401420 0.567320 -0.346793
v -0.401423 0.651123 -0.182320
v -0.348575 0.680000 -0.000000
v -0.348578 0.651123 0.182320
v -0.348580 0.567320 0.346793
v -0.348582 0.436793 0.477320
v -0.348584 0.272320 0.561123
v -0.348584 0.090000 0.590000
v -0.348584 -0.090000 0.590000
v -0.348584 -0.272320 0.561123
v -0.348583 -0.436793 0.477320
v -0.348581 -0.567320 0.346793
v -0.348578 -0.651123 0.182320
v -0.348576 -0.680000 0.000000
v -0.348573 -0.651123 -0.182320
v -0.348570 -0.567320 -0.346793
v -0.348568 -0.436793 -0.477320
v -0.348567 -0.272320 -0.561123
v -0.348567 -0.090000 -0.590000
v -0.348567 0.090000 -0.590000
v -0.348567 0.272320 -0.561123
v -0.348568 0.436793 -0.477320
v -0.348570 0.567320 -0.346793
v -0.348572 0.651123 -0.182320
v -0.295141 0.680000 -0.000000
v -0.295143 0.651123 0.182320
v -0.295146 0.567320 0.346793
v -0.295148 0.436793 0.477320
v -0.295149 0.272320 0.561123
v -0.295150 0.090000 0.590000
v -0.295150 -0.090000 0.590000
v -0.295149 -0.272320 0.561123
v -0.295148 -0.436793 0.477320
v -0.295146 -0.567320 0.346793
v -0.295144 -0.651123 0.182320
v -0.295141 -0.680000 0.000000
v -0.295138 -0.651123 -0.182320
v -0.295136 -0.567320 -0.346793
v -0.295134 -0.436793 -0.477320
v -0.295133 -0.272320 -0.561123
v -0.295132 -0.090000 -0.590000
v -0.295132 0.090000 -0.590000
v -0.295132 0.272320 -0.561123
v -0.295134 0.436793 -0.477320
v -0.295136 0.567320 -0.346793
v -0.295138 0.651123 -0.182320
v -0.241184 0.680000 -0.000000
v -0.241187 0.651123 0.182320
v -0.241189 0.567320 0.346793
v -0.241191 0.436793 0.477320
v -0.241193 0.272320 0.561123
v -0.241193 0.090000 0.590000
v -0.241193 -0.090000 0.590000
v -0.241193 -0.272320 0.561123
v -0.241192 -0.436793 0.477320
v -0.241190 -0.567320 0.346793
v -0.241187 -0.651123 0.182320
v -0.241185 -0.680000 0.000000
v -0.241182 -0.651123 -0.182320
v -0.241180 -0.567320 -0.346793
v -0.241178 -0.436793 -0.477320
v -0.241176 -0.272320 -0.561123
v -0.241176 -0.090000 -0.590000
v -0.241176 0.090000 -0.590000
v -0.241176 0.272320 -0.561123
v -0.241177 0.436793 -0.477320
v -0.241179 0.567320 -0.346793
v -0.241182 0.651123 -0.182320
v -0.186760 0.680000 -0.000000
v -0.186763 0.651123 0.182320
v -0.186766 0.567320 0.346793
v -0.186768 0.436793 0.477320
v -0.186769 0.272320 0.561123
v -0.186769 0.090000 0.590000
v -0.186769 -0.090000 0.590000
v -0.186769 -0.272320 0.561123
v -0.186768 -0.436793 0.477320
v -0.186766 -0.567320 0.346793
v -0.186764 -0.651123 0.182320
v -0.186761 -0.680000 0.000000
v -0.186758 -0.651123 -0.182320
v -0.186756 -0.567320 -0.346793
v -0.186754 -0.436793 -0.477320
v -0.186752 -0.272320 -0.561123
v -0.186752 -0.090000 -0.590000
v -0.186752 0.090000 -0.590000
v -0.186752 0.272320 -0.561123
v -0.186753 0.436793 -0.477320
v -0.186755 0.567320 -0.346793
v -0.186758 0.651123 -0.182320
v -0.131915 0.680000 -0.000000
v -0.131918 0.651123 0.182320
v -0.131920 0.567320 0.346793
v -0.131922 0.436793 0.477320
v -0.131924 0.272320 0.561123
v -0.131924 0.090000 0.590000
v -0.131924 -0.090000 0.590000
v -0.131924 -0.272320 0.561123
v -0.131923 -0.436793 0.477320
v -0.131921 -0.567320 0.346793
v -0.131918 -0.651123 0.182320
v -0.131916 -0.680000 0.000000
v -0.131913 -0.651123 -0.182320
v -0.131910 -0.567320 -0.346793
v -0.131909 -0.436793 -0.477320
v -0.131907 -0.272320 -0.561123
v -0.131907 -0.090000 -0.590000
v -0.131907 0.090000 -0.590000
v -0.131907 0.272320 -0.561123
v -0.131908 0.436793 -0.477320
v -0.131910 0.567320 -0.346793
v -0.131913 0.651123 -0.182320
v -0.076686 0.680000 -0.000000
v -0.076689 0.651123 0.182320
v -0.076692 0.567320 0.346793
v -0.076694 0.436793 0.477320
v -0.076695 0.272320 0.561123
v -0.076695 0.090000 0.590000
v -0.076695 -0.090000 0.590000
v -0.076695 -0.272320 0.561123
v -0.076694 -0.436793 0.477320
v -0.076692 -0.567320 0.346793
v -0.076690 -0.651123 0.182320
v -0.076687 -0.680000 0.000000
v -0.076684 -0.651123 -0.182320
v -0.076682 -0.567320 -0.346793
v -0.076680 -0.436793 -0.477320
v -0.076678 -0.272320 -0.561123
v -0.076678 -0.090000 -0.590000
v -0.076678 0.090000 -0.590000
v -0.076678 0.272320 -0.561123
v -0.076679 0.436793 -0.477320
v -0.076681 0.567320 -0.346793
v -0.076684 0.651123 -0.182320
v -0.021104 0.680000 -0.000000
v -0.021107 0.651123 0.182320
v -0.021109 0.567320 0.346793
v -0.021111 0.436793 0.477320
v -0.021112 0.272320 0.561123
v -0.021113 0.090000 0.590000
v -0.021113 -0.090000 0.590000
v -0.021113 -0.272320 0.561123
v -0.021111 -0.436793 0.477320
v -0.021110 -0.567320 0.346793
v -0.021107 -0.651123 0.182320
v -0.021105 -0.680000 0.000000
v -0.021102 -0.651123 -0.182320
v -0.021099 -0.567320 -0.346793
v -0.021097 -0.436793 -0.477320
v -0.021096 -0.272320 -0.561123
v -0.021096 -0.090000 -0.590000
v -0.021096 0.090000 -0.590000
v -0.021096 0.272320 -0.561123
v -0.021097 0.436793 -0.477320
v -0.021099 0.567320 -0.346793
v -0.021101 0.651123 -0.182320
v 0.034811 0.680000 -0.000000
v 0.034808 0.651123 0.182320
v 0.034805 0.567320 0.346793
v 0.034803 0.436793 0.477320
v 0.034802 0.272320 0.561123
v 0.034802 0.090000 0.590000
v 0.034802 -0.090000 0.590000
v 0.034802 -0.272320 0.561123
v 0.034803 -0.436793 0.477320
v 0.034805 -0.567320 0.346793
v 0.034807 -0.651123 0.182320
v 0.034810 -0.680000 0.000000
v 0.034813 -0.651123 -0.182320
v 0.034815 -0.567320 -0.346793
v 0.034817 -0.436793 -0.477320
v 0.034819 -0.272320 -0.561123
v 0.034819 -0.090000 -0.590000
v 0.034819 0.090000 -0.590000
v 0.034819 0.272320 -0.561123
v 0.034818 0.436793 -0.477320
v 0.034816 0.567320 -0.346793
v 0.034813 0.651123 -0.182320
v 0.091044 0.680000 -0.000000
v 0.091041 0.651123 0.182320
v 0.091039 0.567320 0.346793
v 0.091037 0.436793 0.477320
v 0.091035 0.272320 0.561123
v 0.091035 0.090000 0.590000
v 0.091035 -0.090000 0.590000
v 0.091035 -0.272320 0.561123
v 0.091036 -0.436793 0.477320
v 0.091038 -0.567320 0.346793
v 0.091041 -0.651123 0.182320
v 0.091043 -0.680000 0.000000
v 0.091046 -0.651123 -0.182320
v 0.091049 -0.567320 -0.346793
v 0.091050 -0.436793 -0.477320
v 0.091052 -0.272320 -0.561123
v 0.091052 -0.090000 -0.590000
v 0.091052 0.090000 -0.590000
v 0.091052 0.272320 -0.561123
v 0.091051 0.436793 -0.477320
v 0.091049 0.567320 -0.346793
v 0.091046 0.651123 -0.182320
v 0.147591 0.680000 -0.000000
v 0.147588 0.651123 0.182320
v 0.147585 0.567320 0.346793
v 0.147583 0.436793 0.477320
v 0.147582 0.272320 0.561123
v 0.147582 0.090000 0.590000
v 0.147582 -0.090000 0.590000
v 0.147582 -0.272320 0.561123
v 0.147583 -0.436793 0.477320
v 0.147585 -0.567320 0.346793
v 0.147587 -0.651123 0.182320
v 0.147590 -0.680000 0.000000
v 0.147593 -0.651123 -0.182320
v 0.147595 -0.567320 -0.346793
v 0.147597 -0.436793 -0.477320
v 0.147599 -0.272320 -0.561123
v 0.147599 -0.090000 -0.590000
v 0.147599 0.090000 -0.590000
v 0.147599 0.272320 -0.561123
v 0.147598 0.436793 -0.477320
v 0.147596 0.567320 -0.346793
v 0.147593 0.651123 -0.182320
v 0.204454 0.680000 -0.000000
v 0.204451 0.651123 0.182320
v 0.204449 0.567320 0.346793
v 0.204447 0.436793 0.477320
v 0.204445 0.272320 0.561123
v 0.204445 0.090000 0.590000
v 0.204445 -0.090000 0.590000
v 0.204445 -0.272320 0.561123
v 0.204446 -0.436793 0.477320
v 0.204448 -0.567320 0.346793
v 0.204451 -0.651123 0.182320
v 0.204453 -0.680000 0.000000
v 0.204456 -0.651123 -0.182320
v 0.204459 -0.567320 -0.346793
v 0.204460 -0.436793 -0.477320
v 0.204462 -0.272320 -0.561123
v 0.204462 -0.090000 -0.590000
v 0.204462 0.090000 -0.590000
v 0.204462 0.272320 -0.561123
v 0.204461 0.436793 -0.477320
v 0.204459 0.567320 -0.346793
v 0.204456 0.651123 -0.182320
v 0.261644 0.680000 -0.000000
v 0.261642 0.651123 0.182320
v 0.261639 0.567320 0.346793
v 0.261637 0.436793 0.477320
v 0.261636 0.272320 0.561123
v 0.261636 0.090000 0.590000
v 0.261635 -0.090000 0.590000
v 0.261636 -0.272320 0.561123
v 0.261637 -0.436793 0.477320
v 0.261639 -0.567320 0.346793
v 0.261641 -0.651123 0.182320
v 0.261644 -0.680000 0.000000
v 0.261647 -0.651123 -0.182320
v 0.261649 -0.567320 -0.346793
v 0.261651 -0.436793 -0.477320
v 0.261652 -0.272320 -0.561123
v 0.261653 -0.090000 -0.590000
v 0.261653 0.090000 -0.590000
v 0.261653 0.272320 -0.561123
v 0.261651 0.436793 -0.477320
v 0.261650 0.567320 -0.346793
v 0.261647 0.651123 -0.182320
v 0.319182 0.680000 -0.000000
v 0.319179 0.651123 0.182320
v 0.319177 0.567320 0.346793
v 0.319175 0.436793 0.477320
v 0.319173 0.272320 0.561123
v 0.319173 0.090000 0.590000
v 0.319173 -0.090000 0.590000
v 0.319173 -0.272320 0.561123
v 0.319174 -0.436793 0.477320
v 0.319176 -0.567320 0.346793
v 0.319179 -0.651123 0.182320
v 0.319181 -0.680000 0.000000
v 0.319184 -0.651123 -0.182320
v 0.319187 -0.567320 -0.346793
v 0.319189 -0.436793 -0.477320
v 0.319190 -0.272320 -0.561123
v 0.319190 -0.090000 -0.590000
v 0.319190 0.090000 -0.590000
v 0.319190 0.272320 -0.561123
v 0.319189 0.436793 -0.477320
v 0.319187 0.567320 -0.346793
v 0.319185 0.651123 -0.182320
v 0.377094 0.680000 -0.000000
v 0.377091 0.651123 0.182320
v 0.377088 0.567320 0.346793
v 0.377087 0.436793 0.477320
v 0.377085 0.272320 0.561123
v 0.377085 0.090000 0.590000
v 0.377085 -0.090000 0.590000
v 0.377085 -0.272320 0.561123
v 0.377086 -0.436793 0.477320
v 0.377088 -0.567320 0.346793
v 0.377091 -0.651123 0.182320
v 0.377093 -0.680000 0.000000
v 0.377096 -0.651123 -0.182320
v 0.377098 -0.567320 -0.346793
v 0.377100 -0.436793 -0.477320
v 0.377102 -0.272320 -0.561123
v 0.377102 -0.090000 -0.590000
v 0.377102 0.090000 -0.590000
v 0.377102 0.272320 -0.561123
v 0.377101 0.436793 -0.477320
v 0.377099 0.567320 -0.346793
v 0.377096 0.651123 -0.182320
v 0.435415 0.680000 -0.000000
v 0.435412 0.651123 0.182320
v 0.435410 0.567320 0.346793
v 0.435408 0.436793 0.477320
v 0.435407 0.272320 0.561123
v 0.435406 0.090000 0.590000
v 0.435406 -0.090000 0.590000
v 0.435407 -0.272320 0.561123
v 0.435408 -0.436793 0.477320
v 0.435410 -0.567320 0.346793
v 0.435412 -0.651123 0.182320
v 0.435415 -0.680000 0.000000
v 0.435417 -0.651123 -0.182320
v 0.435420 -0.567320 -0.346793
v 0.435422 -0.436793 -0.477320
v 0.435423 -0.272320 -0.561123
v 0.435424 -0.090000 -0.590000
v 0.435424 0.090000 -0.590000
v 0.435423 0.272320 -0.561123
v 0.435422 0.436793 -0.477320
v 0.435420 0.567320 -0.346793
v 0.435418 0.651123 -0.182320
v 0.494190 0.680000 -0.000000
v 0.494188 0.651123 0.182320
v 0.494185 0.567320 0.346793
v 0.494183 0.436793 0.477320
v 0.494182 0.272320 0.561123
v 0.494182 0.090000 0.590000
v 0.494181 -0.090000 0.590000
v 0.494182 -0.272320 0.561123
v 0.494183 -0.436793 0.477320
v 0.494185 -0.567320 0.346793
v 0.494187 -0.651123 0.182320
v 0.494190 -0.680000 0.000000
v 0.494193 -0.651123 -0.182320
v 0.494195 -0.567320 -0.346793
v 0.494197 -0.436793 -0.477320
v 0.494198 -0.272320 -0.561123
v 0.494199 -0.090000 -0.590000
v 0.494199 0.090000 -0.590000
v 0.494199 0.272320 -0.561123
v 0.494197 0.436793 -0.477320
v 0.494196 0.567320 -0.346793
v 0.494193 0.651123 -0.182320
v 0.553471 0.680000 -0.000000
v 0.553468 0.651123 0.182320
v 0.553466 0.567320 0.346793
v 0.553464 0.436793 0.477320
v 0.553462 0.272320 0.561123
v 0.553462 0.090000 0.590000
v 0.553462 -0.090000 0.590000
v 0.553462 -0.272320 0.561123
v 0.553463 -0.436793 0.477320
v 0.553465 -0.567320 0.346793
v 0.553468 -0.651123 0.182320
v 0.553470 -0.680000 0.000000
v 0.553473 -0.651123 -0.182320
v 0.553476 -0.567320 -0.346793
v 0.553478 -0.436793 -0.477320
v 0.553479 -0.272320 -0.561123
v 0.553479 -0.090000 -0.590000
v 0.553479 0.090000 -0.590000
v 0.553479 0.272320 -0.561123
v 0.553478 0.436793 -0.477320
v 0.553476 0.567320 -0.346793
v 0.553474 0.651123 -0.182320
v 0.613312 0.680000 -0.000000
v 0.613309 0.651123 0.182320
v 0.613306 0.567320 0.346793
v 0.613304 0.436793 0.477320
v 0.613303 0.272320 0.561123
v 0.613303 0.090000 0.590000
v 0.613303 -0.090000 0.590000
v 0.613303 -0.272320 0.561123
v 0.613304 -0.436793 0.477320
v 0.613306 -0.567320 0.346793
v 0.613308 -0.651123 0.182320
v 0.613311 -0.680000 0.000000
v 0.613314 -0.651123 -0.182320
v 0.613316 -0.567320 -0.346793
v 0.613318 -0.436793 -0.477320
v 0.613320 -0.272320 -0.561123
v 0.613320 -0.090000 -0.590000
v 0.613320 0.090000 -0.590000
v 0.613320 0.272320 -0.561123
v 0.613319 0.436793 -0.477320
v 0.613317 0.567320 -0.346793
v 0.613314 0.651123 -0.182320
v 0.673760 0.680000 -0.000000
v 0.673757 0.651123 0.182320
v 0.673754 0.567320 0.346793
v 0.673752 0.436793 0.477320
v 0.673751 0.272320 0.561123
v 0.673751 0.090000 0.590000
v 0.673751 -0.090000 0.590000
v 0.673751 -0.272320 0.561123
v 0.673752 -0.436793 0.477320
v 0.673754 -0.567320 0.346793
v 0.673756 -0.651123 0.182320
v 0.673759 -0.680000 0.000000
v 0.673762 -0.651123 -0.182320
v 0.673764 -0.567320 -0.346793
v 0.673766 -0.436793 -0.477320
v 0.673768 -0.272320 -0.561123
v 0.673768 -0.090000 -0.590000
v 0.673768 0.090000 -0.590000
v 0.673768 0.272320 -0.561123
v 0.673766 0.436793 -0.477320
v 0.673765 0.567320 -0.346793
v 0.673762 0.651123 -0.182320
v 0.734852 0.680000 -0.000000
v 0.734850 0.651123 0.182320
v 0.734847 0.567320 0.346793
v 0.734845 0.436793 0.477320
v 0.734844 0.272320 0.561123
v 0.734843 0.090000 0.590000
v 0.734843 -0.090000 0.590000
v 0.734844 -0.272320 0.561123
v 0.734845 -0.436793 0.477320
v 0.734847 -0.567320 0.346793
v 0.734849 -0.651123 0.182320
v 0.734852 -0.680000 0.000000
v 0.734855 -0.651123 -0.182320
v 0.734857 -0.567320 -0.346793
v 0.734859 -0.436793 -0.477320
v 0.734860 -0.272320 -0.561123
v 0.734861 -0.090000 -0.590000
v 0.734861 0.090000 -0.590000
v 0.734861 0.272320 -0.561123
v 0.734859 0.436793 -0.477320
v 0.734857 0.567320 -0.346793
v 0.734855 0.651123 -0.182320
v 0.796617 0.680000 -0.000000
v 0.796614 0.651123 0.182320
v 0.796612 0.567320 0.346793
v 0.796610 0.436793 0.477320
v 0.796609 0.272320 0.561123
v 0.796608 0.090000 0.590000
v 0.796608 -0.090000 0.590000
v 0.796608 -0.272320 0.561123
v 0.796610 -0.436793 0.477320
v 0.796612 -0.567320 0.346793
v 0.796614 -0.651123 0.182320
v 0.796617 -0.680000 0.000000
v 0.796619 -0.651123 -0.182320
v 0.796622 -0.567320 -0.346793
v 0.796624 -0.436793 -0.477320
v 0.796625 -0.272320 -0.561123
v 0.796626 -0.090000 -0.590000
v 0.796626 0.090000 -0.590000
v 0.796625 0.272320 -0.561123
v 0.796624 0.436793 -0.477320
v 0.796622 0.567320 -0.346793
v 0.796620 0.651123 -0.182320
v 0.859071 0.680000 -0.000000
v 0.859069 0.651123 0.182320
v 0.859066 0.567320 0.346793
v 0.859064 0.436793 0.477320
v 0.859063 0.272320 0.561123
v 0.859062 0.090000 0.590000
v 0.859062 -0.090000 0.590000
v 0.859063 -0.272320 0.561123
v 0.859064 -0.436793 0.477320
v 0.859066 -0.567320 0.346793
v 0.859068 -0.651123 0.182320
v 0.859071 -0.680000 0.000000
v 0.859074 -0.651123 -0.182320
v 0.859076 -0.567320 -0.346793
v 0.859078 -0.436793 -0.477320
v 0.859079 -0.272320 -0.561123
v 0.859080 -0.090000 -0.590000
v 0.859080 0.090000 -0.590000
v 0.859080 0.272320 -0.561123
v 0.859078 0.436793 -0.477320
v 0.859076 0.567320 -0.346793
v 0.859074 0.651123 -0.182320
v 0.922223 0.680000 -0.000000
v 0.922220 0.651123 0.182320
v 0.922218 0.567320 0.346793
v 0.922216 0.436793 0.477320
v 0.922214 0.272320 0.561123
v 0.922214 0.090000 0.590000
v 0.922214 -0.090000 0.590000
v 0.922214 -0.272320 0.561123
v 0.922215 -0.436793 0.477320
v 0.922217 -0.567320 0.346793
v 0.922220 -0.651123 0.182320
v 0.922222 -0.680000 0.000000
v 0.922225 -0.651123 -0.182320
v 0.922228 -0.567320 -0.346793
v 0.922229 -0.436793 -0.477320
v 0.922231 -0.272320 -0.561123
v 0.922231 -0.090000 -0.590000
v 0.922231 0.090000 -0.590000
v 0.922231 0.272320 -0.561123
v 0.922230 0.436793 -0.477320
v 0.922228 0.567320 -0.346793
v 0.922225 0.651123 -0.182320
v 0.986069 0.680000 -0.000000
v 0.986066 0.651123 0.182320
v 0.986064 0.567320 0.346793
v 0.986062 0.436793 0.477320
v 0.986060 0.272320 0.561123
v 0.986060 0.090000 0.590000
v 0.986060 -0.090000 0.590000
v 0.986060 -0.272320 0.561123
v 0.986061 -0.436793 0.477320
v 0.986063 -0.567320 0.346793
v 0.986066 -0.651123 0.182320
v 0.986068 -0.680000 0.000000
v 0.986071 -0.651123 -0.182320
v 0.986073 -0.567320 -0.346793
v 0.986075 -0.436793 -0.477320
v 0.986077 -0.272320 -0.561123
v 0.986077 -0.090000 -0.590000
v 0.986077 0.090000 -0.590000
v 0.986077 0.272320 -0.561123
v 0.986076 0.436793 -0.477320
v 0.986074 0.567320 -0.346793
v 0.986071 0.651123 -0.182320
v 1.050597 0.680000 -0.000000
v 1.050594 0.651123 0.182320
v 1.050592 0.567320 0.346793
v 1.050590 0.436793 0.477320
v 1.050589 0.272320 0.561123
v 1.050588 0.090000 0.590000
v 1.050588 -0.090000 0.590000
v 1.050588 -0.272320 0.561123
v 1.050590 -0.436793 0.477320
v 1.050591 -0.567320 0.346793
v 1.050594 -0.651123 0.182320
v 1.050597 -0.680000 0.000000
v 1.050599 -0.651123 -0.182320
v 1.050602 -0.567320 -0.346793
v 1.050604 -0.436793 -0.477320
v 1.050605 -0.272320 -0.561123
v 1.050606 -0.090000 -0.590000
v 1.050606 0.090000 -0.590000
v 1.050605 0.272320 -0.561123
v 1.050604 0.436793 -0.477320
v 1.050602 0.567320 -0.346793
v 1.050600 0.651123 -0.182320
v 1.115785 0.680000 -0.000000
v 1.115783 0.651123 0.182320
v 1.115780 0.567320 0.346793
v 1.115778 0.436793 0.477320
v 1.115777 0.272320 0.561123
v 1.115777 0.090000 0.590000
v 1.115777 -0.090000 0.590000
v 1.115777 -0.272320 0.561123
v 1.115778 -0.436793 0.477320
v 1.115780 -0.567320 0.346793
v 1.115782 -0.651123 0.182320
v 1.115785 -0.680000 0.000000
v 1.115788 -0.651123 -0.182320
v 1.115790 -0.567320 -0.346793
v 1.115792 -0.436793 -0.477320
v 1.115793 -0.272320 -0.561123
v 1.115794 -0.090000 -0.590000
v 1.115794 0.090000 -0.590000
v 1.115794 0.272320 -0.561123
v 1.115793 0.436793 -0.477320
v 1.115791 0.567320 -0.346793
v 1.115788 0.651123 -0.182320
v 1.181602 0.680000 -0.000000
v 1.181599 0.651123 0.182320
v 1.181597 0.567320 0.346793
v 1.181595 0.436793 0.477320
v 1.181593 0.272320 0.561123
v 1.181593 0.090000 0.590000
v 1.181593 -0.090000 0.590000
v 1.181593 -0.272320 0.561123
v 1.181594 -0.436793 0.477320
v 1.181596 -0.567320 0.346793
v 1.181599 -0.651123 0.182320
v 1.181601 -0.680000 0.000000
v 1.181604 -0.651123 -0.182320
v 1.181607 -0.567320 -0.346793
v 1.181609 -0.436793 -0.477320
v 1.181610 -0.272320 -0.561123
v 1.181610 -0.090000 -0.590000
v 1.181610 0.090000 -0.590000
v 1.181610 0.272320 -0.561123
v 1.181609 0.436793 -0.477320
v 1.181607 0.567320 -0.346793
v 1.181605 0.651123 -0.182320
v 1.248004 0.680000 -0.000000
v 1.248001 0.651123 0.182320
v 1.247999 0.567320 0.346793
v 1.247997 0.436793 0.477320
v 1.247996 0.272320 0.561123
v 1.247995 0.090000 0.590000
v 1.247995 -0.090000 0.590000
v 1.247995 -0.272320 0.561123
v 1.247997 -0.436793 0.477320
v 1.247998 -0.567320 0.346793
v 1.248001 -0.651123 0.182320
v 1.248004 -0.680000 0.000000
v 1.248006 -0.651123 -0.182320
v 1.248009 -0.567320 -0.346793
v 1.248011 -0.436793 -0.477320
v 1.248012 -0.272320 -0.561123
v 1.248013 -0.090000 -0.590000
v 1.248013 0.090000 -0.590000
v 1.248012 0.272320 -0.561123
v 1.248011 0.436793 -0.477320
v 1.248009 0.567320 -0.346793
v 1.248007 0.651123 -0.182320
v 1.314940 0.680000 -0.000000
v 1.314937 0.651123 0.182320
v 1.314935 0.567320 0.346793
v 1.314933 0.436793 0.477320
v 1.314932 0.272320 0.561123
v 1.314931 0.090000 0.590000
v 1.314931 -0.090000 0.590000
v 1.314932 -0.272320 0.561123
v 1.314933 -0.436793 0.477320
v 1.314935 -0.567320 0.346793
v 1.314937 -0.651123 0.182320
v 1.314940 -0.680000 0.000000
v 1.314942 -0.651123 -0.182320
v 1.314945 -0.567320 -0.346793
v 1.314947 -0.436793 -0.477320
v 1.314948 -0.272320 -0.561123
v 1.314949 -0.090000 -0.590000
v 1.314949 0.090000 -0.590000
v 1.314948 0.272320 -0.561123
v 1.314947 0.436793 -0.477320
v 1.314945 0.567320 -0.346793
v 1.314943 0.651123 -0.182320
v 1.382348 0.680000 -0.000000
v 1.382346 0.651123 0.182320
v 1.382343 0.567320 0.346793
v 1.382341 0.436793 0.477320
v 1.382340 0.272320 0.561123
v 1.382339 0.090000 0.590000
v 1.382339 -0.090000 0.590000
v 1.382340 -0.272320 0.561123
v 1.382341 -0.436793 0.477320
v 1.382343 -0.567320 0.346793
v 1.382345 -0.651123 0.182320
v 1.382348 -0.680000 0.000000
v 1.382351 -0.651123 -0.182320
v 1.382353 -0.567320 -0.346793
v 1.382355 -0.436793 -0.477320
v 1.382356 -0.272320 -0.561123
v 1.382357 -0.090000 -0.590000
v 1.382357 0.090000 -0.590000
v 1.382357 0.272320 -0.561123
v 1.382355 0.436793 -0.477320
v 1.382353 0.567320 -0.346793
v 1.382351 0.651123 -0.182320
v 1.450157 0.680000 -0.000000
v 1.450154 0.651123 0.182320
v 1.450151 0.567320 0.346793
v 1.450149 0.436793 0.477320
v 1.450148 0.272320 0.561123
v 1.450148 0.090000 0.590000
v 1.450148 -0.090000 0.590000
v 1.450148 -0.272320 0.561123
v 1.450149 -0.436793 0.477320
v 1.450151 -0.567320 0.346793
v 1.450153 -0.651123 0.182320
v 1.450156 -0.680000 0.000000
v 1.450159 -0.651123 -0.182320
v 1.450161 -0.567320 -0.346793
v 1.450163 -0.436793 -0.477320
v 1.450165 -0.272320 -0.561123
v 1.450165 -0.090000 -0.590000
v 1.450165 0.090000 -0.590000
v 1.450165 0.272320 -0.561123
v 1.450164 0.436793 -0.477320
v 1.450162 0.567320 -0.346793
v 1.450159 0.651123 -0.182320
v 1.518283 0.680000 -0.000000
v 1.518281 0.651123 0.182320
v 1.518278 0.567320 0.346793
v 1.518276 0.436793 0.477320
v 1.518275 0.272320 0.561123
v 1.518274 0.090000 0.590000
v 1.518274 -0.090000 0.590000
v 1.518275 -0.272320 0.561123
v 1.518276 -0.436793 0.477320
v 1.518278 -0.567320 0.346793
v 1.518280 -0.651123 0.182320
v 1.518283 -0.680000 0.000000
v 1.518286 -0.651123 -0.182320
v 1.518288 -0.567320 -0.346793
v 1.518290 -0.436793 -0.477320
v 1.518291 -0.272320 -0.561123
v 1.518292 -0.090000 -0.590000
v 1.518292 0.090000 -0.590000
v 1.518291 0.272320 -0.561123
v 1.518290 0.436793 -0.477320
v 1.518288 0.567320 -0.346793
v 1.518286 0.651123 -0.182320
v 1.586637 0.680000 -0.000000
v 1.586634 0.651123 0.182320
v 1.586632 0.567320 0.346793
v 1.586630 0.436793 0.477320
v 1.586628 0.272320 0.561123
v 1.586628 0.090000 0.590000
v 1.586628 -0.090000 0.590000
v 1.586628 -0.272320 0.561123
v 1.586629 -0.436793 0.477320
v 1.586631 -0.567320 0.346793
v 1.586634 -0.651123 0.182320
v 1.586636 -0.680000 0.000000
v 1.586639 -0.651123 -0.182320
v 1.586642 -0.567320 -0.346793
v 1.586643 -0.436793 -0.477320
v 1.586645 -0.272320 -0.561123
v 1.586645 -0.090000 -0.590000
v 1.586645 0.090000 -0.590000
v 1.586645 0.272320 -0.561123
v 1.586644 0.436793 -0.477320
v 1.586642 0.567320 -0.346793
v 1.586639 0.651123 -0.182320
v 1.655151 0.680000 -0.000000
v 1.655146 0.651123 0.182320
v 1.655139 0.567320 0.346793
v 1.655131 0.436793 0.477320
v 1.655121 0.272320 0.561123
v 1.655111 0.090000 0.590000
v 1.655102 -0.090000 0.590000
v 1.655093 -0.272320 0.561123
v 1.655085 -0.436793 0.477320
v 1.655080 -0.567320 0.346793
v 1.655079 -0.651123 0.182320
v 1.655080 -0.680000 0.000000
v 1.655084 -0.651123 -0.182320
v 1.655091 -0.567320 -0.346793
v 1.655100 -0.436793 -0.477320
v 1.655109 -0.272320 -0.561123
v 1.655119 -0.090000 -0.590000
v 1.655129 0.090000 -0.590000
v 1.655138 0.272320 -0.561123
v 1.655145 0.436793 -0.477320
v 1.655150 0.567320 -0.346793
v 1.655152 0.651123 -0.182320
v 1.724432 0.679992 -0.000000
v 1.724394 0.651116 0.182320
v 1.724290 0.567313 0.346793
v 1.724130 0.436786 0.477320
v 1.723929 0.272313 0.561123
v 1.723707 0.089993 0.590000
v 1.723489 -0.090007 0.590000
v 1.723268 -0.272327 0.561123
v 1.723069 -0.436800 0.477320
v 1.722913 -0.567327 0.346793
v 1.722814 -0.651130 0.182320
v 1.722781 -0.680007 0.000000
v 1.722819 -0.651130 -0.182320
v 1.722923 -0.567327 -0.346793
v 1.723083 -0.436800 -0.477320
v 1.723284 -0.272327 -0.561123
v 1.723506 -0.090007 -0.590000
v 1.723725 0.089993 -0.590000
v 1.723945 0.272313 -0.561123
v 1.724144 0.436786 -0.477320
v 1.724300 0.567312 -0.346793
v 1.724400 0.651116 -0.182320
v 1.796665 0.679818 -0.000000
v 1.796463 0.650942 0.182320
v 1.795883 0.567141 0.346793
v 1.794981 0.436617 0.477320
v 1.793845 0.272148 0.561123
v 1.792587 0.089832 0.590000
v 1.791346 -0.090164 0.590000
v 1.790089 -0.272479 0.561123
v 1.788956 -0.436949 0.477320
v 1.788058 -0.567472 0.346793
v 1.787482 -0.651274 0.182320
v 1.787286 -0.680150 0.000000
v 1.787488 -0.651274 -0.182320
v 1.788068 -0.567473 -0.346793
v 1.788970 -0.436949 -0.477320
v 1.790106 -0.272480 -0.561123
v 1.791364 -0.090164 -0.590000
v 1.792605 0.089832 -0.590000
v 1.793862 0.272147 -0.561123
v 1.794995 0.436617 -0.477320
v 1.795893 0.567140 -0.346793
v 1.796469 0.650942 -0.182320
v 1.875139 0.678886 -0.000000
v 1.874495 0.650016 0.182320
v 1.872632 0.566234 0.346793
v 1.869733 0.435739 0.477320
v 1.866080 0.271307 0.561123
v 1.862032 0.089031 0.590000
v 1.858036 -0.090924 0.590000
v 1.853989 -0.273199 0.561123
v 1.850339 -0.437632 0.477320
v 1.847444 -0.568127 0.346793
v 1.845586 -0.651909 0.182320
v 1.844947 -0.680779 0.000000
v 1.845591 -0.651910 -0.182320
v 1.847454 -0.568127 -0.346793
v 1.850354 -0.437633 -0.477320
v 1.854006 -0.273200 -0.561123
v 1.858054 -0.090925 -0.590000
v 1.862050 0.089031 -0.590000
v 1.866097 0.271306 -0.561123
v 1.869747 0.435739 -0.477320
v 1.872643 0.566233 -0.346793
v 1.874501 0.650016 -0.182320
v 1.963402 0.675884 -0.000000
v 1.961879 0.647048 0.182320
v 1.957462 0.563361 0.346793
v 1.950586 0.433016 0.477320
v 1.941922 0.268771 0.561123
v 1.932318 0.086704 0.590000
v 1.922838 -0.093046 0.590000
v 1.913236 -0.275113 0.561123
v 1.904574 -0.439358 0.477320
v 1.897701 -0.569704 0.346793
v 1.893290 -0.653391 0.182320
v 1.891772 -0.682228 0.000000
v 1.893295 -0.653392 -0.182320
v 1.897712 -0.569705 -0.346793
v 1.904588 -0.439359 -0.477320
v 1.913252 -0.275115 -0.561123
v 1.922856 -0.093048 -0.590000
v 1.932336 0.086703 -0.590000
v 1.941938 0.268770 -0.561123
v 1.950600 0.433015 -0.477320
v 1.957473 0.563360 -0.346793
v 1.961884 0.647047 -0.182320
v 2.065130 0.668288 -0.000000
v 2.062121 0.639569 0.182320
v 2.053394 0.556221 0.346793
v 2.039804 0.426404 0.477320
v 2.022680 0.262824 0.561123
v 2.003699 0.081495 0.590000
v 1.984960 -0.097527 0.590000
v 1.965980 -0.278856 0.561123
v 1.948859 -0.442436 0.477320
v 1.935273 -0.572253 0.346793
v 1.926551 -0.655602 0.182320
v 1.923547 -0.684322 0.000000
v 1.926556 -0.655602 -0.182320
v 1.935283 -0.572255 -0.346793
v 1.948873 -0.442437 -0.477320
v 1.965997 -0.278858 -0.561123
v 1.984978 -0.097529 -0.590000
v 2.003717 0.081493 -0.590000
v 2.022697 0.262822 -0.561123
v 2.039818 0.426402 -0.477320
v 2.053405 0.556220 -0.346793
v 2.062127 0.639568 -0.182320
v 2.183737 0.651635 -0.000000
v 2.178479 0.623241 0.182320
v 2.163226 0.540838 0.346793
v 2.139470 0.412491 0.477320
v 2.109536 0.250765 0.561123
v 2.076356 0.071490 0.590000
v 2.043598 -0.105505 0.590000
v 2.010418 -0.284780 0.561123
v 1.980487 -0.446507 0.477320
v 1.956735 -0.574854 0.346793
v 1.941486 -0.657259 0.182320
v 1.936234 -0.685654 0.000000
v 1.941491 -0.657260 -0.182320
v 1.956745 -0.574856 -0.346793
v 1.980501 -0.446510 -0.477320
v 2.010435 -0.284783 -0.561123
v 2.043615 -0.105508 -0.590000
v 2.076373 0.071486 -0.590000
v 2.109553 0.250762 -0.561123
v 2.139484 0.412489 -0.477320
v 2.163236 0.540836 -0.346793
v 2.178485 0.623240 -0.182320
v 2.321028 0.618852 -0.000000
v 2.312666 0.591212 0.182320
v 2.288403 0.510999 0.346793
v 2.250613 0.386062 0.477320
v 2.202997 0.228632 0.561123
v 2.150215 0.054119 0.590000
v 2.098105 -0.118173 0.590000
v 2.045324 -0.292685 0.561123
v 1.997710 -0.450116 0.477320
v 1.959924 -0.575054 0.346793
v 1.935665 -0.655269 0.182320
v 1.927308 -0.682910 0.000000
v 1.935671 -0.655271 -0.182320
v 1.959934 -0.575057 -0.346793
v 1.997723 -0.450120 -0.477320
v 2.045340 -0.292690 -0.561123
v 2.098122 -0.118178 -0.590000
v 2.150232 0.054114 -0.590000
v 2.203013 0.228627 -0.561123
v 2.250627 0.386058 -0.477320
v 2.288413 0.510995 -0.346793
v 2.312671 0.591211 -0.182320
v 2.474479 0.560693 -0.000000
v 2.462247 0.534535 0.182320
v 2.426753 0.458620 0.346793
v 2.371470 0.340379 0.477320
v 2.301811 0.191385 0.561123
v 2.224595 0.026224 0.590000
v 2.148361 -0.136836 0.590000
v 2.071145 -0.301997 0.561123
v 2.001489 -0.450992 0.477320
v 1.946210 -0.569235 0.346793
v 1.910720 -0.645153 0.182320
v 1.898492 -0.671313 0.000000
v 1.910725 -0.645155 -0.182320
v 1.946219 -0.569240 -0.346793
v 2.001502 -0.450998 -0.477320
v 2.071160 -0.302005 -0.561123
v 2.148377 -0.136843 -0.590000
v 2.224611 0.026216 -0.590000
v 2.301826 0.191378 -0.561123
v 2.371483 0.340372 -0.477320
v 2.426762 0.458616 -0.346793
v 2.462252 0.534533 -0.182320
v 2.634481 0.469009 -0.000000
v 2.618002 0.445296 0.182320
v 2.570184 0.376475 0.346793
v 2.495707 0.269281 0.477320
v 2.401861 0.134210 0.561123
v 2.297833 -0.015519 0.590000
v 2.195129 -0.163343 0.590000
v 2.091101 -0.313073 0.561123
v 1.997258 -0.448146 0.477320
v 1.922783 -0.555341 0.346793
v 1.874969 -0.624166 0.182320
v 1.858495 -0.647882 0.000000
v 1.874974 -0.624169 -0.182320
v 1.922792 -0.555347 -0.346793
v 1.997269 -0.448154 -0.477320
v 2.091115 -0.313082 -0.561123
v 2.195143 -0.163353 -0.590000
v 2.297847 -0.015530 -0.590000
v 2.401875 0.134200 -0.561123
v 2.495718 0.269273 -0.477320
v 2.570193 0.376469 -0.346793
v 2.618007 0.445293 -0.182320
v 2.785793 0.342205 -0.000000
v 2.765318 0.321842 0.182320
v 2.705901 0.262744 0.346793
v 2.613358 0.170695 0.477320
v 2.496748 0.054706 0.561123
v 2.367486 -0.073870 0.590000
v 2.239868 -0.200811 0.590000
v 2.110606 -0.329387 0.561123
v 1.993998 -0.445379 0.477320
v 1.901458 -0.537431 0.346793
v 1.842045 -0.596532 0.182320
v 1.821573 -0.616899 0.000000
v 1.842048 -0.596536 -0.182320
v 1.901465 -0.537438 -0.346793
v 1.994008 -0.445389 -0.477320
v 2.110618 -0.329399 -0.561123
v 2.239881 -0.200823 -0.590000
v 2.367498 -0.073883 -0.590000
v 2.496760 0.054694 -0.561123
v 2.613368 0.170685 -0.477320
v 2.705908 0.262737 -0.346793
v 2.765322 0.321839 -0.182320
v 2.915007 0.187057 -0.000000
v 2.891332 0.170523 0.182320
v 2.822627 0.122537 0.346793
v 2.715619 0.047795 0.477320
v 2.580781 -0.046386 0.561123
v 2.431312 -0.150788 0.590000
v 2.283745 -0.253861 0.590000
v 2.134277 -0.358264 0.561123
v 1.999440 -0.452447 0.477320
v 1.892434 -0.527192 0.346793
v 1.823732 -0.575183 0.182320
v 1.800060 -0.591721 0.000000
v 1.823735 -0.575187 -0.182320
v 1.892440 -0.527201 -0.346793
v 1.999448 -0.452459 -0.477320
v 2.134286 -0.358278 -0.561123
v 2.283755 -0.253876 -0.590000
v 2.431322 -0.150802 -0.590000
v 2.580790 -0.046400 -0.561123
v 2.715627 0.047783 -0.477320
v 2.822633 0.122528 -0.346793
v 2.891335 0.170519 -0.182320
v 3.017180 0.013022 -0.000000
v 2.991287 0.000240 0.182320
v 2.916143 -0.036860 0.346793
v 2.799105 -0.094647 0.477320
v 2.651628 -0.167463 0.561123
v 2.488150 -0.248181 0.590000
v 2.326752 -0.327872 0.590000
v 2.163274 -0.408591 0.561123
v 2.015799 -0.481409 0.477320
v 1.898762 -0.539199 0.346793
v 1.823621 -0.576303 0.182320
v 1.797729 -0.589091 0.000000
v 1.823623 -0.576308 -0.182320
v 1.898767 -0.539208 -0.346793
v 2.015805 -0.481422 -0.477320
v 2.163281 -0.408606 -0.561123
v 2.326760 -0.327888 -0.590000
v 2.488158 -0.248197 -0.590000
v 2.651636 -0.167478 -0.561123
v 2.799111 -0.094660 -0.477320
v 2.916148 -0.036870 -0.346793
v 2.991289 0.000235 -0.182320
v 3.095017 -0.174880 -0.000000
v 3.067744 -0.184372 0.182320
v 2.988599 -0.211922 0.346793
v 2.865328 -0.254835 0.477320
v 2.709998 -0.308909 0.561123
v 2.537814 -0.368852 0.590000
v 2.367821 -0.428032 0.590000
v 2.195637 -0.487975 0.561123
v 2.040307 -0.542052 0.477320
v 1.917037 -0.584968 0.346793
v 1.837894 -0.612523 0.182320
v 1.810623 -0.622020 0.000000
v 1.837896 -0.612529 -0.182320
v 1.917041 -0.584978 -0.346793
v 2.040312 -0.542065 -0.477320
v 2.195642 -0.487991 -0.561123
v 2.367826 -0.428049 -0.590000
v 2.537819 -0.368868 -0.590000
v 2.710004 -0.308925 -0.561123
v 2.865333 -0.254848 -0.477320
v 2.988603 -0.211932 -0.346793
v 3.067746 -0.184377 -0.182320
v 3.153865 -0.377930 -0.000000
v 3.125799 -0.384722 0.182320
v 3.044348 -0.404437 0.346793
v 2.917485 -0.435147 0.477320
v 2.757629 -0.473845 0.561123
v 2.580427 -0.516742 0.590000
v 2.405481 -0.559095 0.590000
v 2.228280 -0.601993 0.561123
v 2.068424 -0.640693 0.477320
v 1.941562 -0.671407 0.346793
v 1.860112 -0.691127 0.182320
v 1.832047 -0.697924 0.000000
v 1.860114 -0.691133 -0.182320
v 1.941565 -0.671417 -0.346793
v 2.068427 -0.640707 -0.477320
v 2.228283 -0.602010 -0.561123
v 2.405485 -0.559112 -0.590000
v 2.580431 -0.516760 -0.590000
v 2.757633 -0.473861 -0.561123
v 2.917488 -0.435161 -0.477320
v 3.044350 -0.404447 -0.346793
v 3.125800 -0.384727 -0.182320
v 3.198257 -0.601586 -0.000000
v 3.169757 -0.606237 0.182320
v 3.087049 -0.619739 0.346793
v 2.958228 -0.640771 0.477320
v 2.795904 -0.667274 0.561123
v 2.615967 -0.696654 0.590000
v 2.438319 -0.725661 0.590000
v 2.258382 -0.755041 0.561123
v 2.096059 -0.781547 0.477320
v 1.967238 -0.802583 0.346793
v 1.884531 -0.816090 0.182320
v 1.856032 -0.820746 0.000000
v 1.884531 -0.816096 -0.182320
v 1.967240 -0.802593 -0.346793
v 2.096061 -0.781561 -0.477320
v 2.258385 -0.755058 -0.561123
v 2.438322 -0.725678 -0.590000
v 2.615969 -0.696672 -0.590000
v 2.795907 -0.667291 -0.561123
v 2.958230 -0.640785 -0.477320
v 3.087051 -0.619749 -0.346793
v 3.169758 -0.606242 -0.182320
v 3.230998 -0.853105 -0.000000
v 3.202275 -0.856080 0.182320
v 3.118918 -0.864718 0.346793
v 2.989087 -0.878175 0.477320
v 2.825490 -0.895133 0.561123
v 2.644142 -0.913932 0.590000
v 2.465102 -0.932492 0.590000
v 2.283753 -0.951292 0.561123
v 2.120157 -0.968252 0.477320
v 1.990326 -0.981713 0.346793
v 1.906970 -0.990356 0.182320
v 1.878247 -0.993336 0.000000
v 1.906970 -0.990362 -0.182320
v 1.990327 -0.981723 -0.346793
v 2.120158 -0.968266 -0.477320
v 2.283755 -0.951308 -0.561123
v 2.465103 -0.932510 -0.590000
v 2.644144 -0.913949 -0.590000
v 2.825492 -0.895150 -0.561123
v 2.989089 -0.878190 -0.477320
v 3.118919 -0.864729 -0.346793
v 3.202276 -0.856085 -0.182320
v 3.253448 -1.140231 -0.000000
v 3.224619 -1.141896 0.182320
v 3.140956 -1.146733 0.346793
v 3.010647 -1.154268 0.477320
v 2.846448 -1.163763 0.561123
v 2.664432 -1.174291 0.590000
v 2.484732 -1.184684 0.590000
v 2.302717 -1.195212 0.561123
v 2.138518 -1.204711 0.477320
v 2.008209 -1.212250 0.346793
v 1.924546 -1.217091 0.182320
v 1.895717 -1.218761 0.000000
v 1.924546 -1.217096 -0.182320
v 2.008209 -1.212260 -0.346793
v 2.138518 -1.204725 -0.477320
v 2.302717 -1.195229 -0.561123
v 2.484733 -1.184702 -0.590000
v 2.664433 -1.174308 -0.590000
v 2.846448 -1.163780 -0.561123
v 3.010647 -1.154282 -0.477320
v 3.140956 -1.146743 -0.346793
v 3.224619 -1.141901 -0.182320
v 3.266017 -1.471254 -0.000000
v 3.237147 -1.471866 0.182320
v 3.153363 -1.473651 0.346793
v 3.022865 -1.476432 0.477320
v 2.858429 -1.479937 0.561123
v 2.676151 -1.483824 0.590000
v 2.496192 -1.487662 0.590000
v 2.313913 -1.491549 0.561123
v 2.149477 -1.495057 0.477320
v 2.018980 -1.497842 0.346793
v 1.935196 -1.499632 0.182320
v 1.906326 -1.500250 0.000000
v 1.935196 -1.499637 -0.182320
v 2.018980 -1.497853 -0.346793
v 2.149477 -1.495072 -0.477320
v 2.313913 -1.491566 -0.561123
v 2.496192 -1.487679 -0.590000
v 2.676151 -1.483842 -0.590000
v 2.858429 -1.479954 -0.561123
v 3.022865 -1.476446 -0.477320
v 3.153363 -1.473661 -0.346793
v 3.237147 -1.471872 -0.182320
vn -0.9997 0.0231 -0.0000
vn -0.9985 0.0556 -0.0000
vn -0.9499 0.0529 -0.3081
vn -0.9511 0.0219 -0.3080
vn -0.9511 0.0219 0.3080
vn -0.9499 0.0529 0.3081
vn -0.8099 0.0187 0.5862
vn -0.8089 0.0450 0.5862
vn -0.5897 0.0136 0.8075
vn -0.5890 0.0328 0.8075
vn -0.3116 0.0072 0.9502
vn -0.3115 0.0173 0.9501
vn -0.0799 0.0018 0.9968
vn -0.0800 0.0044 0.9968
vn 0.0771 -0.0018 0.9970
vn 0.0767 -0.0042 0.9970
vn 0.3065 -0.0070 0.9518
vn 0.3056 -0.0169 0.9520
vn 0.5860 -0.0133 0.8102
vn 0.5848 -0.0322 0.8105
vn 0.8080 -0.0183 0.5890
vn 0.8067 -0.0444 0.5893
vn 0.9506 -0.0214 0.3097
vn 0.9493 -0.0522 0.3100
vn 0.9997 -0.0225 -0.0000
vn 0.9985 -0.0549 -0.0000
vn 0.9506 -0.0214 -0.3097
vn 0.9493 -0.0522 -0.3100
vn 0.8080 -0.0183 -0.5889
vn 0.8067 -0.0444 -0.5893
vn 0.5860 -0.0133 -0.8102
vn 0.5848 -0.0322 -0.8105
vn 0.3065 -0.0070 -0.9518
vn 0.3056 -0.0169 -0.9520
vn 0.0771 -0.0018 -0.9970
vn 0.0767 -0.0042 -0.9970
vn -0.0799 0.0018 -0.9968
vn -0.0800 0.0044 -0.9968
vn -0.3116 0.0072 -0.9502
vn -0.3115 0.0173 -0.9501
vn -0.5897 0.0136 -0.8075
vn -0.5890 0.0328 -0.8075
vn -0.8099 0.0187 -0.5862
vn -0.8089 0.0450 -0.5862
vn -0.9920 0.1259 -0.0000
vn -0.9439 0.1197 -0.3079
vn -0.9439 0.1197 0.3079
vn -0.8039 0.1019 0.5860
vn -0.5856 0.0742 0.8072
vn -0.3100 0.0393 0.9499
vn -0.0797 0.0101 0.9968
vn 0.0760 -0.0096 0.9971
vn 0.3032 -0.0382 0.9522
vn 0.5807 -0.0731 0.8108
vn 0.8014 -0.1007 0.5896
vn 0.9433 -0.1185 0.3101
vn 0.9922 -0.1246 -0.0000
vn 0.9433 -0.1185 -0.3101
vn 0.8014 -0.1007 -0.5896
vn 0.5807 -0.0731 -0.8108
vn 0.3032 -0.0382 -0.9522
vn 0.0760 -0.0096 -0.9971
vn -0.0797 0.0101 -0.9968
vn -0.3100 0.0393 -0.9499
vn -0.5856 0.0742 -0.8072
vn -0.8039 0.1019 -0.5860
vn -0.9784 0.2068 -0.0000
vn -0.9309 0.1967 -0.3077
vn -0.9309 0.1967 0.3077
vn -0.7930 0.1675 0.5857
vn -0.5779 0.1220 0.8069
vn -0.3062 0.0646 0.9498
vn -0.0789 0.0166 0.9967
vn 0.0746 -0.0157 0.9971
vn 0.2985 -0.0627 0.9523
vn 0.5725 -0.1200 0.8111
vn 0.7904 -0.1655 0.5898
vn 0.9305 -0.1946 0.3103
vn 0.9788 -0.2047 -0.0000
vn 0.9305 -0.1946 -0.3103
vn 0.7904 -0.1655 -0.5898
vn 0.5725 -0.1201 -0.8111
vn 0.2985 -0.0627 -0.9523
vn 0.0746 -0.0157 -0.9971
vn -0.0789 0.0166 -0.9967
vn -0.3062 0.0646 -0.9498
vn -0.5779 0.1220 -0.8069
vn -0.7930 0.1675 -0.5857
vn -0.9544 0.2986 -0.0000
vn -0.9081 0.2841 -0.3075
vn -0.9081 0.2841 0.3075
vn -0.7738 0.2420 0.5854
vn -0.5642 0.1764 0.8066
vn -0.2993 0.0935 0.9496
vn -0.0773 0.0241 0.9967
vn 0.0725 -0.0226 0.9971
vn 0.2907 -0.0904 0.9525
vn 0.5582 -0.1732 0.8114
vn 0.7712 -0.2388 0.5902
vn 0.9082 -0.2808 0.3105
vn 0.9554 -0.2953 -0.0000
vn 0.9082 -0.2808 -0.3105
vn 0.7711 -0.2388 -0.5902
vn 0.5582 -0.1732 -0.8114
vn 0.2907 -0.0904 -0.9525
vn 0.0725 -0.0226 -0.9971
vn -0.0773 0.0241 -0.9967
vn -0.2993 0.0935 -0.9496
vn -0.5642 0.1764 -0.8066
vn -0.7738 0.2420 -0.5854
vn -0.9164 0.4002 -0.0000
vn -0.8721 0.3808 -0.3073
vn -0.8721 0.3808 0.3073
vn -0.7432 0.3245 0.5851
vn -0.5421 0.2366 0.8063
vn -0.2880 0.1256 0.9494
vn -0.0745 0.0325 0.9967
vn 0.0693 -0.0301 0.9971
vn 0.2787 -0.1209 0.9527
vn 0.5360 -0.2320 0.8117
vn 0.7410 -0.3198 0.5905
vn 0.8731 -0.3758 0.3107
vn 0.9187 -0.3950 -0.0000
vn 0.8731 -0.3758 -0.3107
vn 0.7410 -0.3198 -0.5905
vn 0.5360 -0.2320 -0.8117
vn 0.2787 -0.1209 -0.9527
vn 0.0693 -0.0301 -0.9971
vn -0.0745 0.0325 -0.9967
vn -0.2880 0.1256 -0.9494
vn -0.5421 0.2366 -0.8063
vn -0.7432 0.3245 -0.5851
vn -0.8611 0.5084 -0.0000
vn -0.8195 0.4838 -0.3072
vn -0.8195 0.4838 0.3072
vn -0.6986 0.4123 0.5848
vn -0.5098 0.3008 0.8060
vn -0.2711 0.1599 0.9492
vn -0.0703 0.0415 0.9967
vn 0.0649 -0.0382 0.9972
vn 0.2615 -0.1535 0.9529
vn 0.5037 -0.2947 0.8120
vn 0.6973 -0.4059 0.5908
vn 0.8227 -0.4760 0.3108
vn 0.8663 -0.4996 -0.0000
vn 0.8227 -0.4760 -0.3108
vn 0.6973 -0.4060 -0.5908
vn 0.5037 -0.2947 -0.8120
vn 0.2615 -0.1535 -0.9529
vn 0.0649 -0.0382 -0.9972
vn -0.0703 0.0415 -0.9967
vn -0.2711 0.1599 -0.9492
vn -0.5098 0.3008 -0.8060
vn -0.6986 0.4123 -0.5848
vn -0.7866 0.6174 -0.0000
vn -0.7487 0.5876 -0.3070
vn -0.7487 0.5876 0.3070
vn -0.6383 0.5009 0.5846
vn -0.4659 0.3655 0.8058
vn -0.2480 0.1945 0.9490
vn -0.0644 0.0505 0.9966
vn 0.0591 -0.0463 0.9972
vn 0.2386 -0.1865 0.9531
vn 0.4601 -0.3584 0.8123
vn 0.6396 -0.4916 0.5909
vn 0.7585 -0.4674 0.4541
vn 0.6929 0.7210 -0.0000
vn 0.7584 -0.4676 -0.4541
vn 0.6396 -0.4917 -0.5909
vn 0.4601 -0.3585 -0.8123
vn 0.2385 -0.1865 -0.9531
vn 0.0591 -0.0463 -0.9972
vn -0.0644 0.0505 -0.9966
vn -0.2480 0.1945 -0.9490
vn -0.4659 0.3656 -0.8058
vn -0.6383 0.5009 -0.5846
vn -0.6940 0.7199 -0.0000
vn -0.6605 0.6852 -0.3070
vn -0.6605 0.6852 0.3070
vn -0.5631 0.5842 0.5845
vn -0.4111 0.4264 0.8057
vn -0.2188 0.2270 0.9490
vn -0.0569 0.0590 0.9966
vn 0.0520 -0.0540 0.9972
vn 0.2100 -0.2178 0.9531
vn 0.4038 -0.4203 0.8126
vn 0.5358 -0.4566 0.7102
vn -0.6282 0.7627 -0.1539
vn -0.6875 0.7262 -0.0000
vn -0.6284 0.7625 0.1540
vn 0.5356 -0.4568 -0.7102
vn 0.4038 -0.4203 -0.8126
vn 0.2100 -0.2178 -0.9531
vn 0.0520 -0.0540 -0.9972
vn -0.0569 0.0590 -0.9966
vn -0.2188 0.2270 -0.9490
vn -0.4111 0.4264 -0.8057
vn -0.5631 0.5842 -0.5845
vn -0.5880 0.8089 -0.0000
vn -0.5596 0.7698 -0.3070
vn -0.5596 0.7698 0.3070
vn -0.4770 0.6563 0.5846
vn -0.3481 0.4791 0.8058
vn -0.1852 0.2550 0.9490
vn -0.0481 0.0662 0.9966
vn 0.0440 -0.0608 0.9972
vn 0.1770 -0.2455 0.9531
vn 0.2747 -0.3617 0.8909
vn -0.5203 0.7226 -0.4550
vn -0.5648 0.7659 -0.3071
vn -0.5924 0.8056 -0.0000
vn -0.5649 0.7659 0.3071
vn -0.5207 0.7223 0.4550
vn 0.2743 -0.3620 -0.8909
vn 0.1770 -0.2455 -0.9531
vn 0.0440 -0.0608 -0.9972
vn -0.0481 0.0662 -0.9966
vn -0.1852 0.2550 -0.9490
vn -0.3481 0.4791 -0.8058
vn -0.4770 0.6563 -0.5846
vn -0.4760 0.8794 -0.0000
vn -0.4530 0.8369 -0.3072
vn -0.4530 0.8369 0.3072
vn -0.3861 0.7134 0.5848
vn -0.2816 0.5206 0.8060
vn -0.1497 0.2769 0.9492
vn -0.0388 0.0718 0.9967
vn 0.0356 -0.0663 0.9972
vn 0.1420 -0.2677 0.9530
vn -0.4387 0.4682 0.7670
vn -0.4118 0.6989 -0.5847
vn -0.4614 0.8323 -0.3072
vn -0.4835 0.8753 -0.0000
vn -0.4614 0.8323 0.3072
vn -0.4121 0.6988 0.5847
vn -0.4398 0.4670 -0.7671
vn 0.1420 -0.2678 -0.9530
vn 0.0356 -0.0663 -0.9972
vn -0.0388 0.0718 -0.9967
vn -0.1497 0.2769 -0.9492
vn -0.2816 0.5206 -0.8060
vn -0.3861 0.7134 -0.5848
vn -0.3665 0.9304 -0.0000
vn -0.3487 0.8854 -0.3074
vn -0.3487 0.8854 0.3074
vn -0.2971 0.7546 0.5851
vn -0.2166 0.5504 0.8063
vn -0.1149 0.2924 0.9494
vn -0.0297 0.0757 0.9967
vn 0.0274 -0.0705 0.9971
vn 0.1079 -0.2840 0.9527
vn -0.3642 0.5677 0.7383
vn -0.3189 0.7457 -0.5850
vn -0.3594 0.8811 -0.3074
vn -0.3762 0.9265 -0.0000
vn -0.3594 0.8811 0.3074
vn -0.3191 0.7457 0.5850
vn -0.3650 0.5672 -0.7383
vn 0.1079 -0.2840 -0.9527
vn 0.0274 -0.0705 -0.9971
vn -0.0297 0.0757 -0.9967
vn -0.1149 0.2924 -0.9494
vn -0.2165 0.5504 -0.8063
vn -0.2971 0.7546 -0.5851
vn -0.2663 0.9639 -0.0000
vn -0.2533 0.9172 -0.3076
vn -0.2533 0.9172 0.3076
vn -0.2157 0.7815 0.5855
vn -0.1571 0.5697 0.8067
vn -0.0832 0.3021 0.9496
vn -0.0214 0.0780 0.9967
vn 0.0199 -0.0734 0.9971
vn 0.0773 -0.2947 0.9525
vn -0.3562 0.6467 0.6745
vn -0.2456 0.7729 -0.5851
vn -0.2663 0.9135 -0.3076
vn -0.2780 0.9606 -0.0000
vn -0.2663 0.9135 0.3076
vn -0.2457 0.7728 0.5851
vn -0.3572 0.6464 -0.6742
vn 0.0772 -0.2947 -0.9525
vn 0.0199 -0.0734 -0.9971
vn -0.0214 0.0780 -0.9967
vn -0.0832 0.3021 -0.9496
vn -0.1571 0.5697 -0.8067
vn -0.2157 0.7815 -0.5855
vn -0.1801 0.9837 -0.0000
vn -0.1713 0.9359 -0.3079
vn -0.1713 0.9359 0.3079
vn -0.1458 0.7972 0.5859
vn -0.1060 0.5808 0.8071
vn -0.0560 0.3075 0.9499
vn -0.0144 0.0791 0.9968
vn 0.0134 -0.0753 0.9971
vn 0.0514 -0.3011 0.9522
vn -0.2933 -0.4400 0.8487
vn -0.4683 0.7623 -0.4467
vn -0.1877 0.9327 -0.3078
vn -0.1944 0.9809 -0.0000
vn -0.1877 0.9327 0.3078
vn -0.4690 0.7619 0.4467
vn -0.2946 -0.4397 -0.8484
vn 0.0514 -0.3011 -0.9522
vn 0.0134 -0.0753 -0.9971
vn -0.0144 0.0791 -0.9968
vn -0.0560 0.3075 -0.9499
vn -0.1060 0.5808 -0.8071
vn -0.1458 0.7972 -0.5859
vn -0.1104 0.9939 -0.0000
vn -0.1049 0.9455 -0.3081
vn -0.1049 0.9455 0.3081
vn -0.0892 0.8051 0.5863
vn -0.0648 0.5862 0.8076
vn -0.0341 0.3099 0.9502
vn -0.0087 0.0795 0.9968
vn 0.0081 -0.0765 0.9970
vn 0.0308 -0.3048 0.9519
vn -0.1070 -0.5893 0.8008
vn -0.8061 0.3412 0.4835
vn -0.1322 0.9421 -0.3081
vn -0.1311 0.9914 -0.0000
vn -0.1323 0.9421 0.3081
vn -0.8071 0.3411 -0.4818
vn -0.1076 -0.5892 -0.8008
vn 0.0307 -0.3048 -0.9519
vn 0.0081 -0.0765 -0.9970
vn -0.0087 0.0795 -0.9968
vn -0.0341 0.3099 -0.9502
vn -0.0648 0.5862 -0.8076
vn -0.0892 0.8051 -0.5863
vn -0.0582 0.9983 -0.0000
vn -0.0553 0.9497 -0.3084
vn -0.0553 0.9497 0.3084
vn -0.0470 0.8084 0.5868
vn -0.0340 0.5882 0.8080
vn -0.0178 0.3105 0.9504
vn -0.0045 0.0794 0.9968
vn 0.0042 -0.0773 0.9970
vn 0.0156 -0.3068 0.9517
vn 0.0218 -0.5864 0.8097
vn -0.0526 -0.6965 0.7156
vn -0.9986 -0.0386 0.0365
vn -0.9917 -0.1286 -0.0000
vn -0.9986 -0.0387 -0.0366
vn -0.0528 -0.6965 -0.7156
vn 0.0217 -0.5864 -0.8097
vn 0.0155 -0.3068 -0.9517
vn 0.0042 -0.0773 -0.9970
vn -0.0045 0.0794 -0.9968
vn -0.0178 0.3105 -0.9504
vn -0.0340 0.5882 -0.8080
vn -0.0470 0.8084 -0.5868
vn -0.0237 0.9997 -0.0000
vn -0.0225 0.9509 -0.3086
vn -0.0225 0.9509 0.3086
vn -0.0191 0.8092 0.5872
vn -0.0137 0.5885 0.8084
vn -0.0071 0.3101 0.9507
vn -0.0018 0.0791 0.9969
vn 0.0016 -0.0778 0.9970
vn 0.0058 -0.3079 0.9514
vn 0.0090 -0.5871 0.8095
vn 0.0041 -0.8090 0.5878
vn -0.0594 -0.9496 0.3078
vn -0.1119 -0.9937 -0.0000
vn -0.0595 -0.9496 -0.3078
vn 0.0040 -0.8090 -0.5878
vn 0.0090 -0.5871 -0.8095
vn 0.0058 -0.3079 -0.9514
vn 0.0016 -0.0778 -0.9970
vn -0.0018 0.0791 -0.9969
vn -0.0071 0.3101 -0.9507
vn -0.0137 0.5885 -0.8084
vn -0.0190 0.8092 -0.5872
vn -0.0059 1.0000 -0.0000
vn -0.0056 0.9511 -0.3089
vn -0.0056 0.9511 0.3089
vn -0.0047 0.8092 0.5875
vn -0.0033 0.5881 0.8088
vn -0.0017 0.3094 0.9509
vn -0.0004 0.0787 0.9969
vn 0.0003 -0.0783 0.9969
vn 0.0012 -0.3087 0.9512
vn 0.0018 -0.5876 0.8092
vn 0.0017 -0.8090 0.5879
vn 0.0012 -0.9510 0.3090
vn 0.0008 -1.0000 -0.0000
vn 0.0012 -0.9510 -0.3090
vn 0.0017 -0.8090 -0.5879
vn 0.0018 -0.5876 -0.8092
vn 0.0012 -0.3087 -0.9512
vn 0.0003 -0.0783 -0.9969
vn -0.0004 0.0787 -0.9969
vn -0.0017 0.3094 -0.9509
vn -0.0033 0.5881 -0.8088
vn -0.0047 0.8092 -0.5875
vn -0.0005 1.0000 -0.0000
vn -0.0005 0.9511 -0.3090
vn -0.0005 0.9511 0.3090
vn -0.0004 0.8090 0.5878
vn -0.0003 0.5878 0.8090
vn -0.0001 0.3091 0.9510
vn -0.0000 0.0785 0.9969
vn -0.0000 -0.0784 0.9969
vn -0.0000 -0.3090 0.9511
vn -0.0000 -0.5878 0.8090
vn -0.0000 -0.8090 0.5878
vn -0.0000 -0.9511 0.3090
vn -0.0001 -1.0000 -0.0000
vn -0.0000 -0.9511 -0.3090
vn -0.0000 -0.8090 -0.5878
vn -0.0000 -0.5878 -0.8090
vn -0.0000 -0.3090 -0.9511
vn -0.0000 -0.0784 -0.9969
vn -0.0000 0.0785 -0.9969
vn -0.0001 0.3091 -0.9510
vn -0.0003 0.5878 -0.8090
vn -0.0004 0.8090 -0.5878
vn -0.0000 1.0000 -0.0000
vn -0.0000 0.9511 -0.3090
vn -0.0000 0.9511 0.3090
vn -0.0000 0.8090 0.5878
vn -0.0000 0.5878 0.8090
vn -0.0000 0.3090 0.9511
vn -0.0000 -0.0785 0.9969
vn -0.0000 -1.0000 -0.0000
vn -0.0000 -0.0785 -0.9969
vn -0.0000 0.3090 -0.9511
vn -0.0000 0.5878 -0.8090
vn -0.0000 0.8090 -0.5878
vn -0.0009 1.0000 -0.0001
vn -0.0011 0.9510 -0.3091
vn -0.0008 0.9510 0.3091
vn -0.0010 0.8090 0.5878
vn -0.0012 0.5879 0.8090
vn -0.0011 0.3091 0.9510
vn -0.0010 0.0785 0.9969
vn -0.0010 -0.0784 0.9969
vn -0.0010 -0.3091 0.9510
vn -0.0010 -0.5877 0.8091
vn -0.0010 -0.8089 0.5879
vn -0.0011 -0.9510 0.3091
vn -0.0009 -1.0000 0.0001
vn -0.0008 -0.9510 -0.3091
vn -0.0010 -0.8090 -0.5878
vn -0.0012 -0.5877 -0.8090
vn -0.0011 -0.3089 -0.9511
vn -0.0010 -0.0785 -0.9969
vn -0.0010 0.0784 -0.9969
vn -0.0010 0.3088 -0.9511
vn -0.0010 0.5877 -0.8091
vn -0.0010 0.8091 -0.5877
vn -0.9909 -0.1148 -0.0702
vn -0.9969 -0.0773 0.0119
vn -0.9869 -0.1608 0.0142
vn -0.9956 -0.0839 -0.0408
vn -0.9903 0.0457 -0.1311
vn -0.9895 0.0525 -0.1350
vn -0.9987 -0.0041 -0.0505
vn -0.9987 0.0212 -0.0467
vn -0.9890 -0.0449 -0.1408
vn -0.9971 0.0709 -0.0269
vn -0.9845 0.1736 0.0240
vn -0.9961 0.0874 0.0080
vn -0.9914 0.1164 0.0600
vn -0.9826 0.1771 -0.0561
vn -0.9953 0.0953 0.0183
vn -0.9942 0.0854 0.0648
vn -0.9940 0.0892 0.0633
vn -0.9987 0.0041 0.0505
vn -0.9951 -0.0926 0.0352
vn -0.9679 -0.2511 0.0118
vn -0.9879 -0.1256 0.0906
vn -0.9842 0.0161 0.1762
vn 0.0001 -0.9511 0.3090
vn 0.0001 -0.9511 -0.3090
vn 0.0001 -0.8090 -0.5878
vn 0.0001 -0.5878 -0.8090
vn 0.0001 0.3090 -0.9511
vn 0.0001 0.9511 -0.3090
vn 0.0001 0.9511 0.3090
vn 0.0001 0.8090 0.5878
vn 0.0001 0.5878 0.8090
vn 0.0001 -0.3090 0.9511
vn -0.0000 -0.9510 -0.3090
vn -0.9871 0.1210 0.1047
vn -0.9946 0.0842 0.0603
vn -0.9975 0.0600 0.0364
vn -0.9939 -0.0238 0.1081
vn -0.9904 0.0617 0.1239
vn -0.9611 0.2761 0.0113
vn -0.9873 0.1572 0.0246
vn -0.9870 0.1444 0.0705
vn -0.9595 0.2279 0.1654
vn -0.9158 -0.3353 -0.2209
vn -0.9065 -0.3692 -0.2047
vn -0.9988 -0.0417 0.0238
vn -0.9766 -0.1065 -0.1867
vn -0.9765 0.0145 -0.2151
vn -0.9761 0.0734 -0.2045
vn -0.9780 0.0783 -0.1932
vn -0.9889 -0.1095 -0.1007
vn -0.9872 -0.1572 -0.0248
vn -0.9917 -0.1103 -0.0656
vn -0.9960 -0.0376 -0.0805
vn -0.9542 -0.0607 -0.2931
vn -0.9795 -0.0671 -0.1901
vn -0.0001 1.0000 -0.0000
vn -0.0002 0.9511 -0.3090
vn -0.0002 0.9510 0.3091
vn -0.0002 0.8090 0.5878
vn -0.0002 0.5878 0.8090
vn -0.0001 0.3090 0.9510
vn -0.0001 0.0785 0.9969
vn -0.0001 -0.0784 0.9969
vn -0.0001 -0.3090 0.9511
vn -0.0001 -0.5878 0.8090
vn -0.0001 -0.8091 0.5877
vn -0.0002 -0.9511 0.3090
vn -0.0002 -0.9511 -0.3090
vn -0.0002 -0.8090 -0.5878
vn -0.0002 -0.5878 -0.8090
vn -0.0001 -0.3091 -0.9510
vn -0.0001 -0.0785 -0.9969
vn -0.0001 0.0784 -0.9969
vn -0.0001 0.3090 -0.9511
vn -0.0001 0.5878 -0.8090
vn -0.0001 0.8090 -0.5878
vn 0.0001 1.0000 -0.0000
vn 0.0013 1.0000 -0.0000
vn 0.0012 0.9511 -0.3090
vn 0.0012 0.9511 0.3090
vn 0.0010 0.8091 0.5877
vn 0.0007 0.5879 0.8090
vn 0.0004 0.3091 0.9510
vn 0.0001 0.0785 0.9969
vn -0.0004 -0.3089 0.9511
vn -0.0007 -0.5877 0.8091
vn -0.0009 -0.8090 0.5878
vn -0.0011 -0.9510 0.3090
vn -0.0012 -1.0000 -0.0000
vn -0.0011 -0.9510 -0.3090
vn -0.0009 -0.8090 -0.5878
vn -0.0007 -0.5877 -0.8091
vn -0.0004 -0.3089 -0.9511
vn -0.0001 -0.0784 -0.9969
vn 0.0001 0.0785 -0.9969
vn 0.0004 0.3091 -0.9510
vn 0.0007 0.5879 -0.8090
vn 0.0010 0.8091 -0.5877
vn 0.0071 1.0000 -0.0000
vn 0.0068 0.9511 -0.3089
vn 0.0068 0.9511 0.3089
vn 0.0058 0.8092 0.5876
vn 0.0042 0.5881 0.8088
vn 0.0022 0.3094 0.9509
vn 0.0005 0.0787 0.9969
vn -0.0005 -0.0782 0.9969
vn -0.0021 -0.3086 0.9512
vn -0.0039 -0.5875 0.8092
vn -0.0054 -0.8089 0.5880
vn -0.0063 -0.9510 0.3091
vn -0.0066 -1.0000 -0.0000
vn -0.0063 -0.9510 -0.3091
vn -0.0054 -0.8089 -0.5880
vn -0.0039 -0.5875 -0.8092
vn -0.0021 -0.3086 -0.9512
vn -0.0005 -0.0782 -0.9969
vn 0.0005 0.0787 -0.9969
vn 0.0022 0.3094 -0.9509
vn 0.0042 0.5881 -0.8088
vn 0.0058 0.8092 -0.5876
vn 0.0229 0.9997 -0.0000
vn 0.0218 0.9509 -0.3087
vn 0.0218 0.9509 0.3087
vn 0.0185 0.8092 0.5873
vn 0.0134 0.5884 0.8085
vn 0.0070 0.3099 0.9507
vn 0.0018 0.0790 0.9969
vn -0.0017 -0.0779 0.9970
vn -0.0067 -0.3080 0.9514
vn -0.0126 -0.5870 0.8095
vn -0.0171 -0.8085 0.5883
vn -0.0200 -0.9508 0.3093
vn -0.0210 -0.9998 -0.0000
vn -0.0200 -0.9508 -0.3093
vn -0.0172 -0.8085 -0.5883
vn -0.0126 -0.5870 -0.8095
vn -0.0067 -0.3080 -0.9514
vn -0.0017 -0.0779 -0.9970
vn 0.0018 0.0790 -0.9969
vn 0.0070 0.3099 -0.9507
vn 0.0134 0.5884 -0.8085
vn 0.0185 0.8092 -0.5873
vn 0.0542 0.9985 -0.0000
vn 0.0515 0.9499 -0.3084
vn 0.0515 0.9499 0.3084
vn 0.0438 0.8085 0.5868
vn 0.0317 0.5883 0.8081
vn 0.0166 0.3104 0.9505
vn 0.0042 0.0793 0.9968
vn -0.0040 -0.0774 0.9970
vn -0.0158 -0.3069 0.9516
vn -0.0296 -0.5858 0.8099
vn -0.0401 -0.8074 0.5886
vn -0.0464 -0.9498 0.3095
vn -0.0485 -0.9988 -0.0000
vn -0.0464 -0.9498 -0.3095
vn -0.0401 -0.8074 -0.5886
vn -0.0296 -0.5858 -0.8099
vn -0.0158 -0.3069 -0.9516
vn -0.0040 -0.0774 -0.9970
vn 0.0042 0.0793 -0.9968
vn 0.0166 0.3104 -0.9505
vn 0.0317 0.5883 -0.8081
vn 0.0438 0.8085 -0.5868
vn 0.1068 0.9943 -0.0000
vn 0.1015 0.9459 -0.3081
vn 0.1015 0.9459 0.3081
vn 0.0863 0.8055 0.5862
vn 0.0626 0.5866 0.8075
vn 0.0330 0.3102 0.9501
vn 0.0084 0.0796 0.9968
vn -0.0079 -0.0765 0.9970
vn -0.0309 -0.3047 0.9519
vn -0.0575 -0.5831 0.8103
vn -0.0759 -0.8046 0.5889
vn -0.0847 -0.9471 0.3095
vn -0.0868 -0.9962 -0.0000
vn -0.0847 -0.9471 -0.3095
vn -0.0759 -0.8046 -0.5889
vn -0.0575 -0.5831 -0.8103
vn -0.0309 -0.3047 -0.9519
vn -0.0079 -0.0765 -0.9970
vn 0.0084 0.0796 -0.9968
vn 0.0330 0.3102 -0.9501
vn 0.0626 0.5866 -0.8075
vn 0.0863 0.8055 -0.5862
vn 0.1858 0.9826 -0.0000
vn 0.1767 0.9350 -0.3076
vn 0.1767 0.9350 0.3076
vn 0.1504 0.7966 0.5855
vn 0.1093 0.5807 0.8068
vn 0.0578 0.3079 0.9497
vn 0.0148 0.0794 0.9967
vn -0.0136 -0.0749 0.9971
vn -0.0533 -0.3003 0.9523
vn -0.0947 -0.5779 0.8106
vn 0.1029 -0.7231 0.6830
vn 0.9380 -0.3379 0.0778
vn 0.9543 -0.2987 -0.0000
vn 0.9380 -0.3378 -0.0777
vn 0.1026 -0.7231 -0.6830
vn -0.0948 -0.5779 -0.8106
vn -0.0533 -0.3003 -0.9523
vn -0.0136 -0.0749 -0.9971
vn 0.0148 0.0794 -0.9967
vn 0.0578 0.3079 -0.9497
vn 0.1093 0.5807 -0.8068
vn 0.1504 0.7966 -0.5855
vn 0.2939 0.9558 -0.0000
vn 0.2796 0.9097 -0.3072
vn 0.2796 0.9097 0.3072
vn 0.2381 0.7755 0.5848
vn 0.1735 0.5659 0.8060
vn 0.0921 0.3010 0.9492
vn 0.0238 0.0781 0.9967
vn -0.0215 -0.0722 0.9972
vn -0.0835 -0.2919 0.9528
vn -0.0229 -0.4562 0.8896
vn 0.5283 0.7442 -0.4088
vn 0.3868 0.8710 -0.3028
vn 0.3401 0.9404 -0.0000
vn 0.3867 0.8711 0.3028
vn 0.5279 0.7444 0.4089
vn -0.0231 -0.4562 -0.8896
vn -0.0835 -0.2919 -0.9528
vn -0.0215 -0.0722 -0.9972
vn 0.0238 0.0781 -0.9967
vn 0.0921 0.3010 -0.9492
vn 0.1735 0.5659 -0.8060
vn 0.2381 0.7755 -0.5848
vn 0.4271 0.9042 -0.0000
vn 0.4064 0.8607 -0.3067
vn 0.4064 0.8607 0.3067
vn 0.3465 0.7340 0.5841
vn 0.2529 0.5363 0.8053
vn 0.1347 0.2860 0.9487
vn 0.0350 0.0746 0.9966
vn -0.0312 -0.0676 0.9972
vn -0.1215 -0.2764 0.9533
vn 0.4973 0.5811 0.6442
vn 0.3747 0.7204 -0.5837
vn 0.4218 0.8532 -0.3067
vn 0.4412 0.8974 -0.0000
vn 0.4218 0.8532 0.3067
vn 0.3746 0.7204 0.5837
vn 0.4966 0.5815 -0.6443
vn -0.1215 -0.2764 -0.9533
vn -0.0312 -0.0676 -0.9972
vn 0.0351 0.0746 -0.9966
vn 0.1347 0.2860 -0.9487
vn 0.2529 0.5362 -0.8053
vn 0.3465 0.7340 -0.5841
vn 0.5720 0.8203 -0.0000
vn 0.5444 0.7808 -0.3065
vn 0.5444 0.7808 0.3065
vn 0.4644 0.6661 0.5837
vn 0.3393 0.4869 0.8048
vn 0.1812 0.2601 0.9484
vn 0.0474 0.0680 0.9966
vn -0.0420 -0.0608 0.9973
vn -0.1678 -0.2488 0.9539
vn 0.5661 0.6999 0.4356
vn 0.4706 0.6617 -0.5837
vn 0.5490 0.7776 -0.3065
vn 0.5763 0.8172 -0.0000
vn 0.5490 0.7776 0.3065
vn 0.4705 0.6617 0.5837
vn 0.5654 0.7003 -0.4358
vn -0.1679 -0.2488 -0.9539
vn -0.0421 -0.0608 -0.9973
vn 0.0474 0.0680 -0.9966
vn 0.1812 0.2601 -0.9484
vn 0.3393 0.4869 -0.8048
vn 0.4644 0.6661 -0.5837
vn 0.7082 0.7060 -0.0000
vn 0.6741 0.6720 -0.3065
vn 0.6741 0.6720 0.3065
vn 0.5751 0.5733 0.5836
vn 0.4204 0.4190 0.8048
vn 0.2246 0.2238 0.9484
vn 0.0588 0.0585 0.9966
vn -0.0524 -0.0521 0.9973
vn -0.2137 -0.2111 0.9538
vn 0.4055 0.6600 0.6324
vn 0.5536 0.5951 -0.5825
vn 0.6690 0.6771 -0.3065
vn 0.7037 0.7105 -0.0000
vn 0.6690 0.6772 0.3065
vn 0.5535 0.5952 0.5825
vn 0.4047 0.6611 -0.6319
vn -0.2137 -0.2110 -0.9538
vn -0.0525 -0.0521 -0.9973
vn 0.0588 0.0585 -0.9966
vn 0.2246 0.2238 -0.9484
vn 0.4204 0.4190 -0.8048
vn 0.5751 0.5733 -0.5836
vn 0.8182 0.5750 -0.0000
vn 0.7788 0.5473 -0.3067
vn 0.7788 0.5473 0.3067
vn 0.6643 0.4666 0.5840
vn 0.4854 0.3408 0.8052
vn 0.2590 0.1817 0.9486
vn 0.0676 0.0474 0.9966
vn -0.0611 -0.0424 0.9972
vn -0.2486 -0.1709 0.9534
vn -0.4374 -0.1625 0.8845
vn -0.6018 0.7925 0.0989
vn 0.5158 0.8504 -0.1037
vn 0.6490 0.7608 -0.0000
vn 0.5156 0.8505 0.1037
vn -0.6019 0.7925 -0.0989
vn -0.4376 -0.1622 -0.8844
vn -0.2486 -0.1709 -0.9534
vn -0.0611 -0.0424 -0.9972
vn 0.0676 0.0474 -0.9966
vn 0.2590 0.1817 -0.9486
vn 0.4854 0.3408 -0.8052
vn 0.6643 0.4666 -0.5840
vn 0.8953 0.4455 -0.0000
vn 0.8521 0.4239 -0.3070
vn 0.8521 0.4239 0.3070
vn 0.7265 0.3613 0.5845
vn 0.5304 0.2635 0.8058
vn 0.2824 0.1401 0.9490
vn 0.0734 0.0363 0.9966
vn -0.0674 -0.0331 0.9972
vn -0.2723 -0.1328 0.9530
vn -0.5262 -0.2526 0.8120
vn -0.7358 -0.3333 0.5895
vn -0.9097 -0.0629 0.4106
vn -0.6776 0.7355 -0.0000
vn -0.9097 -0.0627 -0.4105
vn -0.7359 -0.3332 -0.5895
vn -0.5262 -0.2526 -0.8120
vn -0.2723 -0.1328 -0.9530
vn -0.0674 -0.0331 -0.9972
vn 0.0734 0.0363 -0.9966
vn 0.2824 0.1401 -0.9490
vn 0.5304 0.2635 -0.8058
vn 0.7265 0.3613 -0.5845
vn 0.9436 0.3310 -0.0000
vn 0.8980 0.3149 -0.3074
vn 0.8980 0.3149 0.3074
vn 0.7653 0.2682 0.5852
vn 0.5581 0.1954 0.8064
vn 0.2964 0.1036 0.9494
vn 0.0767 0.0268 0.9967
vn -0.0716 -0.0248 0.9971
vn -0.2875 -0.0993 0.9526
vn -0.5527 -0.1897 0.8115
vn -0.7642 -0.2602 0.5901
vn -0.9006 -0.3043 0.3104
vn -0.9477 -0.3191 -0.0000
vn -0.9006 -0.3043 -0.3104
vn -0.7642 -0.2602 -0.5901
vn -0.5527 -0.1897 -0.8115
vn -0.2875 -0.0993 -0.9526
vn -0.0716 -0.0248 -0.9971
vn 0.0767 0.0268 -0.9967
vn 0.2964 0.1036 -0.9494
vn 0.5581 0.1954 -0.8064
vn 0.7653 0.2682 -0.5852
vn 0.9716 0.2367 -0.0000
vn 0.9244 0.2252 -0.3078
vn 0.9244 0.2252 0.3078
vn 0.7875 0.1917 0.5857
vn 0.5739 0.1396 0.8070
vn 0.3040 0.0739 0.9498
vn 0.0783 0.0190 0.9967
vn -0.0742 -0.0179 0.9971
vn -0.2967 -0.0715 0.9523
vn -0.5689 -0.1366 0.8110
vn -0.7854 -0.1880 0.5897
vn -0.9247 -0.2207 0.3102
vn -0.9727 -0.2320 -0.0000
vn -0.9247 -0.2207 -0.3102
vn -0.7854 -0.1880 -0.5897
vn -0.5689 -0.1366 -0.8110
vn -0.2967 -0.0715 -0.9523
vn -0.0742 -0.0179 -0.9971
vn 0.0783 0.0190 -0.9967
vn 0.3040 0.0739 -0.9498
vn 0.5739 0.1396 -0.8070
vn 0.7875 0.1917 -0.5857
vn 0.9868 0.1620 -0.0000
vn 0.9388 0.1541 -0.3080
vn 0.9388 0.1541 0.3080
vn 0.7995 0.1311 0.5862
vn 0.5822 0.0954 0.8074
vn 0.3079 0.0504 0.9501
vn 0.0791 0.0129 0.9968
vn -0.0758 -0.0124 0.9970
vn -0.3021 -0.0492 0.9520
vn -0.5781 -0.0939 0.8106
vn -0.7975 -0.1293 0.5893
vn -0.9385 -0.1520 0.3100
vn -0.9872 -0.1598 -0.0000
vn -0.9385 -0.1520 -0.3100
vn -0.7975 -0.1293 -0.5893
vn -0.5781 -0.0939 -0.8106
vn -0.3021 -0.0492 -0.9520
vn -0.0758 -0.0124 -0.9970
vn 0.0791 0.0129 -0.9968
vn 0.3079 0.0504 -0.9501
vn 0.5822 0.0954 -0.8074
vn 0.7995 0.1311 -0.5862
vn 0.9946 0.1035 -0.0000
vn 0.9462 0.0985 -0.3083
vn 0.9462 0.0985 0.3083
vn 0.8056 0.0838 0.5866
vn 0.5863 0.0610 0.8078
vn 0.3097 0.0322 0.9503
vn 0.0793 0.0082 0.9968
vn -0.0768 -0.0079 0.9970
vn -0.3051 -0.0316 0.9518
vn -0.5830 -0.0602 0.8102
vn -0.8039 -0.0829 0.5890
vn -0.9458 -0.0975 0.3098
vn -0.9947 -0.1025 -0.0000
vn -0.9458 -0.0975 -0.3098
vn -0.8039 -0.0829 -0.5890
vn -0.5830 -0.0602 -0.8102
vn -0.3051 -0.0316 -0.9518
vn -0.0768 -0.0079 -0.9970
vn 0.0793 0.0082 -0.9968
vn 0.3097 0.0322 -0.9503
vn 0.5863 0.0610 -0.8078
vn 0.8056 0.0838 -0.5866
vn 0.9983 0.0580 -0.0000
vn 0.9496 0.0551 -0.3084
vn 0.9496 0.0551 0.3084
vn 0.8083 0.0469 0.5868
vn 0.5881 0.0341 0.8081
vn 0.3103 0.0180 0.9505
vn 0.0793 0.0046 0.9968
vn -0.0773 -0.0045 0.9970
vn -0.3067 -0.0177 0.9516
vn -0.5855 -0.0338 0.8100
vn -0.8070 -0.0465 0.5887
vn -0.9493 -0.0547 0.3096
vn -0.9983 -0.0575 -0.0000
vn -0.9493 -0.0547 -0.3096
vn -0.8070 -0.0465 -0.5887
vn -0.5855 -0.0338 -0.8100
vn -0.3067 -0.0177 -0.9516
vn -0.0773 -0.0045 -0.9970
vn 0.0793 0.0046 -0.9968
vn 0.3103 0.0180 -0.9505
vn 0.5881 0.0341 -0.8081
vn 0.8083 0.0469 -0.5868
vn 0.9993 0.0379 -0.0000
vn 0.9505 0.0361 -0.3085
vn 0.9505 0.0361 0.3085
vn 0.8091 0.0307 0.5869
vn 0.5885 0.0223 0.8082
vn 0.3103 0.0118 0.9506
vn 0.0792 0.0030 0.9969
vn -0.0776 -0.0029 0.9970
vn -0.3074 -0.0116 0.9515
vn -0.5864 -0.0221 0.8097
vn -0.8079 -0.0305 0.5885
vn -0.9502 -0.0358 0.3094
vn -0.9993 -0.0377 -0.0000
vn -0.9502 -0.0358 -0.3095
vn -0.8079 -0.0305 -0.5885
vn -0.5864 -0.0221 -0.8097
vn -0.3074 -0.0116 -0.9515
vn -0.0776 -0.0029 -0.9970
vn 0.0792 0.0030 -0.9969
vn 0.3103 0.0118 -0.9506
vn 0.5885 0.0223 -0.8082
vn 0.8090 0.0307 -0.5869
vt 0.000000 1.000000
vt 0.009346 1.000000
vt 0.009346 0.954545
vt 0.000000 0.954545
vt 0.000000 0.045455
vt 0.009346 0.045455
vt 0.009346 0.000000
vt 0.000000 0.000000
vt 0.000000 0.090909
vt 0.009346 0.090909
vt 0.000000 0.136364
vt 0.009346 0.136364
vt 0.000000 0.181818
vt 0.009346 0.181818
vt 0.000000 0.227273
vt 0.009346 0.227273
vt 0.000000 0.272727
vt 0.009346 0.272727
vt 0.000000 0.318182
vt 0.009346 0.318182
vt 0.000000 0.363636
vt 0.009346 0.363636
vt 0.000000 0.409091
vt 0.009346 0.409091
vt 0.000000 0.454545
vt 0.009346 0.454545
vt 0.000000 0.500000
vt 0.009346 0.500000
vt 0.000000 0.545455
vt 0.009346 0.545455
vt 0.000000 0.590909
vt 0.009346 0.590909
vt 0.000000 0.636364
vt 0.009346 0.636364
vt 0.000000 0.681818
vt 0.009346 0.681818
vt 0.000000 0.727273
vt 0.009346 0.727273
vt 0.000000 0.772727
vt 0.009346 0.772727
vt 0.000000 0.818182
vt 0.009346 0.818182
vt 0.000000 0.863636
vt 0.009346 0.863636
vt 0.000000 0.909091
vt 0.009346 0.909091
vt 0.018692 1.000000
vt 0.018692 0.954545
vt 0.018692 0.045455
vt 0.018692 0.000000
vt 0.018692 0.090909
vt 0.018692 0.136364
vt 0.018692 0.181818
vt 0.018692 0.227273
vt 0.018692 0.272727
vt 0.018692 0.318182
vt 0.018692 0.363636
vt 0.018692 0.409091
vt 0.018692 0.454545
vt 0.018692 0.500000
vt 0.018692 0.545455
vt 0.018692 0.590909
vt 0.018692 0.636364
vt 0.018692 0.681818
vt 0.018692 0.727273
vt 0.018692 0.772727
vt 0.018692 0.818182
vt 0.018692 0.863636
vt 0.018692 0.909091
vt 0.028037 1.000000
vt 0.028037 0.954545
vt 0.028037 0.045455
vt 0.028037 0.000000
vt 0.028037 0.090909
vt 0.028037 0.136364
vt 0.028037 0.181818
vt 0.028037 0.227273
vt 0.028037 0.272727
vt 0.028037 0.318182
vt 0.028037 0.363636
vt 0.028037 0.409091
vt 0.028037 0.454545
vt 0.028037 0.500000
vt 0.028037 0.545455
vt 0.028037 0.590909
vt 0.028037 0.636364
vt 0.028037 0.681818
vt 0.028037 0.727273
vt 0.028037 0.772727
vt 0.028037 0.818182
vt 0.028037 0.863636
vt 0.028037 0.909091
vt 0.037383 1.000000
vt 0.037383 0.954545
vt 0.037383 0.045455
vt 0.037383 0.000000
vt 0.037383 0.090909
vt 0.037383 0.136364
vt 0.037383 0.181818
vt 0.037383 0.227273
vt 0.037383 0.272727
vt 0.037383 0.318182
vt 0.037383 0.363636
vt 0.037383 0.409091
vt 0.037383 0.454545
vt 0.037383 0.500000
vt 0.037383 0.545455
vt 0.037383 0.590909
vt 0.037383 0.636364
vt 0.037383 0.681818
vt 0.037383 0.727273
vt 0.037383 0.772727
vt 0.037383 0.818182
vt 0.037383 0.863636
vt 0.037383 0.909091
vt 0.046729 1.000000
vt 0.046729 0.954545
vt 0.046729 0.045455
vt 0.046729 0.000000
vt 0.046729 0.090909
vt 0.046729 0.136364
vt 0.046729 0.181818
vt 0.046729 0.227273
vt 0.046729 0.272727
vt 0.046729 0.318182
vt 0.046729 0.363636
vt 0.046729 0.409091
vt 0.046729 0.454545
vt 0.046729 0.500000
vt 0.046729 0.545455
vt 0.046729 0.590909
vt 0.046729 0.636364
vt 0.046729 0.681818
vt 0.046729 0.727273
vt 0.046729 0.772727
vt 0.046729 0.818182
vt 0.046729 0.863636
vt 0.046729 0.909091
vt 0.056075 1.000000
vt 0.056075 0.954545
vt 0.056075 0.045455
vt 0.056075 0.000000
vt 0.056075 0.090909
vt 0.056075 0.136364
vt 0.056075 0.181818
vt 0.056075 0.227273
vt 0.056075 0.272727
vt 0.056075 0.318182
vt 0.056075 0.363636
vt 0.056075 0.409091
vt 0.056075 0.454545
vt 0.056075 0.500000
vt 0.056075 0.545455
vt 0.056075 0.590909
vt 0.056075 0.636364
vt 0.056075 0.681818
vt 0.056075 0.727273
vt 0.056075 0.772727
vt 0.056075 0.818182
vt 0.056075 0.863636
vt 0.056075 0.909091
vt 0.065421 1.000000
vt 0.065421 0.954545
vt 0.065421 0.045455
vt 0.065421 0.000000
vt 0.065421 0.090909
vt 0.065421 0.136364
vt 0.065421 0.181818
vt 0.065421 0.227273
vt 0.065421 0.272727
vt 0.065421 0.318182
vt 0.065421 0.363636
vt 0.065421 0.409091
vt 0.065421 0.454545
vt 0.065421 0.500000
vt 0.065421 0.545455
vt 0.065421 0.590909
vt 0.065421 0.636364
vt 0.065421 0.681818
vt 0.065421 0.727273
vt 0.065421 0.772727
vt 0.065421 0.818182
vt 0.065421 0.863636
vt 0.065421 0.909091
vt 0.074766 1.000000
vt 0.074766 0.954545
vt 0.074766 0.045455
vt 0.074766 0.000000
vt 0.074766 0.090909
vt 0.074766 0.136364
vt 0.074766 0.181818
vt 0.074766 0.227273
vt 0.074766 0.272727
vt 0.074766 0.318182
vt 0.074766 0.363636
vt 0.074766 0.409091
vt 0.074766 0.454545
vt 0.074766 0.500000
vt 0.074766 0.545455
vt 0.074766 0.590909
vt 0.074766 0.636364
vt 0.074766 0.681818
vt 0.074766 0.727273
vt 0.074766 0.772727
vt 0.074766 0.818182
vt 0.074766 0.863636
vt 0.074766 0.909091
vt 0.084112 1.000000
vt 0.084112 0.954545
vt 0.084112 0.045455
vt 0.084112 0.000000
vt 0.084112 0.090909
vt 0.084112 0.136364
vt 0.084112 0.181818
vt 0.084112 0.227273
vt 0.084112 0.272727
vt 0.084112 0.318182
vt 0.084112 0.363636
vt 0.084112 0.409091
vt 0.084112 0.454545
vt 0.084112 0.500000
vt 0.084112 0.545455
vt 0.084112 0.590909
vt 0.084112 0.636364
vt 0.084112 0.681818
vt 0.084112 0.727273
vt 0.084112 0.772727
vt 0.084112 0.818182
vt 0.084112 0.863636
vt 0.084112 0.909091
vt 0.093458 1.000000
vt 0.093458 0.954545
vt 0.093458 0.045455
vt 0.093458 0.000000
vt 0.093458 0.090909
vt 0.093458 0.136364
vt 0.093458 0.181818
vt 0.093458 0.227273
vt 0.093458 0.272727
vt 0.093458 0.318182
vt 0.093458 0.363636
vt 0.093458 0.409091
vt 0.093458 0.454545
vt 0.093458 0.500000
vt 0.093458 0.545455
vt 0.093458 0.590909
vt 0.093458 0.636364
vt 0.093458 0.681818
vt 0.093458 0.727273
vt 0.093458 0.772727
vt 0.093458 0.818182
vt 0.093458 0.863636
vt 0.093458 0.909091
vt 0.102804 1.000000
vt 0.102804 0.954545
vt 0.102804 0.045455
vt 0.102804 0.000000
vt 0.102804 0.090909
vt 0.102804 0.136364
vt 0.102804 0.181818
vt 0.102804 0.227273
vt 0.102804 0.272727
vt 0.102804 0.318182
vt 0.102804 0.363636
vt 0.102804 0.409091
vt 0.102804 0.454545
vt 0.102804 0.500000
vt 0.102804 0.545455
vt 0.102804 0.590909
vt 0.102804 0.636364
vt 0.102804 0.681818
vt 0.102804 0.727273
vt 0.102804 0.772727
vt 0.102804 0.818182
vt 0.102804 0.863636
vt 0.102804 0.909091
vt 0.112150 1.000000
vt 0.112150 0.954545
vt 0.112150 0.045455
vt 0.112150 0.000000
vt 0.112150 0.090909
vt 0.112150 0.136364
vt 0.112150 0.181818
vt 0.112150 0.227273
vt 0.112150 0.272727
vt 0.112150 0.318182
vt 0.112150 0.363636
vt 0.112150 0.409091
vt 0.112150 0.454545
vt 0.112150 0.500000
vt 0.112150 0.545455
vt 0.112150 0.590909
vt 0.112150 0.636364
vt 0.112150 0.681818
vt 0.112150 0.727273
vt 0.112150 0.772727
vt 0.112150 0.818182
vt 0.112150 0.863636
vt 0.112150 0.909091
vt 0.121495 1.000000
vt 0.121495 0.954545
vt 0.121495 0.045455
vt 0.121495 0.000000
vt 0.121495 0.090909
vt 0.121495 0.136364
vt 0.121495 0.181818
vt 0.121495 0.227273
vt 0.121495 0.272727
vt 0.121495 0.318182
vt 0.121495 0.363636
vt 0.121495 0.409091
vt 0.121495 0.454545
vt 0.121495 0.500000
vt 0.121495 0.545455
vt 0.121495 0.590909
vt 0.121495 0.636364
vt 0.121495 0.681818
vt 0.121495 0.727273
vt 0.121495 0.772727
vt 0.121495 0.818182
vt 0.121495 0.863636
vt 0.121495 0.909091
vt 0.130841 1.000000
vt 0.130841 0.954545
vt 0.130841 0.045455
vt 0.130841 0.000000
vt 0.130841 0.090909
vt 0.130841 0.136364
vt 0.130841 0.181818
vt 0.130841 0.227273
vt 0.130841 0.272727
vt 0.130841 0.318182
vt 0.130841 0.363636
vt 0.130841 0.409091
vt 0.130841 0.454545
vt 0.130841 0.500000
vt 0.130841 0.545455
vt 0.130841 0.590909
vt 0.130841 0.636364
vt 0.130841 0.681818
vt 0.130841 0.727273
vt 0.130841 0.772727
vt 0.130841 0.818182
vt 0.130841 0.863636
vt 0.130841 0.909091
vt 0.140187 1.000000
vt 0.140187 0.954545
vt 0.140187 0.045455
vt 0.140187 0.000000
vt 0.140187 0.090909
vt 0.140187 0.136364
vt 0.140187 0.181818
vt 0.140187 0.227273
vt 0.140187 0.272727
vt 0.140187 0.318182
vt 0.140187 0.363636
vt 0.140187 0.409091
vt 0.140187 0.454545
vt 0.140187 0.500000
vt 0.140187 0.545455
vt 0.140187 0.590909
vt 0.140187 0.636364
vt 0.140187 0.681818
vt 0.140187 0.727273
vt 0.140187 0.772727
vt 0.140187 0.818182
vt 0.140187 0.863636
vt 0.140187 0.909091
vt 0.149533 1.000000
vt 0.149533 0.954545
vt 0.149533 0.045455
vt 0.149533 0.000000
vt 0.149533 0.090909
vt 0.149533 0.136364
vt 0.149533 0.181818
vt 0.149533 0.227273
vt 0.149533 0.272727
vt 0.149533 0.318182
vt 0.149533 0.363636
vt 0.149533 0.409091
vt 0.149533 0.454545
vt 0.149533 0.500000
vt 0.149533 0.545455
vt 0.149533 0.590909
vt 0.149533 0.636364
vt 0.149533 0.681818
vt 0.149533 0.727273
vt 0.149533 0.772727
vt 0.149533 0.818182
vt 0.149533 0.863636
vt 0.149533 0.909091
vt 0.158879 1.000000
vt 0.158879 0.954545
vt 0.158879 0.045455
vt 0.158879 0.000000
vt 0.158879 0.090909
vt 0.158879 0.136364
vt 0.158879 0.181818
vt 0.158879 0.227273
vt 0.158879 0.272727
vt 0.158879 0.318182
vt 0.158879 0.363636
vt 0.158879 0.409091
vt 0.158879 0.454545
vt 0.158879 0.500000
vt 0.158879 0.545455
vt 0.158879 0.590909
vt 0.158879 0.636364
vt 0.158879 0.681818
vt 0.158879 0.727273
vt 0.158879 0.772727
vt 0.158879 0.818182
vt 0.158879 0.863636
vt 0.158879 0.909091
vt 0.168224 1.000000
vt 0.168224 0.954545
vt 0.168224 0.045455
vt 0.168224 0.000000
vt 0.168224 0.090909
vt 0.168224 0.136364
vt 0.168224 0.181818
vt 0.168224 0.227273
vt 0.168224 0.272727
vt 0.168224 0.318182
vt 0.168224 0.363636
vt 0.168224 0.409091
vt 0.168224 0.454545
vt 0.168224 0.500000
vt 0.168224 0.545455
vt 0.168224 0.590909
vt 0.168224 0.636364
vt 0.168224 0.681818
vt 0.168224 0.727273
vt 0.168224 0.772727
vt 0.168224 0.818182
vt 0.168224 0.863636
vt 0.168224 0.909091
vt 0.177570 1.000000
vt 0.177570 0.954545
vt 0.177570 0.045455
vt 0.177570 0.000000
vt 0.177570 0.090909
vt 0.177570 0.136364
vt 0.177570 0.181818
vt 0.177570 0.227273
vt 0.177570 0.272727
vt 0.177570 0.318182
vt 0.177570 0.363636
vt 0.177570 0.409091
vt 0.177570 0.454545
vt 0.177570 0.500000
vt 0.177570 0.545455
vt 0.177570 0.590909
vt 0.177570 0.636364
vt 0.177570 0.681818
vt 0.177570 0.727273
vt 0.177570 0.772727
vt 0.177570 0.818182
vt 0.177570 0.863636
vt 0.177570 0.909091
vt 0.186916 1.000000
vt 0.186916 0.954545
vt 0.186916 0.045455
vt 0.186916 0.000000
vt 0.186916 0.090909
vt 0.186916 0.136364
vt 0.186916 0.181818
vt 0.186916 0.227273
vt 0.186916 0.272727
vt 0.186916 0.318182
vt 0.186916 0.363636
vt 0.186916 0.409091
vt 0.186916 0.454545
vt 0.186916 0.500000
vt 0.186916 0.545455
vt 0.186916 0.590909
vt 0.186916 0.636364
vt 0.186916 0.681818
vt 0.186916 0.727273
vt 0.186916 0.772727
vt 0.186916 0.818182
vt 0.186916 0.863636
vt 0.186916 0.909091
vt 0.196262 1.000000
vt 0.196262 0.954545
vt 0.196262 0.045455
vt 0.196262 0.000000
vt 0.196262 0.090909
vt 0.196262 0.136364
vt 0.196262 0.181818
vt 0.196262 0.227273
vt 0.196262 0.272727
vt 0.196262 0.318182
vt 0.196262 0.363636
vt 0.196262 0.409091
vt 0.196262 0.454545
vt 0.196262 0.500000
vt 0.196262 0.545455
vt 0.196262 0.590909
vt 0.196262 0.636364
vt 0.196262 0.681818
vt 0.196262 0.727273
vt 0.196262 0.772727
vt 0.196262 0.818182
vt 0.196262 0.863636
vt 0.196262 0.909091
vt 0.205607 1.000000
vt 0.205607 0.954545
vt 0.205607 0.045455
vt 0.205607 0.000000
vt 0.205607 0.090909
vt 0.205607 0.136364
vt 0.205607 0.181818
vt 0.205607 0.227273
vt 0.205607 0.272727
vt 0.205607 0.318182
vt 0.205607 0.363636
vt 0.205607 0.409091
vt 0.205607 0.454545
vt 0.205607 0.500000
vt 0.205607 0.545455
vt 0.205607 0.590909
vt 0.205607 0.636364
vt 0.205607 0.681818
vt 0.205607 0.727273
vt 0.205607 0.772727
vt 0.205607 0.818182
vt 0.205607 0.863636
vt 0.205607 0.909091
vt 0.214953 1.000000
vt 0.214953 0.954545
vt 0.214953 0.045455
vt 0.214953 0.000000
vt 0.214953 0.090909
vt 0.214953 0.136364
vt 0.214953 0.181818
vt 0.214953 0.227273
vt 0.214953 0.272727
vt 0.214953 0.318182
vt 0.214953 0.363636
vt 0.214953 0.409091
vt 0.214953 0.454545
vt 0.214953 0.500000
vt 0.214953 0.545455
vt 0.214953 0.590909
vt 0.214953 0.636364
vt 0.214953 0.681818
vt 0.214953 0.727273
vt 0.214953 0.772727
vt 0.214953 0.818182
vt 0.214953 0.863636
vt 0.214953 0.909091
vt 0.224299 1.000000
vt 0.224299 0.954545
vt 0.224299 0.045455
vt 0.224299 0.000000
vt 0.224299 0.090909
vt 0.224299 0.136364
vt 0.224299 0.181818
vt 0.224299 0.227273
vt 0.224299 0.272727
vt 0.224299 0.318182
vt 0.224299 0.363636
vt 0.224299 0.409091
vt 0.224299 0.454545
vt 0.224299 0.500000
vt 0.224299 0.545455
vt 0.224299 0.590909
vt 0.224299 0.636364
vt 0.224299 0.681818
vt 0.224299 0.727273
vt 0.224299 0.772727
vt 0.224299 0.818182
vt 0.224299 0.863636
vt 0.224299 0.909091
vt 0.233645 1.000000
vt 0.233645 0.954545
vt 0.233645 0.045455
vt 0.233645 0.000000
vt 0.233645 0.090909
vt 0.233645 0.136364
vt 0.233645 0.181818
vt 0.233645 0.227273
vt 0.233645 0.272727
vt 0.233645 0.318182
vt 0.233645 0.363636
vt 0.233645 0.409091
vt 0.233645 0.454545
vt 0.233645 0.500000
vt 0.233645 0.545455
vt 0.233645 0.590909
vt 0.233645 0.636364
vt 0.233645 0.681818
vt 0.233645 0.727273
vt 0.233645 0.772727
vt 0.233645 0.818182
vt 0.233645 0.863636
vt 0.233645 0.909091
vt 0.242991 1.000000
vt 0.242991 0.954545
vt 0.242991 0.045455
vt 0.242991 0.000000
vt 0.242991 0.090909
vt 0.242991 0.136364
vt 0.242991 0.181818
vt 0.242991 0.227273
vt 0.242991 0.272727
vt 0.242991 0.318182
vt 0.242991 0.363636
vt 0.242991 0.409091
vt 0.242991 0.454545
vt 0.242991 0.500000
vt 0.242991 0.545455
vt 0.242991 0.590909
vt 0.242991 0.636364
vt 0.242991 0.681818
vt 0.242991 0.727273
vt 0.242991 0.772727
vt 0.242991 0.818182
vt 0.242991 0.863636
vt 0.242991 0.909091
vt 0.252336 1.000000
vt 0.252336 0.954545
vt 0.252336 0.045455
vt 0.252336 0.000000
vt 0.252336 0.090909
vt 0.252336 0.136364
vt 0.252336 0.181818
vt 0.252336 0.227273
vt 0.252336 0.272727
vt 0.252336 0.318182
vt 0.252336 0.363636
vt 0.252336 0.409091
vt 0.252336 0.454545
vt 0.252336 0.500000
vt 0.252336 0.545455
vt 0.252336 0.590909
vt 0.252336 0.636364
vt 0.252336 0.681818
vt 0.252336 0.727273
vt 0.252336 0.772727
vt 0.252336 0.818182
vt 0.252336 0.863636
vt 0.252336 0.909091
vt 0.261682 1.000000
vt 0.261682 0.954545
vt 0.261682 0.045455
vt 0.261682 0.000000
vt 0.261682 0.090909
vt 0.261682 0.136364
vt 0.261682 0.181818
vt 0.261682 0.227273
vt 0.261682 0.272727
vt 0.261682 0.318182
vt 0.261682 0.363636
vt 0.261682 0.409091
vt 0.261682 0.454545
vt 0.261682 0.500000
vt 0.261682 0.545455
vt 0.261682 0.590909
vt 0.261682 0.636364
vt 0.261682 0.681818
vt 0.261682 0.727273
vt 0.261682 0.772727
vt 0.261682 0.818182
vt 0.261682 0.863636
vt 0.261682 0.909091
vt 0.271028 1.000000
vt 0.271028 0.954545
vt 0.271028 0.045455
vt 0.271028 0.000000
vt 0.271028 0.090909
vt 0.271028 0.136364
vt 0.271028 0.181818
vt 0.271028 0.227273
vt 0.271028 0.272727
vt 0.271028 0.318182
vt 0.271028 0.363636
vt 0.271028 0.409091
vt 0.271028 0.454545
vt 0.271028 0.500000
vt 0.271028 0.545455
vt 0.271028 0.590909
vt 0.271028 0.636364
vt 0.271028 0.681818
vt 0.271028 0.727273
vt 0.271028 0.772727
vt 0.271028 0.818182
vt 0.271028 0.863636
vt 0.271028 0.909091
vt 0.280374 1.000000
vt 0.280374 0.954545
vt 0.280374 0.045455
vt 0.280374 0.000000
vt 0.280374 0.090909
vt 0.280374 0.136364
vt 0.280374 0.181818
vt 0.280374 0.227273
vt 0.280374 0.272727
vt 0.280374 0.318182
vt 0.280374 0.363636
vt 0.280374 0.409091
vt 0.280374 0.454545
vt 0.280374 0.500000
vt 0.280374 0.545455
vt 0.280374 0.590909
vt 0.280374 0.636364
vt 0.280374 0.681818
vt 0.280374 0.727273
vt 0.280374 0.772727
vt 0.280374 0.818182
vt 0.280374 0.863636
vt 0.280374 0.909091
vt 0.289720 1.000000
vt 0.289720 0.954545
vt 0.289720 0.045455
vt 0.289720 0.000000
vt 0.289720 0.090909
vt 0.289720 0.136364
vt 0.289720 0.181818
vt 0.289720 0.227273
vt 0.289720 0.272727
vt 0.289720 0.318182
vt 0.289720 0.363636
vt 0.289720 0.409091
vt 0.289720 0.454545
vt 0.289720 0.500000
vt 0.289720 0.545455
vt 0.289720 0.590909
vt 0.289720 0.636364
vt 0.289720 0.681818
vt 0.289720 0.727273
vt 0.289720 0.772727
vt 0.289720 0.818182
vt 0.289720 0.863636
vt 0.289720 0.909091
vt 0.299065 1.000000
vt 0.299065 0.954545
vt 0.299065 0.045455
vt 0.299065 0.000000
vt 0.299065 0.090909
vt 0.299065 0.136364
vt 0.299065 0.181818
vt 0.299065 0.227273
vt 0.299065 0.272727
vt 0.299065 0.318182
vt 0.299065 0.363636
vt 0.299065 0.409091
vt 0.299065 0.454545
vt 0.299065 0.500000
vt 0.299065 0.545455
vt 0.299065 0.590909
vt 0.299065 0.636364
vt 0.299065 0.681818
vt 0.299065 0.727273
vt 0.299065 0.772727
vt 0.299065 0.818182
vt 0.299065 0.863636
vt 0.299065 0.909091
vt 0.308411 1.000000
vt 0.308411 0.954545
vt 0.308411 0.045455
vt 0.308411 0.000000
vt 0.308411 0.090909
vt 0.308411 0.136364
vt 0.308411 0.181818
vt 0.308411 0.227273
vt 0.308411 0.272727
vt 0.308411 0.318182
vt 0.308411 0.363636
vt 0.308411 0.409091
vt 0.308411 0.454545
vt 0.308411 0.500000
vt 0.308411 0.545455
vt 0.308411 0.590909
vt 0.308411 0.636364
vt 0.308411 0.681818
vt 0.308411 0.727273
vt 0.308411 0.772727
vt 0.308411 0.818182
vt 0.308411 0.863636
vt 0.308411 0.909091
vt 0.317757 1.000000
vt 0.317757 0.954545
vt 0.317757 0.045455
vt 0.317757 0.000000
vt 0.317757 0.090909
vt 0.317757 0.136364
vt 0.317757 0.181818
vt 0.317757 0.227273
vt 0.317757 0.272727
vt 0.317757 0.318182
vt 0.317757 0.363636
vt 0.317757 0.409091
vt 0.317757 0.454545
vt 0.317757 0.500000
vt 0.317757 0.545455
vt 0.317757 0.590909
vt 0.317757 0.636364
vt 0.317757 0.681818
vt 0.317757 0.727273
vt 0.317757 0.772727
vt 0.317757 0.818182
vt 0.317757 0.863636
vt 0.317757 0.909091
vt 0.327103 1.000000
vt 0.327103 0.954545
vt 0.327103 0.045455
vt 0.327103 0.000000
vt 0.327103 0.090909
vt 0.327103 0.136364
vt 0.327103 0.181818
vt 0.327103 0.227273
vt 0.327103 0.272727
vt 0.327103 0.318182
vt 0.327103 0.363636
vt 0.327103 0.409091
vt 0.327103 0.454545
vt 0.327103 0.500000
vt 0.327103 0.545455
vt 0.327103 0.590909
vt 0.327103 0.636364
vt 0.327103 0.681818
vt 0.327103 0.727273
vt 0.327103 0.772727
vt 0.327103 0.818182
vt 0.327103 0.863636
vt 0.327103 0.909091
vt 0.336449 1.000000
vt 0.336449 0.954545
vt 0.336449 0.045455
vt 0.336449 0.000000
vt 0.336449 0.090909
vt 0.336449 0.136364
vt 0.336449 0.181818
vt 0.336449 0.227273
vt 0.336449 0.272727
vt 0.336449 0.318182
vt 0.336449 0.363636
vt 0.336449 0.409091
vt 0.336449 0.454545
vt 0.336449 0.500000
vt 0.336449 0.545455
vt 0.336449 0.590909
vt 0.336449 0.636364
vt 0.336449 0.681818
vt 0.336449 0.727273
vt 0.336449 0.772727
vt 0.336449 0.818182
vt 0.336449 0.863636
vt 0.336449 0.909091
vt 0.345794 1.000000
vt 0.345794 0.954545
vt 0.345794 0.045455
vt 0.345794 0.000000
vt 0.345794 0.090909
vt 0.345794 0.136364
vt 0.345794 0.181818
vt 0.345794 0.227273
vt 0.345794 0.272727
vt 0.345794 0.318182
vt 0.345794 0.363636
vt 0.345794 0.409091
vt 0.345794 0.454545
vt 0.345794 0.500000
vt 0.345794 0.545455
vt 0.345794 0.590909
vt 0.345794 0.636364
vt 0.345794 0.681818
vt 0.345794 0.727273
vt 0.345794 0.772727
vt 0.345794 0.818182
vt 0.345794 0.863636
vt 0.345794 0.909091
vt 0.355140 1.000000
vt 0.355140 0.954545
vt 0.355140 0.045455
vt 0.355140 0.000000
vt 0.355140 0.090909
vt 0.355140 0.136364
vt 0.355140 0.181818
vt 0.355140 0.227273
vt 0.355140 0.272727
vt 0.355140 0.318182
vt 0.355140 0.363636
vt 0.355140 0.409091
vt 0.355140 0.454545
vt 0.355140 0.500000
vt 0.355140 0.545455
vt 0.355140 0.590909
vt 0.355140 0.636364
vt 0.355140 0.681818
vt 0.355140 0.727273
vt 0.355140 0.772727
vt 0.355140 0.818182
vt 0.355140 0.863636
vt 0.355140 0.909091
vt 0.364486 1.000000
vt 0.364486 0.954545
vt 0.364486 0.045455
vt 0.364486 0.000000
vt 0.364486 0.090909
vt 0.364486 0.136364
vt 0.364486 0.181818
vt 0.364486 0.227273
vt 0.364486 0.272727
vt 0.364486 0.318182
vt 0.364486 0.363636
vt 0.364486 0.409091
vt 0.364486 0.454545
vt 0.364486 0.500000
vt 0.364486 0.545455
vt 0.364486 0.590909
vt 0.364486 0.636364
vt 0.364486 0.681818
vt 0.364486 0.727273
vt 0.364486 0.772727
vt 0.364486 0.818182
vt 0.364486 0.863636
vt 0.364486 0.909091
vt 0.373832 1.000000
vt 0.373832 0.954545
vt 0.373832 0.045455
vt 0.373832 0.000000
vt 0.373832 0.090909
vt 0.373832 0.136364
vt 0.373832 0.181818
vt 0.373832 0.227273
vt 0.373832 0.272727
vt 0.373832 0.318182
vt 0.373832 0.363636
vt 0.373832 0.409091
vt 0.373832 0.454545
vt 0.373832 0.500000
vt 0.373832 0.545455
vt 0.373832 0.590909
vt 0.373832 0.636364
vt 0.373832 0.681818
vt 0.373832 0.727273
vt 0.373832 0.772727
vt 0.373832 0.818182
vt 0.373832 0.863636
vt 0.373832 0.909091
vt 0.383178 1.000000
vt 0.383178 0.954545
vt 0.383178 0.045455
vt 0.383178 0.000000
vt 0.383178 0.090909
vt 0.383178 0.136364
vt 0.383178 0.181818
vt 0.383178 0.227273
vt 0.383178 0.272727
vt 0.383178 0.318182
vt 0.383178 0.363636
vt 0.383178 0.409091
vt 0.383178 0.454545
vt 0.383178 0.500000
vt 0.383178 0.545455
vt 0.383178 0.590909
vt 0.383178 0.636364
vt 0.383178 0.681818
vt 0.383178 0.727273
vt 0.383178 0.772727
vt 0.383178 0.818182
vt 0.383178 0.863636
vt 0.383178 0.909091
vt 0.392523 1.000000
vt 0.392523 0.954545
vt 0.392523 0.045455
vt 0.392523 0.000000
vt 0.392523 0.090909
vt 0.392523 0.136364
vt 0.392523 0.181818
vt 0.392523 0.227273
vt 0.392523 0.272727
vt 0.392523 0.318182
vt 0.392523 0.363636
vt 0.392523 0.409091
vt 0.392523 0.454545
vt 0.392523 0.500000
vt 0.392523 0.545455
vt 0.392523 0.590909
vt 0.392523 0.636364
vt 0.392523 0.681818
vt 0.392523 0.727273
vt 0.392523 0.772727
vt 0.392523 0.818182
vt 0.392523 0.863636
vt 0.392523 0.909091
vt 0.401869 1.000000
vt 0.401869 0.954545
vt 0.401869 0.045455
vt 0.401869 0.000000
vt 0.401869 0.090909
vt 0.401869 0.136364
vt 0.401869 0.181818
vt 0.401869 0.227273
vt 0.401869 0.272727
vt 0.401869 0.318182
vt 0.401869 0.363636
vt 0.401869 0.409091
vt 0.401869 0.454545
vt 0.401869 0.500000
vt 0.401869 0.545455
vt 0.401869 0.590909
vt 0.401869 0.636364
vt 0.401869 0.681818
vt 0.401869 0.727273
vt 0.401869 0.772727
vt 0.401869 0.818182
vt 0.401869 0.863636
vt 0.401869 0.909091
vt 0.411215 1.000000
vt 0.411215 0.954545
vt 0.411215 0.045455
vt 0.411215 0.000000
vt 0.411215 0.090909
vt 0.411215 0.136364
vt 0.411215 0.181818
vt 0.411215 0.227273
vt 0.411215 0.272727
vt 0.411215 0.318182
vt 0.411215 0.363636
vt 0.411215 0.409091
vt 0.411215 0.454545
vt 0.411215 0.500000
vt 0.411215 0.545455
vt 0.411215 0.590909
vt 0.411215 0.636364
vt 0.411215 0.681818
vt 0.411215 0.727273
vt 0.411215 0.772727
vt 0.411215 0.818182
vt 0.411215 0.863636
vt 0.411215 0.909091
vt 0.420561 1.000000
vt 0.420561 0.954545
vt 0.420561 0.045455
vt 0.420561 0.000000
vt 0.420561 0.090909
vt 0.420561 0.136364
vt 0.420561 0.181818
vt 0.420561 0.227273
vt 0.420561 0.272727
vt 0.420561 0.318182
vt 0.420561 0.363636
vt 0.420561 0.409091
vt 0.420561 0.454545
vt 0.420561 0.500000
vt 0.420561 0.545455
vt 0.420561 0.590909
vt 0.420561 0.636364
vt 0.420561 0.681818
vt 0.420561 0.727273
vt 0.420561 0.772727
vt 0.420561 0.818182
vt 0.420561 0.863636
vt 0.420561 0.909091
vt 0.429907 1.000000
vt 0.429907 0.954545
vt 0.429907 0.045455
vt 0.429907 0.000000
vt 0.429907 0.090909
vt 0.429907 0.136364
vt 0.429907 0.181818
vt 0.429907 0.227273
vt 0.429907 0.272727
vt 0.429907 0.318182
vt 0.429907 0.363636
vt 0.429907 0.409091
vt 0.429907 0.454545
vt 0.429907 0.500000
vt 0.429907 0.545455
vt 0.429907 0.590909
vt 0.429907 0.636364
vt 0.429907 0.681818
vt 0.429907 0.727273
vt 0.429907 0.772727
vt 0.429907 0.818182
vt 0.429907 0.863636
vt 0.429907 0.909091
vt 0.439252 1.000000
vt 0.439252 0.954545
vt 0.439252 0.045455
vt 0.439252 0.000000
vt 0.439252 0.090909
vt 0.439252 0.136364
vt 0.439252 0.181818
vt 0.439252 0.227273
vt 0.439252 0.272727
vt 0.439252 0.318182
vt 0.439252 0.363636
vt 0.439252 0.409091
vt 0.439252 0.454545
vt 0.439252 0.500000
vt 0.439252 0.545455
vt 0.439252 0.590909
vt 0.439252 0.636364
vt 0.439252 0.681818
vt 0.439252 0.727273
vt 0.439252 0.772727
vt 0.439252 0.818182
vt 0.439252 0.863636
vt 0.439252 0.909091
vt 0.448598 1.000000
vt 0.448598 0.954545
vt 0.448598 0.045455
vt 0.448598 0.000000
vt 0.448598 0.090909
vt 0.448598 0.136364
vt 0.448598 0.181818
vt 0.448598 0.227273
vt 0.448598 0.272727
vt 0.448598 0.318182
vt 0.448598 0.363636
vt 0.448598 0.409091
vt 0.448598 0.454545
vt 0.448598 0.500000
vt 0.448598 0.545455
vt 0.448598 0.590909
vt 0.448598 0.636364
vt 0.448598 0.681818
vt 0.448598 0.727273
vt 0.448598 0.772727
vt 0.448598 0.818182
vt 0.448598 0.863636
vt 0.448598 0.909091
vt 0.457944 1.000000
vt 0.457944 0.954545
vt 0.457944 0.045455
vt 0.457944 0.000000
vt 0.457944 0.090909
vt 0.457944 0.136364
vt 0.457944 0.181818
vt 0.457944 0.227273
vt 0.457944 0.272727
vt 0.457944 0.318182
vt 0.457944 0.363636
vt 0.457944 0.409091
vt 0.457944 0.454545
vt 0.457944 0.500000
vt 0.457944 0.545455
vt 0.457944 0.590909
vt 0.457944 0.636364
vt 0.457944 0.681818
vt 0.457944 0.727273
vt 0.457944 0.772727
vt 0.457944 0.818182
vt 0.457944 0.863636
vt 0.457944 0.909091
vt 0.467290 1.000000
vt 0.467290 0.954545
vt 0.467290 0.045455
vt 0.467290 0.000000
vt 0.467290 0.090909
vt 0.467290 0.136364
vt 0.467290 0.181818
vt 0.467290 0.227273
vt 0.467290 0.272727
vt 0.467290 0.318182
vt 0.467290 0.363636
vt 0.467290 0.409091
vt 0.467290 0.454545
vt 0.467290 0.500000
vt 0.467290 0.545455
vt 0.467290 0.590909
vt 0.467290 0.636364
vt 0.467290 0.681818
vt 0.467290 0.727273
vt 0.467290 0.772727
vt 0.467290 0.818182
vt 0.467290 0.863636
vt 0.467290 0.909091
vt 0.476636 1.000000
vt 0.476636 0.954545
vt 0.476636 0.045455
vt 0.476636 0.000000
vt 0.476636 0.090909
vt 0.476636 0.136364
vt 0.476636 0.181818
vt 0.476636 0.227273
vt 0.476636 0.272727
vt 0.476636 0.318182
vt 0.476636 0.363636
vt 0.476636 0.409091
vt 0.476636 0.454545
vt 0.476636 0.500000
vt 0.476636 0.545455
vt 0.476636 0.590909
vt 0.476636 0.636364
vt 0.476636 0.681818
vt 0.476636 0.727273
vt 0.476636 0.772727
vt 0.476636 0.818182
vt 0.476636 0.863636
vt 0.476636 0.909091
vt 0.485981 1.000000
vt 0.485981 0.954545
vt 0.485981 0.045455
vt 0.485981 0.000000
vt 0.485981 0.090909
vt 0.485981 0.136364
vt 0.485981 0.181818
vt 0.485981 0.227273
vt 0.485981 0.272727
vt 0.485981 0.318182
vt 0.485981 0.363636
vt 0.485981 0.409091
vt 0.485981 0.454545
vt 0.485981 0.500000
vt 0.485981 0.545455
vt 0.485981 0.590909
vt 0.485981 0.636364
vt 0.485981 0.681818
vt 0.485981 0.727273
vt 0.485981 0.772727
vt 0.485981 0.818182
vt 0.485981 0.863636
vt 0.485981 0.909091
vt 0.495327 1.000000
vt 0.495327 0.954545
vt 0.495327 0.045455
vt 0.495327 0.000000
vt 0.495327 0.090909
vt 0.495327 0.136364
vt 0.495327 0.181818
vt 0.495327 0.227273
vt 0.495327 0.272727
vt 0.495327 0.318182
vt 0.495327 0.363636
vt 0.495327 0.409091
vt 0.495327 0.454545
vt 0.495327 0.500000
vt 0.495327 0.545455
vt 0.495327 0.590909
vt 0.495327 0.636364
vt 0.495327 0.681818
vt 0.495327 0.727273
vt 0.495327 0.772727
vt 0.495327 0.818182
vt 0.495327 0.863636
vt 0.495327 0.909091
vt 0.504673 1.000000
vt 0.504673 0.954545
vt 0.504673 0.045455
vt 0.504673 0.000000
vt 0.504673 0.090909
vt 0.504673 0.136364
vt 0.504673 0.181818
vt 0.504673 0.227273
vt 0.504673 0.272727
vt 0.504673 0.318182
vt 0.504673 0.363636
vt 0.504673 0.409091
vt 0.504673 0.454545
vt 0.504673 0.500000
vt 0.504673 0.545455
vt 0.504673 0.590909
vt 0.504673 0.636364
vt 0.504673 0.681818
vt 0.504673 0.727273
vt 0.504673 0.772727
vt 0.504673 0.818182
vt 0.504673 0.863636
vt 0.504673 0.909091
vt 0.514019 1.000000
vt 0.514019 0.954545
vt 0.514019 0.045455
vt 0.514019 0.000000
vt 0.514019 0.090909
vt 0.514019 0.136364
vt 0.514019 0.181818
vt 0.514019 0.227273
vt 0.514019 0.272727
vt 0.514019 0.318182
vt 0.514019 0.363636
vt 0.514019 0.409091
vt 0.514019 0.454545
vt 0.514019 0.500000
vt 0.514019 0.545455
vt 0.514019 0.590909
vt 0.514019 0.636364
vt 0.514019 0.681818
vt 0.514019 0.727273
vt 0.514019 0.772727
vt 0.514019 0.818182
vt 0.514019 0.863636
vt 0.514019 0.909091
vt 0.523364 1.000000
vt 0.523364 0.954545
vt 0.523364 0.045455
vt 0.523364 0.000000
vt 0.523364 0.090909
vt 0.523364 0.136364
vt 0.523364 0.181818
vt 0.523364 0.227273
vt 0.523364 0.272727
vt 0.523364 0.318182
vt 0.523364 0.363636
vt 0.523364 0.409091
vt 0.523364 0.454545
vt 0.523364 0.500000
vt 0.523364 0.545455
vt 0.523364 0.590909
vt 0.523364 0.636364
vt 0.523364 0.681818
vt 0.523364 0.727273
vt 0.523364 0.772727
vt 0.523364 0.818182
vt 0.523364 0.863636
vt 0.523364 0.909091
vt 0.532710 1.000000
vt 0.532710 0.954545
vt 0.532710 0.045455
vt 0.532710 0.000000
vt 0.532710 0.090909
vt 0.532710 0.136364
vt 0.532710 0.181818
vt 0.532710 0.227273
vt 0.532710 0.272727
vt 0.532710 0.318182
vt 0.532710 0.363636
vt 0.532710 0.409091
vt 0.532710 0.454545
vt 0.532710 0.500000
vt 0.532710 0.545455
vt 0.532710 0.590909
vt 0.532710 0.636364
vt 0.532710 0.681818
vt 0.532710 0.727273
vt 0.532710 0.772727
vt 0.532710 0.818182
vt 0.532710 0.863636
vt 0.532710 0.909091
vt 0.542056 1.000000
vt 0.542056 0.954545
vt 0.542056 0.045455
vt 0.542056 0.000000
vt 0.542056 0.090909
vt 0.542056 0.136364
vt 0.542056 0.181818
vt 0.542056 0.227273
vt 0.542056 0.272727
vt 0.542056 0.318182
vt 0.542056 0.363636
vt 0.542056 0.409091
vt 0.542056 0.454545
vt 0.542056 0.500000
vt 0.542056 0.545455
vt 0.542056 0.590909
vt 0.542056 0.636364
vt 0.542056 0.681818
vt 0.542056 0.727273
vt 0.542056 0.772727
vt 0.542056 0.818182
vt 0.542056 0.863636
vt 0.542056 0.909091
vt 0.551402 1.000000
vt 0.551402 0.954545
vt 0.551402 0.045455
vt 0.551402 0.000000
vt 0.551402 0.090909
vt 0.551402 0.136364
vt 0.551402 0.181818
vt 0.551402 0.227273
vt 0.551402 0.272727
vt 0.551402 0.318182
vt 0.551402 0.363636
vt 0.551402 0.409091
vt 0.551402 0.454545
vt 0.551402 0.500000
vt 0.551402 0.545455
vt 0.551402 0.590909
vt 0.551402 0.636364
vt 0.551402 0.681818
vt 0.551402 0.727273
vt 0.551402 0.772727
vt 0.551402 0.818182
vt 0.551402 0.863636
vt 0.551402 0.909091
vt 0.560748 1.000000
vt 0.560748 0.954545
vt 0.560748 0.045455
vt 0.560748 0.000000
vt 0.560748 0.090909
vt 0.560748 0.136364
vt 0.560748 0.181818
vt 0.560748 0.227273
vt 0.560748 0.272727
vt 0.560748 0.318182
vt 0.560748 0.363636
vt 0.560748 0.409091
vt 0.560748 0.454545
vt 0.560748 0.500000
vt 0.560748 0.545455
vt 0.560748 0.590909
vt 0.560748 0.636364
vt 0.560748 0.681818
vt 0.560748 0.727273
vt 0.560748 0.772727
vt 0.560748 0.818182
vt 0.560748 0.863636
vt 0.560748 0.909091
vt 0.570093 1.000000
vt 0.570093 0.954545
vt 0.570093 0.045455
vt 0.570093 0.000000
vt 0.570093 0.090909
vt 0.570093 0.136364
vt 0.570093 0.181818
vt 0.570093 0.227273
vt 0.570093 0.272727
vt 0.570093 0.318182
vt 0.570093 0.363636
vt 0.570093 0.409091
vt 0.570093 0.454545
vt 0.570093 0.500000
vt 0.570093 0.545455
vt 0.570093 0.590909
vt 0.570093 0.636364
vt 0.570093 0.681818
vt 0.570093 0.727273
vt 0.570093 0.772727
vt 0.570093 0.818182
vt 0.570093 0.863636
vt 0.570093 0.909091
vt 0.579439 1.000000
vt 0.579439 0.954545
vt 0.579439 0.045455
vt 0.579439 0.000000
vt 0.579439 0.090909
vt 0.579439 0.136364
vt 0.579439 0.181818
vt 0.579439 0.227273
vt 0.579439 0.272727
vt 0.579439 0.318182
vt 0.579439 0.363636
vt 0.579439 0.409091
vt 0.579439 0.454545
vt 0.579439 0.500000
vt 0.579439 0.545455
vt 0.579439 0.590909
vt 0.579439 0.636364
vt 0.579439 0.681818
vt 0.579439 0.727273
vt 0.579439 0.772727
vt 0.579439 0.818182
vt 0.579439 0.863636
vt 0.579439 0.909091
vt 0.588785 1.000000
vt 0.588785 0.954545
vt 0.588785 0.045455
vt 0.588785 0.000000
vt 0.588785 0.090909
vt 0.588785 0.136364
vt 0.588785 0.181818
vt 0.588785 0.227273
vt 0.588785 0.272727
vt 0.588785 0.318182
vt 0.588785 0.363636
vt 0.588785 0.409091
vt 0.588785 0.454545
vt 0.588785 0.500000
vt 0.588785 0.545455
vt 0.588785 0.590909
vt 0.588785 0.636364
vt 0.588785 0.681818
vt 0.588785 0.727273
vt 0.588785 0.772727
vt 0.588785 0.818182
vt 0.588785 0.863636
vt 0.588785 0.909091
vt 0.598131 1.000000
vt 0.598131 0.954545
vt 0.598131 0.045455
vt 0.598131 0.000000
vt 0.598131 0.090909
vt 0.598131 0.136364
vt 0.598131 0.181818
vt 0.598131 0.227273
vt 0.598131 0.272727
vt 0.598131 0.318182
vt 0.598131 0.363636
vt 0.598131 0.409091
vt 0.598131 0.454545
vt 0.598131 0.500000
vt 0.598131 0.545455
vt 0.598131 0.590909
vt 0.598131 0.636364
vt 0.598131 0.681818
vt 0.598131 0.727273
vt 0.598131 0.772727
vt 0.598131 0.818182
vt 0.598131 0.863636
vt 0.598131 0.909091
vt 0.607477 1.000000
vt 0.607477 0.954545
vt 0.607477 0.045455
vt 0.607477 0.000000
vt 0.607477 0.090909
vt 0.607477 0.136364
vt 0.607477 0.181818
vt 0.607477 0.227273
vt 0.607477 0.272727
vt 0.607477 0.318182
vt 0.607477 0.363636
vt 0.607477 0.409091
vt 0.607477 0.454545
vt 0.607477 0.500000
vt 0.607477 0.545455
vt 0.607477 0.590909
vt 0.607477 0.636364
vt 0.607477 0.681818
vt 0.607477 0.727273
vt 0.607477 0.772727
vt 0.607477 0.818182
vt 0.607477 0.863636
vt 0.607477 0.909091
vt 0.616822 1.000000
vt 0.616822 0.954545
vt 0.616822 0.045455
vt 0.616822 0.000000
vt 0.616822 0.090909
vt 0.616822 0.136364
vt 0.616822 0.181818
vt 0.616822 0.227273
vt 0.616822 0.272727
vt 0.616822 0.318182
vt 0.616822 0.363636
vt 0.616822 0.409091
vt 0.616822 0.454545
vt 0.616822 0.500000
vt 0.616822 0.545455
vt 0.616822 0.590909
vt 0.616822 0.636364
vt 0.616822 0.681818
vt 0.616822 0.727273
vt 0.616822 0.772727
vt 0.616822 0.818182
vt 0.616822 0.863636
vt 0.616822 0.909091
vt 0.626168 1.000000
vt 0.626168 0.954545
vt 0.626168 0.045455
vt 0.626168 0.000000
vt 0.626168 0.090909
vt 0.626168 0.136364
vt 0.626168 0.181818
vt 0.626168 0.227273
vt 0.626168 0.272727
vt 0.626168 0.318182
vt 0.626168 0.363636
vt 0.626168 0.409091
vt 0.626168 0.454545
vt 0.626168 0.500000
vt 0.626168 0.545455
vt 0.626168 0.590909
vt 0.626168 0.636364
vt 0.626168 0.681818
vt 0.626168 0.727273
vt 0.626168 0.772727
vt 0.626168 0.818182
vt 0.626168 0.863636
vt 0.626168 0.909091
vt 0.635514 1.000000
vt 0.635514 0.954545
vt 0.635514 0.045455
vt 0.635514 0.000000
vt 0.635514 0.090909
vt 0.635514 0.136364
vt 0.635514 0.181818
vt 0.635514 0.227273
vt 0.635514 0.272727
vt 0.635514 0.318182
vt 0.635514 0.363636
vt 0.635514 0.409091
vt 0.635514 0.454545
vt 0.635514 0.500000
vt 0.635514 0.545455
vt 0.635514 0.590909
vt 0.635514 0.636364
vt 0.635514 0.681818
vt 0.635514 0.727273
vt 0.635514 0.772727
vt 0.635514 0.818182
vt 0.635514 0.863636
vt 0.635514 0.909091
vt 0.644860 1.000000
vt 0.644860 0.954545
vt 0.644860 0.045455
vt 0.644860 0.000000
vt 0.644860 0.090909
vt 0.644860 0.136364
vt 0.644860 0.181818
vt 0.644860 0.227273
vt 0.644860 0.272727
vt 0.644860 0.318182
vt 0.644860 0.363636
vt 0.644860 0.409091
vt 0.644860 0.454545
vt 0.644860 0.500000
vt 0.644860 0.545455
vt 0.644860 0.590909
vt 0.644860 0.636364
vt 0.644860 0.681818
vt 0.644860 0.727273
vt 0.644860 0.772727
vt 0.644860 0.818182
vt 0.644860 0.863636
vt 0.644860 0.909091
vt 0.654206 1.000000
vt 0.654206 0.954545
vt 0.654206 0.045455
vt 0.654206 0.000000
vt 0.654206 0.090909
vt 0.654206 0.136364
vt 0.654206 0.181818
vt 0.654206 0.227273
vt 0.654206 0.272727
vt 0.654206 0.318182
vt 0.654206 0.363636
vt 0.654206 0.409091
vt 0.654206 0.454545
vt 0.654206 0.500000
vt 0.654206 0.545455
vt 0.654206 0.590909
vt 0.654206 0.636364
vt 0.654206 0.681818
vt 0.654206 0.727273
vt 0.654206 0.772727
vt 0.654206 0.818182
vt 0.654206 0.863636
vt 0.654206 0.909091
vt 0.663551 1.000000
vt 0.663551 0.954545
vt 0.663551 0.045455
vt 0.663551 0.000000
vt 0.663551 0.090909
vt 0.663551 0.136364
vt 0.663551 0.181818
vt 0.663551 0.227273
vt 0.663551 0.272727
vt 0.663551 0.318182
vt 0.663551 0.363636
vt 0.663551 0.409091
vt 0.663551 0.454545
vt 0.663551 0.500000
vt 0.663551 0.545455
vt 0.663551 0.590909
vt 0.663551 0.636364
vt 0.663551 0.681818
vt 0.663551 0.727273
vt 0.663551 0.772727
vt 0.663551 0.818182
vt 0.663551 0.863636
vt 0.663551 0.909091
vt 0.672897 1.000000
vt 0.672897 0.954545
vt 0.672897 0.045455
vt 0.672897 0.000000
vt 0.672897 0.090909
vt 0.672897 0.136364
vt 0.672897 0.181818
vt 0.672897 0.227273
vt 0.672897 0.272727
vt 0.672897 0.318182
vt 0.672897 0.363636
vt 0.672897 0.409091
vt 0.672897 0.454545
vt 0.672897 0.500000
vt 0.672897 0.545455
vt 0.672897 0.590909
vt 0.672897 0.636364
vt 0.672897 0.681818
vt 0.672897 0.727273
vt 0.672897 0.772727
vt 0.672897 0.818182
vt 0.672897 0.863636
vt 0.672897 0.909091
vt 0.682243 1.000000
vt 0.682243 0.954545
vt 0.682243 0.045455
vt 0.682243 0.000000
vt 0.682243 0.090909
vt 0.682243 0.136364
vt 0.682243 0.181818
vt 0.682243 0.227273
vt 0.682243 0.272727
vt 0.682243 0.318182
vt 0.682243 0.363636
vt 0.682243 0.409091
vt 0.682243 0.454545
vt 0.682243 0.500000
vt 0.682243 0.545455
vt 0.682243 0.590909
vt 0.682243 0.636364
vt 0.682243 0.681818
vt 0.682243 0.727273
vt 0.682243 0.772727
vt 0.682243 0.818182
vt 0.682243 0.863636
vt 0.682243 0.909091
vt 0.691589 1.000000
vt 0.691589 0.954545
vt 0.691589 0.045455
vt 0.691589 0.000000
vt 0.691589 0.090909
vt 0.691589 0.136364
vt 0.691589 0.181818
vt 0.691589 0.227273
vt 0.691589 0.272727
vt 0.691589 0.318182
vt 0.691589 0.363636
vt 0.691589 0.409091
vt 0.691589 0.454545
vt 0.691589 0.500000
vt 0.691589 0.545455
vt 0.691589 0.590909
vt 0.691589 0.636364
vt 0.691589 0.681818
vt 0.691589 0.727273
vt 0.691589 0.772727
vt 0.691589 0.818182
vt 0.691589 0.863636
vt 0.691589 0.909091
vt 0.700935 1.000000
vt 0.700935 0.954545
vt 0.700935 0.045455
vt 0.700935 0.000000
vt 0.700935 0.090909
vt 0.700935 0.136364
vt 0.700935 0.181818
vt 0.700935 0.227273
vt 0.700935 0.272727
vt 0.700935 0.318182
vt 0.700935 0.363636
vt 0.700935 0.409091
vt 0.700935 0.454545
vt 0.700935 0.500000
vt 0.700935 0.545455
vt 0.700935 0.590909
vt 0.700935 0.636364
vt 0.700935 0.681818
vt 0.700935 0.727273
vt 0.700935 0.772727
vt 0.700935 0.818182
vt 0.700935 0.863636
vt 0.700935 0.909091
vt 0.710280 1.000000
vt 0.710280 0.954545
vt 0.710280 0.045455
vt 0.710280 0.000000
vt 0.710280 0.090909
vt 0.710280 0.136364
vt 0.710280 0.181818
vt 0.710280 0.227273
vt 0.710280 0.272727
vt 0.710280 0.318182
vt 0.710280 0.363636
vt 0.710280 0.409091
vt 0.710280 0.454545
vt 0.710280 0.500000
vt 0.710280 0.545455
vt 0.710280 0.590909
vt 0.710280 0.636364
vt 0.710280 0.681818
vt 0.710280 0.727273
vt 0.710280 0.772727
vt 0.710280 0.818182
vt 0.710280 0.863636
vt 0.710280 0.909091
vt 0.719626 1.000000
vt 0.719626 0.954545
vt 0.719626 0.045455
vt 0.719626 0.000000
vt 0.719626 0.090909
vt 0.719626 0.136364
vt 0.719626 0.181818
vt 0.719626 0.227273
vt 0.719626 0.272727
vt 0.719626 0.318182
vt 0.719626 0.363636
vt 0.719626 0.409091
vt 0.719626 0.454545
vt 0.719626 0.500000
vt 0.719626 0.545455
vt 0.719626 0.590909
vt 0.719626 0.636364
vt 0.719626 0.681818
vt 0.719626 0.727273
vt 0.719626 0.772727
vt 0.719626 0.818182
vt 0.719626 0.863636
vt 0.719626 0.909091
vt 0.728972 1.000000
vt 0.728972 0.954545
vt 0.728972 0.045455
vt 0.728972 0.000000
vt 0.728972 0.090909
vt 0.728972 0.136364
vt 0.728972 0.181818
vt 0.728972 0.227273
vt 0.728972 0.272727
vt 0.728972 0.318182
vt 0.728972 0.363636
vt 0.728972 0.409091
vt 0.728972 0.454545
vt 0.728972 0.500000
vt 0.728972 0.545455
vt 0.728972 0.590909
vt 0.728972 0.636364
vt 0.728972 0.681818
vt 0.728972 0.727273
vt 0.728972 0.772727
vt 0.728972 0.818182
vt 0.728972 0.863636
vt 0.728972 0.909091
vt 0.738318 1.000000
vt 0.738318 0.954545
vt 0.738318 0.045455
vt 0.738318 0.000000
vt 0.738318 0.090909
vt 0.738318 0.136364
vt 0.738318 0.181818
vt 0.738318 0.227273
vt 0.738318 0.272727
vt 0.738318 0.318182
vt 0.738318 0.363636
vt 0.738318 0.409091
vt 0.738318 0.454545
vt 0.738318 0.500000
vt 0.738318 0.545455
vt 0.738318 0.590909
vt 0.738318 0.636364
vt 0.738318 0.681818
vt 0.738318 0.727273
vt 0.738318 0.772727
vt 0.738318 0.818182
vt 0.738318 0.863636
vt 0.738318 0.909091
vt 0.747664 1.000000
vt 0.747664 0.954545
vt 0.747664 0.045455
vt 0.747664 0.000000
vt 0.747664 0.090909
vt 0.747664 0.136364
vt 0.747664 0.181818
vt 0.747664 0.227273
vt 0.747664 0.272727
vt 0.747664 0.318182
vt 0.747664 0.363636
vt 0.747664 0.409091
vt 0.747664 0.454545
vt 0.747664 0.500000
vt 0.747664 0.545455
vt 0.747664 0.590909
vt 0.747664 0.636364
vt 0.747664 0.681818
vt 0.747664 0.727273
vt 0.747664 0.772727
vt 0.747664 0.818182
vt 0.747664 0.863636
vt 0.747664 0.909091
vt 0.757009 1.000000
vt 0.757009 0.954545
vt 0.757009 0.045455
vt 0.757009 0.000000
vt 0.757009 0.090909
vt 0.757009 0.136364
vt 0.757009 0.181818
vt 0.757009 0.227273
vt 0.757009 0.272727
vt 0.757009 0.318182
vt 0.757009 0.363636
vt 0.757009 0.409091
vt 0.757009 0.454545
vt 0.757009 0.500000
vt 0.757009 0.545455
vt 0.757009 0.590909
vt 0.757009 0.636364
vt 0.757009 0.681818
vt 0.757009 0.727273
vt 0.757009 0.772727
vt 0.757009 0.818182
vt 0.757009 0.863636
vt 0.757009 0.909091
vt 0.766355 1.000000
vt 0.766355 0.954545
vt 0.766355 0.045455
vt 0.766355 0.000000
vt 0.766355 0.090909
vt 0.766355 0.136364
vt 0.766355 0.181818
vt 0.766355 0.227273
vt 0.766355 0.272727
vt 0.766355 0.318182
vt 0.766355 0.363636
vt 0.766355 0.409091
vt 0.766355 0.454545
vt 0.766355 0.500000
vt 0.766355 0.545455
vt 0.766355 0.590909
vt 0.766355 0.636364
vt 0.766355 0.681818
vt 0.766355 0.727273
vt 0.766355 0.772727
vt 0.766355 0.818182
vt 0.766355 0.863636
vt 0.766355 0.909091
vt 0.775701 1.000000
vt 0.775701 0.954545
vt 0.775701 0.045455
vt 0.775701 0.000000
vt 0.775701 0.090909
vt 0.775701 0.136364
vt 0.775701 0.181818
vt 0.775701 0.227273
vt 0.775701 0.272727
vt 0.775701 0.318182
vt 0.775701 0.363636
vt 0.775701 0.409091
vt 0.775701 0.454545
vt 0.775701 0.500000
vt 0.775701 0.545455
vt 0.775701 0.590909
vt 0.775701 0.636364
vt 0.775701 0.681818
vt 0.775701 0.727273
vt 0.775701 0.772727
vt 0.775701 0.818182
vt 0.775701 0.863636
vt 0.775701 0.909091
vt 0.785047 1.000000
vt 0.785047 0.954545
vt 0.785047 0.045455
vt 0.785047 0.000000
vt 0.785047 0.090909
vt 0.785047 0.136364
vt 0.785047 0.181818
vt 0.785047 0.227273
vt 0.785047 0.272727
vt 0.785047 0.318182
vt 0.785047 0.363636
vt 0.785047 0.409091
vt 0.785047 0.454545
vt 0.785047 0.500000
vt 0.785047 0.545455
vt 0.785047 0.590909
vt 0.785047 0.636364
vt 0.785047 0.681818
vt 0.785047 0.727273
vt 0.785047 0.772727
vt 0.785047 0.818182
vt 0.785047 0.863636
vt 0.785047 0.909091
vt 0.794393 1.000000
vt 0.794393 0.954545
vt 0.794393 0.045455
vt 0.794393 0.000000
vt 0.794393 0.090909
vt 0.794393 0.136364
vt 0.794393 0.181818
vt 0.794393 0.227273
vt 0.794393 0.272727
vt 0.794393 0.318182
vt 0.794393 0.363636
vt 0.794393 0.409091
vt 0.794393 0.454545
vt 0.794393 0.500000
vt 0.794393 0.545455
vt 0.794393 0.590909
vt 0.794393 0.636364
vt 0.794393 0.681818
vt 0.794393 0.727273
vt 0.794393 0.772727
vt 0.794393 0.818182
vt 0.794393 0.863636
vt 0.794393 0.909091
vt 0.803738 1.000000
vt 0.803738 0.954545
vt 0.803738 0.045455
vt 0.803738 0.000000
vt 0.803738 0.090909
vt 0.803738 0.136364
vt 0.803738 0.181818
vt 0.803738 0.227273
vt 0.803738 0.272727
vt 0.803738 0.318182
vt 0.803738 0.363636
vt 0.803738 0.409091
vt 0.803738 0.454545
vt 0.803738 0.500000
vt 0.803738 0.545455
vt 0.803738 0.590909
vt 0.803738 0.636364
vt 0.803738 0.681818
vt 0.803738 0.727273
vt 0.803738 0.772727
vt 0.803738 0.818182
vt 0.803738 0.863636
vt 0.803738 0.909091
vt 0.813084 1.000000
vt 0.813084 0.954545
vt 0.813084 0.045455
vt 0.813084 0.000000
vt 0.813084 0.090909
vt 0.813084 0.136364
vt 0.813084 0.181818
vt 0.813084 0.227273
vt 0.813084 0.272727
vt 0.813084 0.318182
vt 0.813084 0.363636
vt 0.813084 0.409091
vt 0.813084 0.454545
vt 0.813084 0.500000
vt 0.813084 0.545455
vt 0.813084 0.590909
vt 0.813084 0.636364
vt 0.813084 0.681818
vt 0.813084 0.727273
vt 0.813084 0.772727
vt 0.813084 0.818182
vt 0.813084 0.863636
vt 0.813084 0.909091
vt 0.822430 1.000000
vt 0.822430 0.954545
vt 0.822430 0.045455
vt 0.822430 0.000000
vt 0.822430 0.090909
vt 0.822430 0.136364
vt 0.822430 0.181818
vt 0.822430 0.227273
vt 0.822430 0.272727
vt 0.822430 0.318182
vt 0.822430 0.363636
vt 0.822430 0.409091
vt 0.822430 0.454545
vt 0.822430 0.500000
vt 0.822430 0.545455
vt 0.822430 0.590909
vt 0.822430 0.636364
vt 0.822430 0.681818
vt 0.822430 0.727273
vt 0.822430 0.772727
vt 0.822430 0.818182
vt 0.822430 0.863636
vt 0.822430 0.909091
vt 0.831776 1.000000
vt 0.831776 0.954545
vt 0.831776 0.045455
vt 0.831776 0.000000
vt 0.831776 0.090909
vt 0.831776 0.136364
vt 0.831776 0.181818
vt 0.831776 0.227273
vt 0.831776 0.272727
vt 0.831776 0.318182
vt 0.831776 0.363636
vt 0.831776 0.409091
vt 0.831776 0.454545
vt 0.831776 0.500000
vt 0.831776 0.545455
vt 0.831776 0.590909
vt 0.831776 0.636364
vt 0.831776 0.681818
vt 0.831776 0.727273
vt 0.831776 0.772727
vt 0.831776 0.818182
vt 0.831776 0.863636
vt 0.831776 0.909091
vt 0.841121 1.000000
vt 0.841121 0.954545
vt 0.841121 0.045455
vt 0.841121 0.000000
vt 0.841121 0.090909
vt 0.841121 0.136364
vt 0.841121 0.181818
vt 0.841121 0.227273
vt 0.841121 0.272727
vt 0.841121 0.318182
vt 0.841121 0.363636
vt 0.841121 0.409091
vt 0.841121 0.454545
vt 0.841121 0.500000
vt 0.841121 0.545455
vt 0.841121 0.590909
vt 0.841121 0.636364
vt 0.841121 0.681818
vt 0.841121 0.727273
vt 0.841121 0.772727
vt 0.841121 0.818182
vt 0.841121 0.863636
vt 0.841121 0.909091
vt 0.850467 1.000000
vt 0.850467 0.954545
vt 0.850467 0.045455
vt 0.850467 0.000000
vt 0.850467 0.090909
vt 0.850467 0.136364
vt 0.850467 0.181818
vt 0.850467 0.227273
vt 0.850467 0.272727
vt 0.850467 0.318182
vt 0.850467 0.363636
vt 0.850467 0.409091
vt 0.850467 0.454545
vt 0.850467 0.500000
vt 0.850467 0.545455
vt 0.850467 0.590909
vt 0.850467 0.636364
vt 0.850467 0.681818
vt 0.850467 0.727273
vt 0.850467 0.772727
vt 0.850467 0.818182
vt 0.850467 0.863636
vt 0.850467 0.909091
vt 0.859813 1.000000
vt 0.859813 0.954545
vt 0.859813 0.045455
vt 0.859813 0.000000
vt 0.859813 0.090909
vt 0.859813 0.136364
vt 0.859813 0.181818
vt 0.859813 0.227273
vt 0.859813 0.272727
vt 0.859813 0.318182
vt 0.859813 0.363636
vt 0.859813 0.409091
vt 0.859813 0.454545
vt 0.859813 0.500000
vt 0.859813 0.545455
vt 0.859813 0.590909
vt 0.859813 0.636364
vt 0.859813 0.681818
vt 0.859813 0.727273
vt 0.859813 0.772727
vt 0.859813 0.818182
vt 0.859813 0.863636
vt 0.859813 0.909091
vt 0.869159 1.000000
vt 0.869159 0.954545
vt 0.869159 0.045455
vt 0.869159 0.000000
vt 0.869159 0.090909
vt 0.869159 0.136364
vt 0.869159 0.181818
vt 0.869159 0.227273
vt 0.869159 0.272727
vt 0.869159 0.318182
vt 0.869159 0.363636
vt 0.869159 0.409091
vt 0.869159 0.454545
vt 0.869159 0.500000
vt 0.869159 0.545455
vt 0.869159 0.590909
vt 0.869159 0.636364
vt 0.869159 0.681818
vt 0.869159 0.727273
vt 0.869159 0.772727
vt 0.869159 0.818182
vt 0.869159 0.863636
vt 0.869159 0.909091
vt 0.878505 1.000000
vt 0.878505 0.954545
vt 0.878505 0.045455
vt 0.878505 0.000000
vt 0.878505 0.090909
vt 0.878505 0.136364
vt 0.878505 0.181818
vt 0.878505 0.227273
vt 0.878505 0.272727
vt 0.878505 0.318182
vt 0.878505 0.363636
vt 0.878505 0.409091
vt 0.878505 0.454545
vt 0.878505 0.500000
vt 0.878505 0.545455
vt 0.878505 0.590909
vt 0.878505 0.636364
vt 0.878505 0.681818
vt 0.878505 0.727273
vt 0.878505 0.772727
vt 0.878505 0.818182
vt 0.878505 0.863636
vt 0.878505 0.909091
vt 0.887850 1.000000
vt 0.887850 0.954545
vt 0.887850 0.045455
vt 0.887850 0.000000
vt 0.887850 0.090909
vt 0.887850 0.136364
vt 0.887850 0.181818
vt 0.887850 0.227273
vt 0.887850 0.272727
vt 0.887850 0.318182
vt 0.887850 0.363636
vt 0.887850 0.409091
vt 0.887850 0.454545
vt 0.887850 0.500000
vt 0.887850 0.545455
vt 0.887850 0.590909
vt 0.887850 0.636364
vt 0.887850 0.681818
vt 0.887850 0.727273
vt 0.887850 0.772727
vt 0.887850 0.818182
vt 0.887850 0.863636
vt 0.887850 0.909091
vt 0.897196 1.000000
vt 0.897196 0.954545
vt 0.897196 0.045455
vt 0.897196 0.000000
vt 0.897196 0.090909
vt 0.897196 0.136364
vt 0.897196 0.181818
vt 0.897196 0.227273
vt 0.897196 0.272727
vt 0.897196 0.318182
vt 0.897196 0.363636
vt 0.897196 0.409091
vt 0.897196 0.454545
vt 0.897196 0.500000
vt 0.897196 0.545455
vt 0.897196 0.590909
vt 0.897196 0.636364
vt 0.897196 0.681818
vt 0.897196 0.727273
vt 0.897196 0.772727
vt 0.897196 0.818182
vt 0.897196 0.863636
vt 0.897196 0.909091
vt 0.906542 1.000000
vt 0.906542 0.954545
vt 0.906542 0.045455
vt 0.906542 0.000000
vt 0.906542 0.090909
vt 0.906542 0.136364
vt 0.906542 0.181818
vt 0.906542 0.227273
vt 0.906542 0.272727
vt 0.906542 0.318182
vt 0.906542 0.363636
vt 0.906542 0.409091
vt 0.906542 0.454545
vt 0.906542 0.500000
vt 0.906542 0.545455
vt 0.906542 0.590909
vt 0.906542 0.636364
vt 0.906542 0.681818
vt 0.906542 0.727273
vt 0.906542 0.772727
vt 0.906542 0.818182
vt 0.906542 0.863636
vt 0.906542 0.909091
vt 0.915888 1.000000
vt 0.915888 0.954545
vt 0.915888 0.045455
vt 0.915888 0.000000
vt 0.915888 0.090909
vt 0.915888 0.136364
vt 0.915888 0.181818
vt 0.915888 0.227273
vt 0.915888 0.272727
vt 0.915888 0.318182
vt 0.915888 0.363636
vt 0.915888 0.409091
vt 0.915888 0.454545
vt 0.915888 0.500000
vt 0.915888 0.545455
vt 0.915888 0.590909
vt 0.915888 0.636364
vt 0.915888 0.681818
vt 0.915888 0.727273
vt 0.915888 0.772727
vt 0.915888 0.818182
vt 0.915888 0.863636
vt 0.915888 0.909091
vt 0.925234 1.000000
vt 0.925234 0.954545
vt 0.925234 0.045455
vt 0.925234 0.000000
vt 0.925234 0.090909
vt 0.925234 0.136364
vt 0.925234 0.181818
vt 0.925234 0.227273
vt 0.925234 0.272727
vt 0.925234 0.318182
vt 0.925234 0.363636
vt 0.925234 0.409091
vt 0.925234 0.454545
vt 0.925234 0.500000
vt 0.925234 0.545455
vt 0.925234 0.590909
vt 0.925234 0.636364
vt 0.925234 0.681818
vt 0.925234 0.727273
vt 0.925234 0.772727
vt 0.925234 0.818182
vt 0.925234 0.863636
vt 0.925234 0.909091
vt 0.934579 1.000000
vt 0.934579 0.954545
vt 0.934579 0.045455
vt 0.934579 0.000000
vt 0.934579 0.090909
vt 0.934579 0.136364
vt 0.934579 0.181818
vt 0.934579 0.227273
vt 0.934579 0.272727
vt 0.934579 0.318182
vt 0.934579 0.363636
vt 0.934579 0.409091
vt 0.934579 0.454545
vt 0.934579 0.500000
vt 0.934579 0.545455
vt 0.934579 0.590909
vt 0.934579 0.636364
vt 0.934579 0.681818
vt 0.934579 0.727273
vt 0.934579 0.772727
vt 0.934579 0.818182
vt 0.934579 0.863636
vt 0.934579 0.909091
vt 0.943925 1.000000
vt 0.943925 0.954545
vt 0.943925 0.045455
vt 0.943925 0.000000
vt 0.943925 0.090909
vt 0.943925 0.136364
vt 0.943925 0.181818
vt 0.943925 0.227273
vt 0.943925 0.272727
vt 0.943925 0.318182
vt 0.943925 0.363636
vt 0.943925 0.409091
vt 0.943925 0.454545
vt 0.943925 0.500000
vt 0.943925 0.545455
vt 0.943925 0.590909
vt 0.943925 0.636364
vt 0.943925 0.681818
vt 0.943925 0.727273
vt 0.943925 0.772727
vt 0.943925 0.818182
vt 0.943925 0.863636
vt 0.943925 0.909091
vt 0.953271 1.000000
vt 0.953271 0.954545
vt 0.953271 0.045455
vt 0.953271 0.000000
vt 0.953271 0.090909
vt 0.953271 0.136364
vt 0.953271 0.181818
vt 0.953271 0.227273
vt 0.953271 0.272727
vt 0.953271 0.318182
vt 0.953271 0.363636
vt 0.953271 0.409091
vt 0.953271 0.454545
vt 0.953271 0.500000
vt 0.953271 0.545455
vt 0.953271 0.590909
vt 0.953271 0.636364
vt 0.953271 0.681818
vt 0.953271 0.727273
vt 0.953271 0.772727
vt 0.953271 0.818182
vt 0.953271 0.863636
vt 0.953271 0.909091
vt 0.962617 1.000000
vt 0.962617 0.954545
vt 0.962617 0.045455
vt 0.962617 0.000000
vt 0.962617 0.090909
vt 0.962617 0.136364
vt 0.962617 0.181818
vt 0.962617 0.227273
vt 0.962617 0.272727
vt 0.962617 0.318182
vt 0.962617 0.363636
vt 0.962617 0.409091
vt 0.962617 0.454545
vt 0.962617 0.500000
vt 0.962617 0.545455
vt 0.962617 0.590909
vt 0.962617 0.636364
vt 0.962617 0.681818
vt 0.962617 0.727273
vt 0.962617 0.772727
vt 0.962617 0.818182
vt 0.962617 0.863636
vt 0.962617 0.909091
vt 0.971963 1.000000
vt 0.971963 0.954545
vt 0.971963 0.045455
vt 0.971963 0.000000
vt 0.971963 0.090909
vt 0.971963 0.136364
vt 0.971963 0.181818
vt 0.971963 0.227273
vt 0.971963 0.272727
vt 0.971963 0.318182
vt 0.971963 0.363636
vt 0.971963 0.409091
vt 0.971963 0.454545
vt 0.971963 0.500000
vt 0.971963 0.545455
vt 0.971963 0.590909
vt 0.971963 0.636364
vt 0.971963 0.681818
vt 0.971963 0.727273
vt 0.971963 0.772727
vt 0.971963 0.818182
vt 0.971963 0.863636
vt 0.971963 0.909091
vt 0.981308 1.000000
vt 0.981308 0.954545
vt 0.981308 0.045455
vt 0.981308 0.000000
vt 0.981308 0.090909
vt 0.981308 0.136364
vt 0.981308 0.181818
vt 0.981308 0.227273
vt 0.981308 0.272727
vt 0.981308 0.318182
vt 0.981308 0.363636
vt 0.981308 0.409091
vt 0.981308 0.454545
vt 0.981308 0.500000
vt 0.981308 0.545455
vt 0.981308 0.590909
vt 0.981308 0.636364
vt 0.981308 0.681818
vt 0.981308 0.727273
vt 0.981308 0.772727
vt 0.981308 0.818182
vt 0.981308 0.863636
vt 0.981308 0.909091
vt 0.990654 1.000000
vt 0.990654 0.954545
vt 0.990654 0.045455
vt 0.990654 0.000000
vt 0.990654 0.090909
vt 0.990654 0.136364
vt 0.990654 0.181818
vt 0.990654 0.227273
vt 0.990654 0.272727
vt 0.990654 0.318182
vt 0.990654 0.363636
vt 0.990654 0.409091
vt 0.990654 0.454545
vt 0.990654 0.500000
vt 0.990654 0.545455
vt 0.990654 0.590909
vt 0.990654 0.636364
vt 0.990654 0.681818
vt 0.990654 0.727273
vt 0.990654 0.772727
vt 0.990654 0.818182
vt 0.990654 0.863636
vt 0.990654 0.909091
vt 1.000000 1.000000
vt 1.000000 0.954545
vt 1.000000 0.045455
vt 1.000000 0.000000
vt 1.000000 0.090909
vt 1.000000 0.136364
vt 1.000000 0.181818
vt 1.000000 0.227273
vt 1.000000 0.272727
vt 1.000000 0.318182
vt 1.000000 0.363636
vt 1.000000 0.409091
vt 1.000000 0.454545
vt 1.000000 0.500000
vt 1.000000 0.545455
vt 1.000000 0.590909
vt 1.000000 0.636364
vt 1.000000 0.681818
vt 1.000000 0.727273
vt 1.000000 0.772727
vt 1.000000 0.818182
vt 1.000000 0.863636
vt 1.000000 0.909091
s 1
f 1/1/1 23/2/2 44/3/3 22/4/4
f 2/5/5 24/6/6 23/7/2 1/8/1
f 3/9/7 25/10/8 24/6/6 2/5/5
f 4/11/9 26/12/10 25/10/8 3/9/7
f 5/13/11 27/14/12 26/12/10 4/11/9
f 6/15/13 28/16/14 27/14/12 5/13/11
f 7/17/15 29/18/16 28/16/14 6/15/13
f 8/19/17 30/20/18 29/18/16 7/17/15
f 9/21/19 31/22/20 30/20/18 8/19/17
f 10/23/21 32/24/22 31/22/20 9/21/19
f 11/25/23 33/26/24 32/24/22 10/23/21
f 12/27/25 34/28/26 33/26/24 11/25/23
f 13/29/27 35/30/28 34/28/26 12/27/25
f 14/31/29 36/32/30 35/30/28 13/29/27
f 15/33/31 37/34/32 36/32/30 14/31/29
f 16/35/33 38/36/34 37/34/32 15/33/31
f 17/37/35 39/38/36 38/36/34 16/35/33
f 18/39/37 40/40/38 39/38/36 17/37/35
f 19/41/39 41/42/40 40/40/38 18/39/37
f 20/43/41 42/44/42 41/42/40 19/41/39
f 21/45/43 43/46/44 42/44/42 20/43/41
f 22/4/4 44/3/3 43/46/44 21/45/43
f 23/2/2 45/47/45 66/48/46 44/3/3
f 24/6/6 46/49/47 45/50/45 23/7/2
f 25/10/8 47/51/48 46/49/47 24/6/6
f 26/12/10 48/52/49 47/51/48 25/10/8
f 27/14/12 49/53/50 48/52/49 26/12/10
f 28/16/14 50/54/51 49/53/50 27/14/12
f 29/18/16 51/55/52 50/54/51 28/16/14
f 30/20/18 52/56/53 51/55/52 29/18/16
f 31/22/20 53/57/54 52/56/53 30/20/18
f 32/24/22 54/58/55 53/57/54 31/22/20
f 33/26/24 55/59/56 54/58/55 32/24/22
f 34/28/26 56/60/57 55/59/56 33/26/24
f 35/30/28 57/61/58 56/60/57 34/28/26
f 36/32/30 58/62/59 57/61/58 35/30/28
f 37/34/32 59/63/60 58/62/59 36/32/30
f 38/36/34 60/64/61 59/63/60 37/34/32
f 39/38/36 61/65/62 60/64/61 38/36/34
f 40/40/38 62/66/63 61/65/62 39/38/36
f 41/42/40 63/67/64 62/66/63 40/40/38
f 42/44/42 64/68/65 63/67/64 41/42/40
f 43/46/44 65/69/66 64/68/65 42/44/42
f 44/3/3 66/48/46 65/69/66 43/46/44
f 45/47/45 67/70/67 88/71/68 66/48/46
f 46/49/47 68/72/69 67/73/67 45/50/45
f 47/51/48 69/74/70 68/72/69 46/49/47
f 48/52/49 70/75/71 69/74/70 47/51/48
f 49/53/50 71/76/72 70/75/71 48/52/49
f 50/54/51 72/77/73 71/76/72 49/53/50
f 51/55/52 73/78/74 72/77/73 50/54/51
f 52/56/53 74/79/75 73/78/74 51/55/52
f 53/57/54 75/80/76 74/79/75 52/56/53
f 54/58/55 76/81/77 75/80/76 53/57/54
f 55/59/56 77/82/78 76/81/77 54/58/55
f 56/60/57 78/83/79 77/82/78 55/59/56
f 57/61/58 79/84/80 78/83/79 56/60/57
f 58/62/59 80/85/81 79/84/80 57/61/58
f 59/63/60 81/86/82 80/85/81 58/62/59
f 60/64/61 82/87/83 81/86/82 59/63/60
f 61/65/62 83/88/84 82/87/83 60/64/61
f 62/66/63 84/89/85 83/88/84 61/65/62
f 63/67/64 85/90/86 84/89/85 62/66/63
f 64/68/65 86/91/87 85/90/86 63/67/64
f 65/69/66 87/92/88 86/91/87 64/68/65
f 66/48/46 88/71/68 87/92/88 65/69/66
f 67/70/67 89/93/89 110/94/90 88/71/68
f 68/72/69 90/95/91 89/96/89 67/73/67
f 69/74/70 91/97/92 90/95/91 68/72/69
f 70/75/71 92/98/93 91/97/92 69/74/70
f 71/76/72 93/99/94 92/98/93 70/75/71
f 72/77/73 94/100/95 93/99/94 71/76/72
f 73/78/74 95/101/96 94/100/95 72/77/73
f 74/79/75 96/102/97 95/101/96 73/78/74
f 75/80/76 97/103/98 96/102/97 74/79/75
f 76/81/77 98/104/99 97/103/98 75/80/76
f 77/82/78 99/105/100 98/104/99 76/81/77
f 78/83/79 100/106/101 99/105/100 77/82/78
f 79/84/80 101/107/102 100/106/101 78/83/79
f 80/85/81 102/108/103 101/107/102 79/84/80
f 81/86/82 103/109/104 102/108/103 80/85/81
f 82/87/83 104/110/105 103/109/104 81/86/82
f 83/88/84 105/111/106 104/110/105 82/87/83
f 84/89/85 106/112/107 105/111/106 83/88/84
f 85/90/86 107/113/108 106/112/107 84/89/85
f 86/91/87 108/114/109 107/113/108 85/90/86
f 87/92/88 109/115/110 108/114/109 86/91/87
f 88/71/68 110/94/90 109/115/110 87/92/88
f 89/93/89 111/116/111 132/117/112 110/94/90
f 90/95/91 112/118/113 111/119/111 89/96/89
f 91/97/92 113/120/114 112/118/113 90/95/91
f 92/98/93 114/121/115 113/120/114 91/97/92
f 93/99/94 115/122/116 114/121/115 92/98/93
f 94/100/95 116/123/117 115/122/116 93/99/94
f 95/101/96 117/124/118 116/123/117 94/100/95
f 96/102/97 118/125/119 117/124/118 95/101/96
f 97/103/98 119/126/120 118/125/119 96/102/97
f 98/104/99 120/127/121 119/126/120 97/103/98
f 99/105/100 121/128/122 120/127/121 98/104/99
f 100/106/101 122/129/123 121/128/122 99/105/100
f 101/107/102 123/130/124 122/129/123 100/106/101
f 102/108/103 124/131/125 123/130/124 101/107/102
f 103/109/104 125/132/126 124/131/125 102/108/103
f 104/110/105 126/133/127 125/132/126 103/109/104
f 105/111/106 127/134/128 126/133/127 104/110/105
f 106/112/107 128/135/129 127/134/128 105/111/106
f 107/113/108 129/136/130 128/135/129 106/112/107
f 108/114/109 130/137/131 129/136/130 107/113/108
f 109/115/110 131/138/132 130/137/131 108/114/109
f 110/94/90 132/117/112 131/138/132 109/115/110
f 111/116/111 133/139/133 154/140/134 132/117/112
f 112/118/113 134/141/135 133/142/133 111/119/111
f 113/120/114 135/143/136 134/141/135 112/118/113
f 114/121/115 136/144/137 135/143/136 113/120/114
f 115/122/116 137/145/138 136/144/137 114/121/115
f 116/123/117 138/146/139 137/145/138 115/122/116
f 117/124/118 139/147/140 138/146/139 116/123/117
f 118/125/119 140/148/141 139/147/140 117/124/118
f 119/126/120 141/149/142 140/148/141 118/125/119
f 120/127/121 142/150/143 141/149/142 119/126/120
f 121/128/122 143/151/144 142/150/143 120/127/121
f 122/129/123 144/152/145 143/151/144 121/128/122
f 123/130/124 145/153/146 144/152/145 122/129/123
f 124/131/125 146/154/147 145/153/146 123/130/124
f 125/132/126 147/155/148 146/154/147 124/131/125
f 126/133/127 148/156/149 147/155/148 125/132/126
f 127/134/128 149/157/150 148/156/149 126/133/127
f 128/135/129 150/158/151 149/157/150 127/134/128
f 129/136/130 151/159/152 150/158/151 128/135/129
f 130/137/131 152/160/153 151/159/152 129/136/130
f 131/138/132 153/161/154 152/160/153 130/137/131
f 132/117/112 154/140/134 153/161/154 131/138/132
f 133/139/133 155/162/155 176/163/156 154/140/134
f 134/141/135 156/164/157 155/165/155 133/142/133
f 135/143/136 157/166/158 156/164/157 134/141/135
f 136/144/137 158/167/159 157/166/158 135/143/136
f 137/145/138 159/168/160 158/167/159 136/144/137
f 138/146/139 160/169/161 159/168/160 137/145/138
f 139/147/140 161/170/162 160/169/161 138/146/139
f 140/148/141 162/171/163 161/170/162 139/147/140
f 141/149/142 163/172/164 162/171/163 140/148/141
f 142/150/143 164/173/165 163/172/164 141/149/142
f 143/151/144 165/174/166 164/173/165 142/150/143
f 144/152/145 166/175/167 165/174/166 143/151/144
f 145/153/146 167/176/168 166/175/167 144/152/145
f 146/154/147 168/177/169 167/176/168 145/153/146
f 147/155/148 169/178/170 168/177/169 146/154/147
f 148/156/149 170/179/171 169/178/170 147/155/148
f 149/157/150 171/180/172 170/179/171 148/156/149
f 150/158/151 172/181/173 171/180/172 149/157/150
f 151/159/152 173/182/174 172/181/173 150/158/151
f 152/160/153 174/183/175 173/182/174 151/159/152
f 153/161/154 175/184/176 174/183/175 152/160/153
f 154/140/134 176/163/156 175/184/176 153/161/154
f 155/162/155 177/185/177 198/186/178 176/163/156
f 156/164/157 178/187/179 177/188/177 155/165/155
f 157/166/158 179/189/180 178/187/179 156/164/157
f 158/167/159 180/190/181 179/189/180 157/166/158
f 159/168/160 181/191/182 180/190/181 158/167/159
f 160/169/161 182/192/183 181/191/182 159/168/160
f 161/170/162 183/193/184 182/192/183 160/169/161
f 162/171/163 184/194/185 183/193/184 161/170/162
f 163/172/164 185/195/186 184/194/185 162/171/163
f 164/173/165 186/196/187 185/195/186 163/172/164
f 165/174/166 187/197/188 186/196/187 164/173/165
f 166/175/167 188/198/189 187/197/188 165/174/166
f 167/176/168 189/199/190 188/198/189 166/175/167
f 168/177/169 190/200/191 189/199/190 167/176/168
f 169/178/170 191/201/192 190/200/191 168/177/169
f 170/179/171 192/202/193 191/201/192 169/178/170
f 171/180/172 193/203/194 192/202/193 170/179/171
f 172/181/173 194/204/195 193/203/194 171/180/172
f 173/182/174 195/205/196 194/204/195 172/181/173
f 174/183/175 196/206/197 195/205/196 173/182/174
f 175/184/176 197/207/198 196/206/197 174/183/175
f 176/163/156 198/186/178 197/207/198 175/184/176
f 177/185/177 199/208/199 220/209/200 198/186/178
f 178/187/179 200/210/201 199/211/199 177/188/177
f 179/189/180 201/212/202 200/210/201 178/187/179
f 180/190/181 202/213/203 201/212/202 179/189/180
f 181/191/182 203/214/204 202/213/203 180/190/181
f 182/192/183 204/215/205 203/214/204 181/191/182
f 183/193/184 205/216/206 204/215/205 182/192/183
f 184/194/185 206/217/207 205/216/206 183/193/184
f 185/195/186 207/218/208 206/217/207 184/194/185
f 186/196/187 208/219/209 207/218/208 185/195/186
f 187/197/188 209/220/210 208/219/209 186/196/187
f 188/198/189 210/221/211 209/220/210 187/197/188
f 189/199/190 211/222/212 210/221/211 188/198/189
f 190/200/191 212/223/213 211/222/212 189/199/190
f 191/201/192 213/224/214 212/223/213 190/200/191
f 192/202/193 214/225/215 213/224/214 191/201/192
f 193/203/194 215/226/216 214/225/215 192/202/193
f 194/204/195 216/227/217 215/226/216 193/203/194
f 195/205/196 217/228/218 216/227/217 194/204/195
f 196/206/197 218/229/219 217/228/218 195/205/196
f 197/207/198 219/230/220 218/229/219 196/206/197
f 198/186/178 220/209/200 219/230/220 197/207/198
f 199/208/199 221/231/221 242/232/222 220/209/200
f 200/210/201 222/233/223 221/234/221 199/211/199
f 201/212/202 223/235/224 222/233/223 200/210/201
f 202/213/203 224/236/225 223/235/224 201/212/202
f 203/214/204 225/237/226 224/236/225 202/213/203
f 204/215/205 226/238/227 225/237/226 203/214/204
f 205/216/206 227/239/228 226/238/227 204/215/205
f 206/217/207 228/240/229 227/239/228 205/216/206
f 207/218/208 229/241/230 228/240/229 206/217/207
f 208/219/209 230/242/231 229/241/230 207/218/208
f 209/220/210 231/243/232 230/242/231 208/219/209
f 210/221/211 232/244/233 231/243/232 209/220/210
f 211/222/212 233/245/234 232/244/233 210/221/211
f 212/223/213 234/246/235 233/245/234 211/222/212
f 213/224/214 235/247/236 234/246/235 212/223/213
f 214/225/215 236/248/237 235/247/236 213/224/214
f 215/226/216 237/249/238 236/248/237 214/225/215
f 216/227/217 238/250/239 237/249/238 215/226/216
f 217/228/218 239/251/240 238/250/239 216/227/217
f 218/229/219 240/252/241 239/251/240 217/228/218
f 219/230/220 241/253/242 240/252/241 218/229/219
f 220/209/200 242/232/222 241/253/242 219/230/220
f 221/231/221 243/254/243 264/255/244 242/232/222
f 222/233/223 244/256/245 243/257/243 221/234/221
f 223/235/224 245/258/246 244/256/245 222/233/223
f 224/236/225 246/259/247 245/258/246 223/235/224
f 225/237/226 247/260/248 246/259/247 224/236/225
f 226/238/227 248/261/249 247/260/248 225/237/226
f 227/239/228 249/262/250 248/261/249 226/238/227
f 228/240/229 250/263/251 249/262/250 227/239/228
f 229/241/230 251/264/252 250/263/251 228/240/229
f 230/242/231 252/265/253 251/264/252 229/241/230
f 231/243/232 253/266/254 252/265/253 230/242/231
f 232/244/233 254/267/255 253/266/254 231/243/232
f 233/245/234 255/268/256 254/267/255 232/244/233
f 234/246/235 256/269/257 255/268/256 233/245/234
f 235/247/236 257/270/258 256/269/257 234/246/235
f 236/248/237 258/271/259 257/270/258 235/247/236
f 237/249/238 259/272/260 258/271/259 236/248/237
f 238/250/239 260/273/261 259/272/260 237/249/238
f 239/251/240 261/274/262 260/273/261 238/250/239
f 240/252/241 262/275/263 261/274/262 239/251/240
f 241/253/242 263/276/264 262/275/263 240/252/241
f 242/232/222 264/255/244 263/276/264 241/253/242
f 243/254/243 265/277/265 286/278/266 264/255/244
f 244/256/245 266/279/267 265/280/265 243/257/243
f 245/258/246 267/281/268 266/279/267 244/256/245
f 246/259/247 268/282/269 267/281/268 245/258/246
f 247/260/248 269/283/270 268/282/269 246/259/247
f 248/261/249 270/284/271 269/283/270 247/260/248
f 249/262/250 271/285/272 270/284/271 248/261/249
f 250/263/251 272/286/273 271/285/272 249/262/250
f 251/264/252 273/287/274 272/286/273 250/263/251
f 252/265/253 274/288/275 273/287/274 251/264/252
f 253/266/254 275/289/276 274/288/275 252/265/253
f 254/267/255 276/290/277 275/289/276 253/266/254
f 255/268/256 277/291/278 276/290/277 254/267/255
f 256/269/257 278/292/279 277/291/278 255/268/256
f 257/270/258 279/293/280 278/292/279 256/269/257
f 258/271/259 280/294/281 279/293/280 257/270/258
f 259/272/260 281/295/282 280/294/281 258/271/259
f 260/273/261 282/296/283 281/295/282 259/272/260
f 261/274/262 283/297/284 282/296/283 260/273/261
f 262/275/263 284/298/285 283/297/284 261/274/262
f 263/276/264 285/299/286 284/298/285 262/275/263
f 264/255/244 286/278/266 285/299/286 263/276/264
f 265/277/265 287/300/287 308/301/288 286/278/266
f 266/279/267 288/302/289 287/303/287 265/280/265
f 267/281/268 289/304/290 288/302/289 266/279/267
f 268/282/269 290/305/291 289/304/290 267/281/268
f 269/283/270 291/306/292 290/305/291 268/282/269
f 270/284/271 292/307/293 291/306/292 269/283/270
f 271/285/272 293/308/294 292/307/293 270/284/271
f 272/286/273 294/309/295 293/308/294 271/285/272
f 273/287/274 295/310/296 294/309/295 272/286/273
f 274/288/275 296/311/297 295/310/296 273/287/274
f 275/289/276 297/312/298 296/311/297 274/288/275
f 276/290/277 298/313/299 297/312/298 275/289/276
f 277/291/278 299/314/300 298/313/299 276/290/277
f 278/292/279 300/315/301 299/314/300 277/291/278
f 279/293/280 301/316/302 300/315/301 278/292/279
f 280/294/281 302/317/303 301/316/302 279/293/280
f 281/295/282 303/318/304 302/317/303 280/294/281
f 282/296/283 304/319/305 303/318/304 281/295/282
f 283/297/284 305/320/306 304/319/305 282/296/283
f 284/298/285 306/321/307 305/320/306 283/297/284
f 285/299/286 307/322/308 306/321/307 284/298/285
f 286/278/266 308/301/288 307/322/308 285/299/286
f 287/300/287 309/323/309 330/324/310 308/301/288
f 288/302/289 310/325/311 309/326/309 287/303/287
f 289/304/290 311/327/312 310/325/311 288/302/289
f 290/305/291 312/328/313 311/327/312 289/304/290
f 291/306/292 313/329/314 312/328/313 290/305/291
f 292/307/293 314/330/315 313/329/314 291/306/292
f 293/308/294 315/331/316 314/330/315 292/307/293
f 294/309/295 316/332/317 315/331/316 293/308/294
f 295/310/296 317/333/318 316/332/317 294/309/295
f 296/311/297 318/334/319 317/333/318 295/310/296
f 297/312/298 319/335/320 318/334/319 296/311/297
f 298/313/299 320/336/321 319/335/320 297/312/298
f 299/314/300 321/337/322 320/336/321 298/313/299
f 300/315/301 322/338/323 321/337/322 299/314/300
f 301/316/302 323/339/324 322/338/323 300/315/301
f 302/317/303 324/340/325 323/339/324 301/316/302
f 303/318/304 325/341/326 324/340/325 302/317/303
f 304/319/305 326/342/327 325/341/326 303/318/304
f 305/320/306 327/343/328 326/342/327 304/319/305
f 306/321/307 328/344/329 327/343/328 305/320/306
f 307/322/308 329/345/330 328/344/329 306/321/307
f 308/301/288 330/324/310 329/345/330 307/322/308
f 309/323/309 331/346/331 352/347/332 330/324/310
f 310/325/311 332/348/333 331/349/331 309/326/309
f 311/327/312 333/350/334 332/348/333 310/325/311
f 312/328/313 334/351/335 333/350/334 311/327/312
f 313/329/314 335/352/336 334/351/335 312/328/313
f 314/330/315 336/353/337 335/352/336 313/329/314
f 315/331/316 337/354/338 336/353/337 314/330/315
f 316/332/317 338/355/339 337/354/338 315/331/316
f 317/333/318 339/356/340 338/355/339 316/332/317
f 318/334/319 340/357/341 339/356/340 317/333/318
f 319/335/320 341/358/342 340/357/341 318/334/319
f 320/336/321 342/359/343 341/358/342 319/335/320
f 321/337/322 343/360/344 342/359/343 320/336/321
f 322/338/323 344/361/345 343/360/344 321/337/322
f 323/339/324 345/362/346 344/361/345 322/338/323
f 324/340/325 346/363/347 345/362/346 323/339/324
f 325/341/326 347/364/348 346/363/347 324/340/325
f 326/342/327 348/365/349 347/364/348 325/341/326
f 327/343/328 349/366/350 348/365/349 326/342/327
f 328/344/329 350/367/351 349/366/350 327/343/328
f 329/345/330 351/368/352 350/367/351 328/344/329
f 330/324/310 352/347/332 351/368/352 329/345/330
f 331/346/331 353/369/353 374/370/354 352/347/332
f 332/348/333 354/371/355 353/372/353 331/349/331
f 333/350/334 355/373/356 354/371/355 332/348/333
f 334/351/335 356/374/357 355/373/356 333/350/334
f 335/352/336 357/375/358 356/374/357 334/351/335
f 336/353/337 358/376/359 357/375/358 335/352/336
f 337/354/338 359/377/360 358/376/359 336/353/337
f 338/355/339 360/378/361 359/377/360 337/354/338
f 339/356/340 361/379/362 360/378/361 338/355/339
f 340/357/341 362/380/363 361/379/362 339/356/340
f 341/358/342 363/381/364 362/380/363 340/357/341
f 342/359/343 364/382/365 363/381/364 341/358/342
f 343/360/344 365/383/366 364/382/365 342/359/343
f 344/361/345 366/384/367 365/383/366 343/360/344
f 345/362/346 367/385/368 366/384/367 344/361/345
f 346/363/347 368/386/369 367/385/368 345/362/346
f 347/364/348 369/387/370 368/386/369 346/363/347
f 348/365/349 370/388/371 369/387/370 347/364/348
f 349/366/350 371/389/372 370/388/371 348/365/349
f 350/367/351 372/390/373 371/389/372 349/366/350
f 351/368/352 373/391/374 372/390/373 350/367/351
f 352/347/332 374/370/354 373/391/374 351/368/352
f 353/369/353 375/392/375 396/393/376 374/370/354
f 354/371/355 376/394/377 375/395/375 353/372/353
f 355/373/356 377/396/378 376/394/377 354/371/355
f 356/374/357 378/397/379 377/396/378 355/373/356
f 357/375/358 379/398/380 378/397/379 356/374/357
f 358/376/359 380/399/381 379/398/380 357/375/358
f 359/377/360 381/400/382 380/399/381 358/376/359
f 360/378/361 382/401/383 381/400/382 359/377/360
f 361/379/362 383/402/384 382/401/383 360/378/361
f 362/380/363 384/403/385 383/402/384 361/379/362
f 363/381/364 385/404/386 384/403/385 362/380/363
f 364/382/365 386/405/387 385/404/386 363/381/364
f 365/383/366 387/406/388 386/405/387 364/382/365
f 366/384/367 388/407/389 387/406/388 365/383/366
f 367/385/368 389/408/390 388/407/389 366/384/367
f 368/386/369 390/409/391 389/408/390 367/385/368
f 369/387/370 391/410/392 390/409/391 368/386/369
f 370/388/371 392/411/393 391/410/392 369/387/370
f 371/389/372 393/412/394 392/411/393 370/388/371
f 372/390/373 394/413/395 393/412/394 371/389/372
f 373/391/374 395/414/396 394/413/395 372/390/373
f 374/370/354 396/393/376 395/414/396 373/391/374
f 375/392/375 397/415/397 418/416/398 396/393/376
f 376/394/377 398/417/399 397/418/397 375/395/375
f 377/396/378 399/419/400 398/417/399 376/394/377
f 378/397/379 400/420/401 399/419/400 377/396/378
f 379/398/380 401/421/402 400/420/401 378/397/379
f 380/399/381 402/422/403 401/421/402 379/398/380
f 381/400/382 403/423/404 402/422/403 380/399/381
f 382/401/383 404/424/405 403/423/404 381/400/382
f 383/402/384 405/425/406 404/424/405 382/401/383
f 384/403/385 406/426/407 405/425/406 383/402/384
f 385/404/386 407/427/408 406/426/407 384/403/385
f 386/405/387 408/428/409 407/427/408 385/404/386
f 387/406/388 409/429/410 408/428/409 386/405/387
f 388/407/389 410/430/411 409/429/410 387/406/388
f 389/408/390 411/431/412 410/430/411 388/407/389
f 390/409/391 412/432/413 411/431/412 389/408/390
f 391/410/392 413/433/414 412/432/413 390/409/391
f 392/411/393 414/434/415 413/433/414 391/410/392
f 393/412/394 415/435/416 414/434/415 392/411/393
f 394/413/395 416/436/417 415/435/416 393/412/394
f 395/414/396 417/437/418 416/436/417 394/413/395
f 396/393/376 418/416/398 417/437/418 395/414/396
f 397/415/397 419/438/419 440/439/420 418/416/398
f 398/417/399 420/440/421 419/441/419 397/418/397
f 399/419/400 421/442/422 420/440/421 398/417/399
f 400/420/401 422/443/423 421/442/422 399/419/400
f 401/421/402 423/444/424 422/443/423 400/420/401
f 402/422/403 424/445/403 423/444/424 401/421/402
f 403/423/404 425/446/425 424/445/403 402/422/403
f 404/424/405 426/447/405 425/446/425 403/423/404
f 405/425/406 427/448/406 426/447/405 404/424/405
f 406/426/407 428/449/407 427/448/406 405/425/406
f 407/427/408 429/450/408 428/449/407 406/426/407
f 408/428/409 430/451/426 429/450/408 407/427/408
f 409/429/410 431/452/410 430/451/426 408/428/409
f 410/430/411 432/453/411 431/452/410 409/429/410
f 411/431/412 433/454/412 432/453/411 410/430/411
f 412/432/413 434/455/413 433/454/412 411/431/412
f 413/433/414 435/456/427 434/455/413 412/432/413
f 414/434/415 436/457/415 435/456/427 413/433/414
f 415/435/416 437/458/428 436/457/415 414/434/415
f 416/436/417 438/459/429 437/458/428 415/435/416
f 417/437/418 439/460/430 438/459/429 416/436/417
f 418/416/398 440/439/420 439/460/430 417/437/418
f 419/438/419 441/461/419 462/462/420 440/439/420
f 420/440/421 442/463/421 441/464/419 419/441/419
f 421/442/422 443/465/422 442/463/421 420/440/421
f 422/443/423 444/466/423 443/465/422 421/442/422
f 423/444/424 445/467/424 444/466/423 422/443/423
f 424/445/403 446/468/403 445/467/424 423/444/424
f 425/446/425 447/469/425 446/468/403 424/445/403
f 426/447/405 448/470/405 447/469/425 425/446/425
f 427/448/406 449/471/406 448/470/405 426/447/405
f 428/449/407 450/472/407 449/471/406 427/448/406
f 429/450/408 451/473/408 450/472/407 428/449/407
f 430/451/426 452/474/426 451/473/408 429/450/408
f 431/452/410 453/475/410 452/474/426 430/451/426
f 432/453/411 454/476/411 453/475/410 431/452/410
f 433/454/412 455/477/412 454/476/411 432/453/411
f 434/455/413 456/478/413 455/477/412 433/454/412
f 435/456/427 457/479/427 456/478/413 434/455/413
f 436/457/415 458/480/415 457/479/427 435/456/427
f 437/458/428 459/481/428 458/480/415 436/457/415
f 438/459/429 460/482/429 459/481/428 437/458/428
f 439/460/430 461/483/430 460/482/429 438/459/429
f 440/439/420 462/462/420 461/483/430 439/460/430
f 441/461/419 463/484/431 484/485/432 462/462/420
f 442/463/421 464/486/433 463/487/431 441/464/419
f 443/465/422 465/488/434 464/486/433 442/463/421
f 444/466/423 466/489/435 465/488/434 443/465/422
f 445/467/424 467/490/436 466/489/435 444/466/423
f 446/468/403 468/491/437 467/490/436 445/467/424
f 447/469/425 469/492/438 468/491/437 446/468/403
f 448/470/405 470/493/439 469/492/438 447/469/425
f 449/471/406 471/494/440 470/493/439 448/470/405
f 450/472/407 472/495/441 471/494/440 449/471/406
f 451/473/408 473/496/442 472/495/441 450/472/407
f 452/474/426 474/497/443 473/496/442 451/473/408
f 453/475/410 475/498/444 474/497/443 452/474/426
f 454/476/411 476/499/445 475/498/444 453/475/410
f 455/477/412 477/500/446 476/499/445 454/476/411
f 456/478/413 478/501/447 477/500/446 455/477/412
f 457/479/427 479/502/448 478/501/447 456/478/413
f 458/480/415 480/503/449 479/502/448 457/479/427
f 459/481/428 481/504/450 480/503/449 458/480/415
f 460/482/429 482/505/451 481/504/450 459/481/428
f 461/483/430 483/506/452 482/505/451 460/482/429
f 462/462/420 484/485/432 483/506/452 461/483/430
f 463/484/431 485/507/453 506/508/454 484/485/432
f 464/486/433 486/509/455 485/510/453 463/487/431
f 465/488/434 487/511/456 486/509/455 464/486/433
f 466/489/435 488/512/457 487/511/456 465/488/434
f 467/490/436 489/513/458 488/512/457 466/489/435
f 468/491/437 490/514/459 489/513/458 467/490/436
f 469/492/438 491/515/460 490/514/459 468/491/437
f 470/493/439 492/516/461 491/515/460 469/492/438
f 471/494/440 493/517/462 492/516/461 470/493/439
f 472/495/441 494/518/463 493/517/462 471/494/440
f 473/496/442 495/519/464 494/518/463 472/495/441
f 474/497/443 496/520/465 495/519/464 473/496/442
f 475/498/444 497/521/466 496/520/465 474/497/443
f 476/499/445 498/522/467 497/521/466 475/498/444
f 477/500/446 499/523/468 498/522/467 476/499/445
f 478/501/447 500/524/469 499/523/468 477/500/446
f 479/502/448 501/525/470 500/524/469 478/501/447
f 480/503/449 502/526/471 501/525/470 479/502/448
f 481/504/450 503/527/472 502/526/471 480/503/449
f 482/505/451 504/528/473 503/527/472 481/504/450
f 483/506/452 505/529/474 504/528/473 482/505/451
f 484/485/432 506/508/454 505/529/474 483/506/452
f 485/507/453 507/530/426 528/531/475 506/508/454
f 486/509/455 508/532/476 507/533/426 485/510/453
f 487/511/456 509/534/477 508/532/476 486/509/455
f 488/512/457 510/535/478 509/534/477 487/511/456
f 489/513/458 511/536/413 510/535/478 488/512/457
f 490/514/459 512/537/427 511/536/413 489/513/458
f 491/515/460 513/538/415 512/537/427 490/514/459
f 492/516/461 514/539/479 513/538/415 491/515/460
f 493/517/462 515/540/429 514/539/479 492/516/461
f 494/518/463 516/541/430 515/540/429 493/517/462
f 495/519/464 517/542/480 516/541/430 494/518/463
f 496/520/465 518/543/419 517/542/480 495/519/464
f 497/521/466 519/544/481 518/543/419 496/520/465
f 498/522/467 520/545/482 519/544/481 497/521/466
f 499/523/468 521/546/483 520/545/482 498/522/467
f 500/524/469 522/547/424 521/546/483 499/523/468
f 501/525/470 523/548/403 522/547/424 500/524/469
f 502/526/471 524/549/425 523/548/403 501/525/470
f 503/527/472 525/550/484 524/549/425 502/526/471
f 504/528/473 526/551/406 525/550/484 503/527/472
f 505/529/474 527/552/407 526/551/406 504/528/473
f 506/508/454 528/531/475 527/552/407 505/529/474
f 507/530/426 529/553/426 550/554/408 528/531/475
f 508/532/476 530/555/410 529/556/426 507/533/426
f 509/534/477 531/557/411 530/555/410 508/532/476
f 510/535/478 532/558/412 531/557/411 509/534/477
f 511/536/413 533/559/413 532/558/412 510/535/478
f 512/537/427 534/560/427 533/559/413 511/536/413
f 513/538/415 535/561/415 534/560/427 512/537/427
f 514/539/479 536/562/428 535/561/415 513/538/415
f 515/540/429 537/563/429 536/562/428 514/539/479
f 516/541/430 538/564/430 537/563/429 515/540/429
f 517/542/480 539/565/420 538/564/430 516/541/430
f 518/543/419 540/566/419 539/565/420 517/542/480
f 519/544/481 541/567/421 540/566/419 518/543/419
f 520/545/482 542/568/422 541/567/421 519/544/481
f 521/546/483 543/569/423 542/568/422 520/545/482
f 522/547/424 544/570/424 543/569/423 521/546/483
f 523/548/403 545/571/403 544/570/424 522/547/424
f 524/549/425 546/572/425 545/571/403 523/548/403
f 525/550/484 547/573/405 546/572/425 524/549/425
f 526/551/406 548/574/406 547/573/405 525/550/484
f 527/552/407 549/575/407 548/574/406 526/551/406
f 528/531/475 550/554/408 549/575/407 527/552/407
f 529/553/426 551/576/426 572/577/408 550/554/408
f 530/555/410 552/578/485 551/579/426 529/556/426
f 531/557/411 553/580/411 552/578/485 530/555/410
f 532/558/412 554/581/412 553/580/411 531/557/411
f 533/559/413 555/582/413 554/581/412 532/558/412
f 534/560/427 556/583/427 555/582/413 533/559/413
f 535/561/415 557/584/415 556/583/427 534/560/427
f 536/562/428 558/585/428 557/584/415 535/561/415
f 537/563/429 559/586/429 558/585/428 536/562/428
f 538/564/430 560/587/430 559/586/429 537/563/429
f 539/565/420 561/588/420 560/587/430 538/564/430
f 540/566/419 562/589/419 561/588/420 539/565/420
f 541/567/421 563/590/421 562/589/419 540/566/419
f 542/568/422 564/591/422 563/590/421 541/567/421
f 543/569/423 565/592/423 564/591/422 542/568/422
f 544/570/424 566/593/424 565/592/423 543/569/423
f 545/571/403 567/594/403 566/593/424 544/570/424
f 546/572/425 568/595/425 567/594/403 545/571/403
f 547/573/405 569/596/405 568/595/425 546/572/425
f 548/574/406 570/597/406 569/596/405 547/573/405
f 549/575/407 571/598/407 570/597/406 548/574/406
f 550/554/408 572/577/408 571/598/407 549/575/407
f 551/576/426 573/599/486 594/600/487 572/577/408
f 552/578/485 574/601/488 573/602/486 551/579/426
f 553/580/411 575/603/489 574/601/488 552/578/485
f 554/581/412 576/604/490 575/603/489 553/580/411
f 555/582/413 577/605/491 576/604/490 554/581/412
f 556/583/427 578/606/492 577/605/491 555/582/413
f 557/584/415 579/607/493 578/606/492 556/583/427
f 558/585/428 580/608/494 579/607/493 557/584/415
f 559/586/429 581/609/495 580/608/494 558/585/428
f 560/587/430 582/610/496 581/609/495 559/586/429
f 561/588/420 583/611/497 582/610/496 560/587/430
f 562/589/419 584/612/498 583/611/497 561/588/420
f 563/590/421 585/613/499 584/612/498 562/589/419
f 564/591/422 586/614/500 585/613/499 563/590/421
f 565/592/423 587/615/501 586/614/500 564/591/422
f 566/593/424 588/616/502 587/615/501 565/592/423
f 567/594/403 589/617/503 588/616/502 566/593/424
f 568/595/425 590/618/504 589/617/503 567/594/403
f 569/596/405 591/619/505 590/618/504 568/595/425
f 570/597/406 592/620/506 591/619/505 569/596/405
f 571/598/407 593/621/507 592/620/506 570/597/406
f 572/577/408 594/600/487 593/621/507 571/598/407
f 573/599/486 595/622/508 616/623/509 594/600/487
f 574/601/488 596/624/510 595/625/508 573/602/486
f 575/603/489 597/626/511 596/624/510 574/601/488
f 576/604/490 598/627/512 597/626/511 575/603/489
f 577/605/491 599/628/513 598/627/512 576/604/490
f 578/606/492 600/629/514 599/628/513 577/605/491
f 579/607/493 601/630/515 600/629/514 578/606/492
f 580/608/494 602/631/516 601/630/515 579/607/493
f 581/609/495 603/632/517 602/631/516 580/608/494
f 582/610/496 604/633/518 603/632/517 581/609/495
f 583/611/497 605/634/519 604/633/518 582/610/496
f 584/612/498 606/635/409 605/634/519 583/611/497
f 585/613/499 607/636/520 606/635/409 584/612/498
f 586/614/500 608/637/521 607/636/520 585/613/499
f 587/615/501 609/638/522 608/637/521 586/614/500
f 588/616/502 610/639/523 609/638/522 587/615/501
f 589/617/503 611/640/524 610/639/523 588/616/502
f 590/618/504 612/641/525 611/640/524 589/617/503
f 591/619/505 613/642/526 612/641/525 590/618/504
f 592/620/506 614/643/527 613/642/526 591/619/505
f 593/621/507 615/644/528 614/643/527 592/620/506
f 594/600/487 616/623/509 615/644/528 593/621/507
f 595/622/508 617/645/419 638/646/420 616/623/509
f 596/624/510 618/647/421 617/648/419 595/625/508
f 597/626/511 619/649/422 618/647/421 596/624/510
f 598/627/512 620/650/423 619/649/422 597/626/511
f 599/628/513 621/651/424 620/650/423 598/627/512
f 600/629/514 622/652/403 621/651/424 599/628/513
f 601/630/515 623/653/425 622/652/403 600/629/514
f 602/631/516 624/654/405 623/653/425 601/630/515
f 603/632/517 625/655/406 624/654/405 602/631/516
f 604/633/518 626/656/407 625/655/406 603/632/517
f 605/634/519 627/657/408 626/656/407 604/633/518
f 606/635/409 628/658/426 627/657/408 605/634/519
f 607/636/520 629/659/410 628/658/426 606/635/409
f 608/637/521 630/660/411 629/659/410 607/636/520
f 609/638/522 631/661/412 630/660/411 608/637/521
f 610/639/523 632/662/413 631/661/412 609/638/522
f 611/640/524 633/663/427 632/662/413 610/639/523
f 612/641/525 634/664/415 633/663/427 611/640/524
f 613/642/526 635/665/428 634/664/415 612/641/525
f 614/643/527 636/666/429 635/665/428 613/642/526
f 615/644/528 637/667/430 636/666/429 614/643/527
f 616/623/509 638/646/420 637/667/430 615/644/528
f 617/645/419 639/668/419 660/669/420 638/646/420
f 618/647/421 640/670/421 639/671/419 617/648/419
f 619/649/422 641/672/422 640/670/421 618/647/421
f 620/650/423 642/673/423 641/672/422 619/649/422
f 621/651/424 643/674/424 642/673/423 620/650/423
f 622/652/403 644/675/403 643/674/424 621/651/424
f 623/653/425 645/676/425 644/675/403 622/652/403
f 624/654/405 646/677/405 645/676/425 623/653/425
f 625/655/406 647/678/406 646/677/405 624/654/405
f 626/656/407 648/679/407 647/678/406 625/655/406
f 627/657/408 649/680/408 648/679/407 626/656/407
f 628/658/426 650/681/426 649/680/408 627/657/408
f 629/659/410 651/682/410 650/681/426 628/658/426
f 630/660/411 652/683/411 651/682/410 629/659/410
f 631/661/412 653/684/412 652/683/411 630/660/411
f 632/662/413 654/685/413 653/684/412 631/661/412
f 633/663/427 655/686/427 654/685/413 632/662/413
f 634/664/415 656/687/415 655/686/427 633/663/427
f 635/665/428 657/688/428 656/687/415 634/664/415
f 636/666/429 658/689/429 657/688/428 635/665/428
f 637/667/430 659/690/430 658/689/429 636/666/429
f 638/646/420 660/669/420 659/690/430 637/667/430
f 639/668/419 661/691/419 682/692/420 660/669/420
f 640/670/421 662/693/421 661/694/419 639/671/419
f 641/672/422 663/695/422 662/693/421 640/670/421
f 642/673/423 664/696/423 663/695/422 641/672/422
f 643/674/424 665/697/424 664/696/423 642/673/423
f 644/675/403 666/698/403 665/697/424 643/674/424
f 645/676/425 667/699/425 666/698/403 644/675/403
f 646/677/405 668/700/405 667/699/425 645/676/425
f 647/678/406 669/701/406 668/700/405 646/677/405
f 648/679/407 670/702/407 669/701/406 647/678/406
f 649/680/408 671/703/408 670/702/407 648/679/407
f 650/681/426 672/704/426 671/703/408 649/680/408
f 651/682/410 673/705/410 672/704/426 650/681/426
f 652/683/411 674/706/411 673/705/410 651/682/410
f 653/684/412 675/707/412 674/706/411 652/683/411
f 654/685/413 676/708/413 675/707/412 653/684/412
f 655/686/427 677/709/427 676/708/413 654/685/413
f 656/687/415 678/710/415 677/709/427 655/686/427
f 657/688/428 679/711/428 678/710/415 656/687/415
f 658/689/429 680/712/429 679/711/428 657/688/428
f 659/690/430 681/713/430 680/712/429 658/689/429
f 660/669/420 682/692/420 681/713/430 659/690/430
f 661/691/419 683/714/419 704/715/420 682/692/420
f 662/693/421 684/716/421 683/717/419 661/694/419
f 663/695/422 685/718/422 684/716/421 662/693/421
f 664/696/423 686/719/423 685/718/422 663/695/422
f 665/697/424 687/720/424 686/719/423 664/696/423
f 666/698/403 688/721/403 687/720/424 665/697/424
f 667/699/425 689/722/425 688/721/403 666/698/403
f 668/700/405 690/723/405 689/722/425 667/699/425
f 669/701/406 691/724/406 690/723/405 668/700/405
f 670/702/407 692/725/407 691/724/406 669/701/406
f 671/703/408 693/726/408 692/725/407 670/702/407
f 672/704/426 694/727/426 693/726/408 671/703/408
f 673/705/410 695/728/410 694/727/426 672/704/426
f 674/706/411 696/729/411 695/728/410 673/705/410
f 675/707/412 697/730/412 696/729/411 674/706/411
f 676/708/413 698/731/413 697/730/412 675/707/412
f 677/709/427 699/732/427 698/731/413 676/708/413
f 678/710/415 700/733/415 699/732/427 677/709/427
f 679/711/428 701/734/428 700/733/415 678/710/415
f 680/712/429 702/735/429 701/734/428 679/711/428
f 681/713/430 703/736/430 702/735/429 680/712/429
f 682/692/420 704/715/420 703/736/430 681/713/430
f 683/714/419 705/737/419 726/738/420 704/715/420
f 684/716/421 706/739/421 705/740/419 683/717/419
f 685/718/422 707/741/422 706/739/421 684/716/421
f 686/719/423 708/742/423 707/741/422 685/718/422
f 687/720/424 709/743/424 708/742/423 686/719/423
f 688/721/403 710/744/403 709/743/424 687/720/424
f 689/722/425 711/745/425 710/744/403 688/721/403
f 690/723/405 712/746/405 711/745/425 689/722/425
f 691/724/406 713/747/406 712/746/405 690/723/405
f 692/725/407 714/748/407 713/747/406 691/724/406
f 693/726/408 715/749/408 714/748/407 692/725/407
f 694/727/426 716/750/426 715/749/408 693/726/408
f 695/728/410 717/751/410 716/750/426 694/727/426
f 696/729/411 718/752/411 717/751/410 695/728/410
f 697/730/412 719/753/412 718/752/411 696/729/411
f 698/731/413 720/754/413 719/753/412 697/730/412
f 699/732/427 721/755/427 720/754/413 698/731/413
f 700/733/415 722/756/415 721/755/427 699/732/427
f 701/734/428 723/757/428 722/756/415 700/733/415
f 702/735/429 724/758/429 723/757/428 701/734/428
f 703/736/430 725/759/430 724/758/429 702/735/429
f 704/715/420 726/738/420 725/759/430 703/736/430
f 705/737/419 727/760/419 748/761/420 726/738/420
f 706/739/421 728/762/421 727/763/419 705/740/419
f 707/741/422 729/764/422 728/762/421 706/739/421
f 708/742/423 730/765/423 729/764/422 707/741/422
f 709/743/424 731/766/424 730/765/423 708/742/423
f 710/744/403 732/767/403 731/766/424 709/743/424
f 711/745/425 733/768/425 732/767/403 710/744/403
f 712/746/405 734/769/405 733/768/425 711/745/425
f 713/747/406 735/770/406 734/769/405 712/746/405
f 714/748/407 736/771/407 735/770/406 713/747/406
f 715/749/408 737/772/408 736/771/407 714/748/407
f 716/750/426 738/773/426 737/772/408 715/749/408
f 717/751/410 739/774/410 738/773/426 716/750/426
f 718/752/411 740/775/411 739/774/410 717/751/410
f 719/753/412 741/776/412 740/775/411 718/752/411
f 720/754/413 742/777/413 741/776/412 719/753/412
f 721/755/427 743/778/427 742/777/413 720/754/413
f 722/756/415 744/779/415 743/778/427 721/755/427
f 723/757/428 745/780/428 744/779/415 722/756/415
f 724/758/429 746/781/429 745/780/428 723/757/428
f 725/759/430 747/782/430 746/781/429 724/758/429
f 726/738/420 748/761/420 747/782/430 725/759/430
f 727/760/419 749/783/419 770/784/420 748/761/420
f 728/762/421 750/785/421 749/786/419 727/763/419
f 729/764/422 751/787/422 750/785/421 728/762/421
f 730/765/423 752/788/423 751/787/422 729/764/422
f 731/766/424 753/789/424 752/788/423 730/765/423
f 732/767/403 754/790/403 753/789/424 731/766/424
f 733/768/425 755/791/425 754/790/403 732/767/403
f 734/769/405 756/792/405 755/791/425 733/768/425
f 735/770/406 757/793/406 756/792/405 734/769/405
f 736/771/407 758/794/407 757/793/406 735/770/406
f 737/772/408 759/795/408 758/794/407 736/771/407
f 738/773/426 760/796/426 759/795/408 737/772/408
f 739/774/410 761/797/410 760/796/426 738/773/426
f 740/775/411 762/798/411 761/797/410 739/774/410
f 741/776/412 763/799/412 762/798/411 740/775/411
f 742/777/413 764/800/413 763/799/412 741/776/412
f 743/778/427 765/801/427 764/800/413 742/777/413
f 744/779/415 766/802/415 765/801/427 743/778/427
f 745/780/428 767/803/428 766/802/415 744/779/415
f 746/781/429 768/804/429 767/803/428 745/780/428
f 747/782/430 769/805/430 768/804/429 746/781/429
f 748/761/420 770/784/420 769/805/430 747/782/430
f 749/783/419 771/806/419 792/807/420 770/784/420
f 750/785/421 772/808/421 771/809/419 749/786/419
f 751/787/422 773/810/422 772/808/421 750/785/421
f 752/788/423 774/811/423 773/810/422 751/787/422
f 753/789/424 775/812/424 774/811/423 752/788/423
f 754/790/403 776/813/403 775/812/424 753/789/424
f 755/791/425 777/814/425 776/813/403 754/790/403
f 756/792/405 778/815/405 777/814/425 755/791/425
f 757/793/406 779/816/406 778/815/405 756/792/405
f 758/794/407 780/817/407 779/816/406 757/793/406
f 759/795/408 781/818/408 780/817/407 758/794/407
f 760/796/426 782/819/426 781/818/408 759/795/408
f 761/797/410 783/820/410 782/819/426 760/796/426
f 762/798/411 784/821/411 783/820/410 761/797/410
f 763/799/412 785/822/412 784/821/411 762/798/411
f 764/800/413 786/823/413 785/822/412 763/799/412
f 765/801/427 787/824/427 786/823/413 764/800/413
f 766/802/415 788/825/415 787/824/427 765/801/427
f 767/803/428 789/826/428 788/825/415 766/802/415
f 768/804/429 790/827/429 789/826/428 767/803/428
f 769/805/430 791/828/430 790/827/429 768/804/429
f 770/784/420 792/807/420 791/828/430 769/805/430
f 771/806/419 793/829/419 814/830/420 792/807/420
f 772/808/421 794/831/421 793/832/419 771/809/419
f 773/810/422 795/833/422 794/831/421 772/808/421
f 774/811/423 796/834/423 795/833/422 773/810/422
f 775/812/424 797/835/424 796/834/423 774/811/423
f 776/813/403 798/836/403 797/835/424 775/812/424
f 777/814/425 799/837/425 798/836/403 776/813/403
f 778/815/405 800/838/405 799/837/425 777/814/425
f 779/816/406 801/839/406 800/838/405 778/815/405
f 780/817/407 802/840/407 801/839/406 779/816/406
f 781/818/408 803/841/408 802/840/407 780/817/407
f 782/819/426 804/842/426 803/841/408 781/818/408
f 783/820/410 805/843/410 804/842/426 782/819/426
f 784/821/411 806/844/411 805/843/410 783/820/410
f 785/822/412 807/845/412 806/844/411 784/821/411
f 786/823/413 808/846/413 807/845/412 785/822/412
f 787/824/427 809/847/427 808/846/413 786/823/413
f 788/825/415 810/848/415 809/847/427 787/824/427
f 789/826/428 811/849/428 810/848/415 788/825/415
f 790/827/429 812/850/429 811/849/428 789/826/428
f 791/828/430 813/851/430 812/850/429 790/827/429
f 792/807/420 814/830/420 813/851/430 791/828/430
f 793/829/419 815/852/419 836/853/420 814/830/420
f 794/831/421 816/854/421 815/855/419 793/832/419
f 795/833/422 817/856/422 816/854/421 794/831/421
f 796/834/423 818/857/423 817/856/422 795/833/422
f 797/835/424 819/858/424 818/857/423 796/834/423
f 798/836/403 820/859/403 819/858/424 797/835/424
f 799/837/425 821/860/425 820/859/403 798/836/403
f 800/838/405 822/861/405 821/860/425 799/837/425
f 801/839/406 823/862/406 822/861/405 800/838/405
f 802/840/407 824/863/407 823/862/406 801/839/406
f 803/841/408 825/864/408 824/863/407 802/840/407
f 804/842/426 826/865/426 825/864/408 803/841/408
f 805/843/410 827/866/410 826/865/426 804/842/426
f 806/844/411 828/867/411 827/866/410 805/843/410
f 807/845/412 829/868/412 828/867/411 806/844/411
f 808/846/413 830/869/413 829/868/412 807/845/412
f 809/847/427 831/870/427 830/869/413 808/846/413
f 810/848/415 832/871/415 831/870/427 809/847/427
f 811/849/428 833/872/428 832/871/415 810/848/415
f 812/850/429 834/873/429 833/872/428 811/849/428
f 813/851/430 835/874/430 834/873/429 812/850/429
f 814/830/420 836/853/420 835/874/430 813/851/430
f 815/852/419 837/875/419 858/876/420 836/853/420
f 816/854/421 838/877/421 837/878/419 815/855/419
f 817/856/422 839/879/422 838/877/421 816/854/421
f 818/857/423 840/880/423 839/879/422 817/856/422
f 819/858/424 841/881/424 840/880/423 818/857/423
f 820/859/403 842/882/403 841/881/424 819/858/424
f 821/860/425 843/883/425 842/882/403 820/859/403
f 822/861/405 844/884/405 843/883/425 821/860/425
f 823/862/406 845/885/406 844/884/405 822/861/405
f 824/863/407 846/886/407 845/885/406 823/862/406
f 825/864/408 847/887/408 846/886/407 824/863/407
f 826/865/426 848/888/426 847/887/408 825/864/408
f 827/866/410 849/889/410 848/888/426 826/865/426
f 828/867/411 850/890/411 849/889/410 827/866/410
f 829/868/412 851/891/412 850/890/411 828/867/411
f 830/869/413 852/892/413 851/891/412 829/868/412
f 831/870/427 853/893/427 852/892/413 830/869/413
f 832/871/415 854/894/415 853/893/427 831/870/427
f 833/872/428 855/895/428 854/894/415 832/871/415
f 834/873/429 856/896/429 855/895/428 833/872/428
f 835/874/430 857/897/430 856/896/429 834/873/429
f 836/853/420 858/876/420 857/897/430 835/874/430
f 837/875/419 859/898/419 880/899/420 858/876/420
f 838/877/421 860/900/421 859/901/419 837/878/419
f 839/879/422 861/902/422 860/900/421 838/877/421
f 840/880/423 862/903/423 861/902/422 839/879/422
f 841/881/424 863/904/424 862/903/423 840/880/423
f 842/882/403 864/905/403 863/904/424 841/881/424
f 843/883/425 865/906/425 864/905/403 842/882/403
f 844/884/405 866/907/405 865/906/425 843/883/425
f 845/885/406 867/908/406 866/907/405 844/884/405
f 846/886/407 868/909/407 867/908/406 845/885/406
f 847/887/408 869/910/408 868/909/407 846/886/407
f 848/888/426 870/911/426 869/910/408 847/887/408
f 849/889/410 871/912/410 870/911/426 848/888/426
f 850/890/411 872/913/411 871/912/410 849/889/410
f 851/891/412 873/914/412 872/913/411 850/890/411
f 852/892/413 874/915/413 873/914/412 851/891/412
f 853/893/427 875/916/427 874/915/413 852/892/413
f 854/894/415 876/917/415 875/916/427 853/893/427
f 855/895/428 877/918/428 876/917/415 854/894/415
f 856/896/429 878/919/429 877/918/428 855/895/428
f 857/897/430 879/920/430 878/919/429 856/896/429
f 858/876/420 880/899/420 879/920/430 857/897/430
f 859/898/419 881/921/419 902/922/420 880/899/420
f 860/900/421 882/923/421 881/924/419 859/901/419
f 861/902/422 883/925/422 882/923/421 860/900/421
f 862/903/423 884/926/423 883/925/422 861/902/422
f 863/904/424 885/927/424 884/926/423 862/903/423
f 864/905/403 886/928/403 885/927/424 863/904/424
f 865/906/425 887/929/425 886/928/403 864/905/403
f 866/907/405 888/930/405 887/929/425 865/906/425
f 867/908/406 889/931/406 888/930/405 866/907/405
f 868/909/407 890/932/407 889/931/406 867/908/406
f 869/910/408 891/933/408 890/932/407 868/909/407
f 870/911/426 892/934/426 891/933/408 869/910/408
f 871/912/410 893/935/410 892/934/426 870/911/426
f 872/913/411 894/936/411 893/935/410 871/912/410
f 873/914/412 895/937/412 894/936/411 872/913/411
f 874/915/413 896/938/413 895/937/412 873/914/412
f 875/916/427 897/939/427 896/938/413 874/915/413
f 876/917/415 898/940/415 897/939/427 875/916/427
f 877/918/428 899/941/428 898/940/415 876/917/415
f 878/919/429 900/942/429 899/941/428 877/918/428
f 879/920/430 901/943/430 900/942/429 878/919/429
f 880/899/420 902/922/420 901/943/430 879/920/430
f 881/921/419 903/944/419 924/945/420 902/922/420
f 882/923/421 904/946/421 903/947/419 881/924/419
f 883/925/422 905/948/422 904/946/421 882/923/421
f 884/926/423 906/949/423 905/948/422 883/925/422
f 885/927/424 907/950/424 906/949/423 884/926/423
f 886/928/403 908/951/403 907/950/424 885/927/424
f 887/929/425 909/952/425 908/951/403 886/928/403
f 888/930/405 910/953/405 909/952/425 887/929/425
f 889/931/406 911/954/406 910/953/405 888/930/405
f 890/932/407 912/955/407 911/954/406 889/931/406
f 891/933/408 913/956/408 912/955/407 890/932/407
f 892/934/426 914/957/426 913/956/408 891/933/408
f 893/935/410 915/958/410 914/957/426 892/934/426
f 894/936/411 916/959/411 915/958/410 893/935/410
f 895/937/412 917/960/412 916/959/411 894/936/411
f 896/938/413 918/961/413 917/960/412 895/937/412
f 897/939/427 919/962/427 918/961/413 896/938/413
f 898/940/415 920/963/415 919/962/427 897/939/427
f 899/941/428 921/964/428 920/963/415 898/940/415
f 900/942/429 922/965/429 921/964/428 899/941/428
f 901/943/430 923/966/430 922/965/429 900/942/429
f 902/922/420 924/945/420 923/966/430 901/943/430
f 903/944/419 925/967/419 946/968/420 924/945/420
f 904/946/421 926/969/421 925/970/419 903/947/419
f 905/948/422 927/971/422 926/969/421 904/946/421
f 906/949/423 928/972/423 927/971/422 905/948/422
f 907/950/424 929/973/424 928/972/423 906/949/423
f 908/951/403 930/974/403 929/973/424 907/950/424
f 909/952/425 931/975/425 930/974/403 908/951/403
f 910/953/405 932/976/405 931/975/425 909/952/425
f 911/954/406 933/977/406 932/976/405 910/953/405
f 912/955/407 934/978/407 933/977/406 911/954/406
f 913/956/408 935/979/408 934/978/407 912/955/407
f 914/957/426 936/980/426 935/979/408 913/956/408
f 915/958/410 937/981/410 936/980/426 914/957/426
f 916/959/411 938/982/411 937/981/410 915/958/410
f 917/960/412 939/983/412 938/982/411 916/959/411
f 918/961/413 940/984/413 939/983/412 917/960/412
f 919/962/427 941/985/427 940/984/413 918/961/413
f 920/963/415 942/986/415 941/985/427 919/962/427
f 921/964/428 943/987/428 942/986/415 920/963/415
f 922/965/429 944/988/429 943/987/428 921/964/428
f 923/966/430 945/989/430 944/988/429 922/965/429
f 924/945/420 946/968/420 945/989/430 923/966/430
f 925/967/419 947/990/419 968/991/420 946/968/420
f 926/969/421 948/992/421 947/993/419 925/970/419
f 927/971/422 949/994/422 948/992/421 926/969/421
f 928/972/423 950/995/423 949/994/422 927/971/422
f 929/973/424 951/996/424 950/995/423 928/972/423
f 930/974/403 952/997/403 951/996/424 929/973/424
f 931/975/425 953/998/425 952/997/403 930/974/403
f 932/976/405 954/999/405 953/998/425 931/975/425
f 933/977/406 955/1000/406 954/999/405 932/976/405
f 934/978/407 956/1001/407 955/1000/406 933/977/406
f 935/979/408 957/1002/408 956/1001/407 934/978/407
f 936/980/426 958/1003/426 957/1002/408 935/979/408
f 937/981/410 959/1004/410 958/1003/426 936/980/426
f 938/982/411 960/1005/411 959/1004/410 937/981/410
f 939/983/412 961/1006/412 960/1005/411 938/982/411
f 940/984/413 962/1007/413 961/1006/412 939/983/412
f 941/985/427 963/1008/427 962/1007/413 940/984/413
f 942/986/415 964/1009/415 963/1008/427 941/985/427
f 943/987/428 965/1010/428 964/1009/415 942/986/415
f 944/988/429 966/1011/429 965/1010/428 943/987/428
f 945/989/430 967/1012/430 966/1011/429 944/988/429
f 946/968/420 968/991/420 967/1012/430 945/989/430
f 947/990/419 969/1013/419 990/1014/420 968/991/420
f 948/992/421 970/1015/421 969/1016/419 947/993/419
f 949/994/422 971/1017/422 970/1015/421 948/992/421
f 950/995/423 972/1018/423 971/1017/422 949/994/422
f 951/996/424 973/1019/424 972/1018/423 950/995/423
f 952/997/403 974/1020/403 973/1019/424 951/996/424
f 953/998/425 975/1021/425 974/1020/403 952/997/403
f 954/999/405 976/1022/405 975/1021/425 953/998/425
f 955/1000/406 977/1023/406 976/1022/405 954/999/405
f 956/1001/407 978/1024/407 977/1023/406 955/1000/406
f 957/1002/408 979/1025/408 978/1024/407 956/1001/407
f 958/1003/426 980/1026/426 979/1025/408 957/1002/408
f 959/1004/410 981/1027/410 980/1026/426 958/1003/426
f 960/1005/411 982/1028/411 981/1027/410 959/1004/410
f 961/1006/412 983/1029/412 982/1028/411 960/1005/411
f 962/1007/413 984/1030/413 983/1029/412 961/1006/412
f 963/1008/427 985/1031/427 984/1030/413 962/1007/413
f 964/1009/415 986/1032/415 985/1031/427 963/1008/427
f 965/1010/428 987/1033/428 986/1032/415 964/1009/415
f 966/1011/429 988/1034/429 987/1033/428 965/1010/428
f 967/1012/430 989/1035/430 988/1034/429 966/1011/429
f 968/991/420 990/1014/420 989/1035/430 967/1012/430
f 969/1013/419 991/1036/419 1012/1037/420 990/1014/420
f 970/1015/421 992/1038/421 991/1039/419 969/1016/419
f 971/1017/422 993/1040/422 992/1038/421 970/1015/421
f 972/1018/423 994/1041/423 993/1040/422 971/1017/422
f 973/1019/424 995/1042/424 994/1041/423 972/1018/423
f 974/1020/403 996/1043/403 995/1042/424 973/1019/424
f 975/1021/425 997/1044/425 996/1043/403 974/1020/403
f 976/1022/405 998/1045/405 997/1044/425 975/1021/425
f 977/1023/406 999/1046/406 998/1045/405 976/1022/405
f 978/1024/407 1000/1047/407 999/1046/406 977/1023/406
f 979/1025/408 1001/1048/408 1000/1047/407 978/1024/407
f 980/1026/426 1002/1049/426 1001/1048/408 979/1025/408
f 981/1027/410 1003/1050/410 1002/1049/426 980/1026/426
f 982/1028/411 1004/1051/411 1003/1050/410 981/1027/410
f 983/1029/412 1005/1052/412 1004/1051/411 982/1028/411
f 984/1030/413 1006/1053/413 1005/1052/412 983/1029/412
f 985/1031/427 1007/1054/427 1006/1053/413 984/1030/413
f 986/1032/415 1008/1055/415 1007/1054/427 985/1031/427
f 987/1033/428 1009/1056/428 1008/1055/415 986/1032/415
f 988/1034/429 1010/1057/429 1009/1056/428 987/1033/428
f 989/1035/430 1011/1058/430 1010/1057/429 988/1034/429
f 990/1014/420 1012/1037/420 1011/1058/430 989/1035/430
f 991/1036/419 1013/1059/419 1034/1060/420 1012/1037/420
f 992/1038/421 1014/1061/421 1013/1062/419 991/1039/419
f 993/1040/422 1015/1063/422 1014/1061/421 992/1038/421
f 994/1041/423 1016/1064/423 1015/1063/422 993/1040/422
f 995/1042/424 1017/1065/424 1016/1064/423 994/1041/423
f 996/1043/403 1018/1066/403 1017/1065/424 995/1042/424
f 997/1044/425 1019/1067/425 1018/1066/403 996/1043/403
f 998/1045/405 1020/1068/405 1019/1067/425 997/1044/425
f 999/1046/406 1021/1069/406 1020/1068/405 998/1045/405
f 1000/1047/407 1022/1070/407 1021/1069/406 999/1046/406
f 1001/1048/408 1023/1071/408 1022/1070/407 1000/1047/407
f 1002/1049/426 1024/1072/426 1023/1071/408 1001/1048/408
f 1003/1050/410 1025/1073/410 1024/1072/426 1002/1049/426
f 1004/1051/411 1026/1074/411 1025/1073/410 1003/1050/410
f 1005/1052/412 1027/1075/412 1026/1074/411 1004/1051/411
f 1006/1053/413 1028/1076/413 1027/1075/412 1005/1052/412
f 1007/1054/427 1029/1077/427 1028/1076/413 1006/1053/413
f 1008/1055/415 1030/1078/415 1029/1077/427 1007/1054/427
f 1009/1056/428 1031/1079/428 1030/1078/415 1008/1055/415
f 1010/1057/429 1032/1080/429 1031/1079/428 1009/1056/428
f 1011/1058/430 1033/1081/430 1032/1080/429 1010/1057/429
f 1012/1037/420 1034/1060/420 1033/1081/430 1011/1058/430
f 1013/1059/419 1035/1082/419 1056/1083/420 1034/1060/420
f 1014/1061/421 1036/1084/421 1035/1085/419 1013/1062/419
f 1015/1063/422 1037/1086/422 1036/1084/421 1014/1061/421
f 1016/1064/423 1038/1087/423 1037/1086/422 1015/1063/422
f 1017/1065/424 1039/1088/424 1038/1087/423 1016/1064/423
f 1018/1066/403 1040/1089/403 1039/1088/424 1017/1065/424
f 1019/1067/425 1041/1090/425 1040/1089/403 1018/1066/403
f 1020/1068/405 1042/1091/405 1041/1090/425 1019/1067/425
f 1021/1069/406 1043/1092/406 1042/1091/405 1020/1068/405
f 1022/1070/407 1044/1093/407 1043/1092/406 1021/1069/406
f 1023/1071/408 1045/1094/408 1044/1093/407 1022/1070/407
f 1024/1072/426 1046/1095/426 1045/1094/408 1023/1071/408
f 1025/1073/410 1047/1096/410 1046/1095/426 1024/1072/426
f 1026/1074/411 1048/1097/411 1047/1096/410 1025/1073/410
f 1027/1075/412 1049/1098/412 1048/1097/411 1026/1074/411
f 1028/1076/413 1050/1099/413 1049/1098/412 1027/1075/412
f 1029/1077/427 1051/1100/427 1050/1099/413 1028/1076/413
f 1030/1078/415 1052/1101/415 1051/1100/427 1029/1077/427
f 1031/1079/428 1053/1102/428 1052/1101/415 1030/1078/415
f 1032/1080/429 1054/1103/429 1053/1102/428 1031/1079/428
f 1033/1081/430 1055/1104/430 1054/1103/429 1032/1080/429
f 1034/1060/420 1056/1083/420 1055/1104/430 1033/1081/430
f 1035/1082/419 1057/1105/419 1078/1106/420 1056/1083/420
f 1036/1084/421 1058/1107/421 1057/1108/419 1035/1085/419
f 1037/1086/422 1059/1109/422 1058/1107/421 1036/1084/421
f 1038/1087/423 1060/1110/423 1059/1109/422 1037/1086/422
f 1039/1088/424 1061/1111/424 1060/1110/423 1038/1087/423
f 1040/1089/403 1062/1112/403 1061/1111/424 1039/1088/424
f 1041/1090/425 1063/1113/425 1062/1112/403 1040/1089/403
f 1042/1091/405 1064/1114/405 1063/1113/425 1041/1090/425
f 1043/1092/406 1065/1115/406 1064/1114/405 1042/1091/405
f 1044/1093/407 1066/1116/407 1065/1115/406 1043/1092/406
f 1045/1094/408 1067/1117/408 1066/1116/407 1044/1093/407
f 1046/1095/426 1068/1118/426 1067/1117/408 1045/1094/408
f 1047/1096/410 1069/1119/410 1068/1118/426 1046/1095/426
f 1048/1097/411 1070/1120/411 1069/1119/410 1047/1096/410
f 1049/1098/412 1071/1121/412 1070/1120/411 1048/1097/411
f 1050/1099/413 1072/1122/413 1071/1121/412 1049/1098/412
f 1051/1100/427 1073/1123/427 1072/1122/413 1050/1099/413
f 1052/1101/415 1074/1124/415 1073/1123/427 1051/1100/427
f 1053/1102/428 1075/1125/428 1074/1124/415 1052/1101/415
f 1054/1103/429 1076/1126/429 1075/1125/428 1053/1102/428
f 1055/1104/430 1077/1127/430 1076/1126/429 1054/1103/429
f 1056/1083/420 1078/1106/420 1077/1127/430 1055/1104/430
f 1057/1105/419 1079/1128/419 1100/1129/420 1078/1106/420
f 1058/1107/421 1080/1130/421 1079/1131/419 1057/1108/419
f 1059/1109/422 1081/1132/422 1080/1130/421 1058/1107/421
f 1060/1110/423 1082/1133/423 1081/1132/422 1059/1109/422
f 1061/1111/424 1083/1134/424 1082/1133/423 1060/1110/423
f 1062/1112/403 1084/1135/403 1083/1134/424 1061/1111/424
f 1063/1113/425 1085/1136/425 1084/1135/403 1062/1112/403
f 1064/1114/405 1086/1137/405 1085/1136/425 1063/1113/425
f 1065/1115/406 1087/1138/406 1086/1137/405 1064/1114/405
f 1066/1116/407 1088/1139/407 1087/1138/406 1065/1115/406
f 1067/1117/408 1089/1140/408 1088/1139/407 1066/1116/407
f 1068/1118/426 1090/1141/426 1089/1140/408 1067/1117/408
f 1069/1119/410 1091/1142/410 1090/1141/426 1068/1118/426
f 1070/1120/411 1092/1143/411 1091/1142/410 1069/1119/410
f 1071/1121/412 1093/1144/412 1092/1143/411 1070/1120/411
f 1072/1122/413 1094/1145/413 1093/1144/412 1071/1121/412
f 1073/1123/427 1095/1146/427 1094/1145/413 1072/1122/413
f 1074/1124/415 1096/1147/415 1095/1146/427 1073/1123/427
f 1075/1125/428 1097/1148/428 1096/1147/415 1074/1124/415
f 1076/1126/429 1098/1149/429 1097/1148/428 1075/1125/428
f 1077/1127/430 1099/1150/430 1098/1149/429 1076/1126/429
f 1078/1106/420 1100/1129/420 1099/1150/430 1077/1127/430
f 1079/1128/419 1101/1151/419 1122/1152/420 1100/1129/420
f 1080/1130/421 1102/1153/421 1101/1154/419 1079/1131/419
f 1081/1132/422 1103/1155/422 1102/1153/421 1080/1130/421
f 1082/1133/423 1104/1156/423 1103/1155/422 1081/1132/422
f 1083/1134/424 1105/1157/424 1104/1156/423 1082/1133/423
f 1084/1135/403 1106/1158/403 1105/1157/424 1083/1134/424
f 1085/1136/425 1107/1159/425 1106/1158/403 1084/1135/403
f 1086/1137/405 1108/1160/405 1107/1159/425 1085/1136/425
f 1087/1138/406 1109/1161/406 1108/1160/405 1086/1137/405
f 1088/1139/407 1110/1162/407 1109/1161/406 1087/1138/406
f 1089/1140/408 1111/1163/408 1110/1162/407 1088/1139/407
f 1090/1141/426 1112/1164/426 1111/1163/408 1089/1140/408
f 1091/1142/410 1113/1165/410 1112/1164/426 1090/1141/426
f 1092/1143/411 1114/1166/411 1113/1165/410 1091/1142/410
f 1093/1144/412 1115/1167/412 1114/1166/411 1092/1143/411
f 1094/1145/413 1116/1168/413 1115/1167/412 1093/1144/412
f 1095/1146/427 1117/1169/427 1116/1168/413 1094/1145/413
f 1096/1147/415 1118/1170/415 1117/1169/427 1095/1146/427
f 1097/1148/428 1119/1171/428 1118/1170/415 1096/1147/415
f 1098/1149/429 1120/1172/429 1119/1171/428 1097/1148/428
f 1099/1150/430 1121/1173/430 1120/1172/429 1098/1149/429
f 1100/1129/420 1122/1152/420 1121/1173/430 1099/1150/430
f 1101/1151/419 1123/1174/419 1144/1175/420 1122/1152/420
f 1102/1153/421 1124/1176/421 1123/1177/419 1101/1154/419
f 1103/1155/422 1125/1178/422 1124/1176/421 1102/1153/421
f 1104/1156/423 1126/1179/423 1125/1178/422 1103/1155/422
f 1105/1157/424 1127/1180/424 1126/1179/423 1104/1156/423
f 1106/1158/403 1128/1181/403 1127/1180/424 1105/1157/424
f 1107/1159/425 1129/1182/425 1128/1181/403 1106/1158/403
f 1108/1160/405 1130/1183/405 1129/1182/425 1107/1159/425
f 1109/1161/406 1131/1184/406 1130/1183/405 1108/1160/405
f 1110/1162/407 1132/1185/407 1131/1184/406 1109/1161/406
f 1111/1163/408 1133/1186/408 1132/1185/407 1110/1162/407
f 1112/1164/426 1134/1187/426 1133/1186/408 1111/1163/408
f 1113/1165/410 1135/1188/410 1134/1187/426 1112/1164/426
f 1114/1166/411 1136/1189/411 1135/1188/410 1113/1165/410
f 1115/1167/412 1137/1190/412 1136/1189/411 1114/1166/411
f 1116/1168/413 1138/1191/413 1137/1190/412 1115/1167/412
f 1117/1169/427 1139/1192/427 1138/1191/413 1116/1168/413
f 1118/1170/415 1140/1193/415 1139/1192/427 1117/1169/427
f 1119/1171/428 1141/1194/428 1140/1193/415 1118/1170/415
f 1120/1172/429 1142/1195/429 1141/1194/428 1119/1171/428
f 1121/1173/430 1143/1196/430 1142/1195/429 1120/1172/429
f 1122/1152/420 1144/1175/420 1143/1196/430 1121/1173/430
f 1123/1174/419 1145/1197/419 1166/1198/420 1144/1175/420
f 1124/1176/421 1146/1199/421 1145/1200/419 1123/1177/419
f 1125/1178/422 1147/1201/422 1146/1199/421 1124/1176/421
f 1126/1179/423 1148/1202/423 1147/1201/422 1125/1178/422
f 1127/1180/424 1149/1203/424 1148/1202/423 1126/1179/423
f 1128/1181/403 1150/1204/403 1149/1203/424 1127/1180/424
f 1129/1182/425 1151/1205/425 1150/1204/403 1128/1181/403
f 1130/1183/405 1152/1206/405 1151/1205/425 1129/1182/425
f 1131/1184/406 1153/1207/406 1152/1206/405 1130/1183/405
f 1132/1185/407 1154/1208/407 1153/1207/406 1131/1184/406
f 1133/1186/408 1155/1209/408 1154/1208/407 1132/1185/407
f 1134/1187/426 1156/1210/426 1155/1209/408 1133/1186/408
f 1135/1188/410 1157/1211/410 1156/1210/426 1134/1187/426
f 1136/1189/411 1158/1212/411 1157/1211/410 1135/1188/410
f 1137/1190/412 1159/1213/412 1158/1212/411 1136/1189/411
f 1138/1191/413 1160/1214/413 1159/1213/412 1137/1190/412
f 1139/1192/427 1161/1215/427 1160/1214/413 1138/1191/413
f 1140/1193/415 1162/1216/415 1161/1215/427 1139/1192/427
f 1141/1194/428 1163/1217/428 1162/1216/415 1140/1193/415
f 1142/1195/429 1164/1218/429 1163/1217/428 1141/1194/428
f 1143/1196/430 1165/1219/430 1164/1218/429 1142/1195/429
f 1144/1175/420 1166/1198/420 1165/1219/430 1143/1196/430
f 1145/1197/419 1167/1220/419 1188/1221/420 1166/1198/420
f 1146/1199/421 1168/1222/421 1167/1223/419 1145/1200/419
f 1147/1201/422 1169/1224/422 1168/1222/421 1146/1199/421
f 1148/1202/423 1170/1225/423 1169/1224/422 1147/1201/422
f 1149/1203/424 1171/1226/424 1170/1225/423 1148/1202/423
f 1150/1204/403 1172/1227/403 1171/1226/424 1149/1203/424
f 1151/1205/425 1173/1228/425 1172/1227/403 1150/1204/403
f 1152/1206/405 1174/1229/405 1173/1228/425 1151/1205/425
f 1153/1207/406 1175/1230/406 1174/1229/405 1152/1206/405
f 1154/1208/407 1176/1231/407 1175/1230/406 1153/1207/406
f 1155/1209/408 1177/1232/408 1176/1231/407 1154/1208/407
f 1156/1210/426 1178/1233/426 1177/1232/408 1155/1209/408
f 1157/1211/410 1179/1234/410 1178/1233/426 1156/1210/426
f 1158/1212/411 1180/1235/411 1179/1234/410 1157/1211/410
f 1159/1213/412 1181/1236/412 1180/1235/411 1158/1212/411
f 1160/1214/413 1182/1237/413 1181/1236/412 1159/1213/412
f 1161/1215/427 1183/1238/427 1182/1237/413 1160/1214/413
f 1162/1216/415 1184/1239/415 1183/1238/427 1161/1215/427
f 1163/1217/428 1185/1240/428 1184/1239/415 1162/1216/415
f 1164/1218/429 1186/1241/429 1185/1240/428 1163/1217/428
f 1165/1219/430 1187/1242/430 1186/1241/429 1164/1218/429
f 1166/1198/420 1188/1221/420 1187/1242/430 1165/1219/430
f 1167/1220/419 1189/1243/419 1210/1244/420 1188/1221/420
f 1168/1222/421 1190/1245/421 1189/1246/419 1167/1223/419
f 1169/1224/422 1191/1247/422 1190/1245/421 1168/1222/421
f 1170/1225/423 1192/1248/423 1191/1247/422 1169/1224/422
f 1171/1226/424 1193/1249/424 1192/1248/423 1170/1225/423
f 1172/1227/403 1194/1250/403 1193/1249/424 1171/1226/424
f 1173/1228/425 1195/1251/425 1194/1250/403 1172/1227/403
f 1174/1229/405 1196/1252/405 1195/1251/425 1173/1228/425
f 1175/1230/406 1197/1253/406 1196/1252/405 1174/1229/405
f 1176/1231/407 1198/1254/407 1197/1253/406 1175/1230/406
f 1177/1232/408 1199/1255/408 1198/1254/407 1176/1231/407
f 1178/1233/426 1200/1256/426 1199/1255/408 1177/1232/408
f 1179/1234/410 1201/1257/410 1200/1256/426 1178/1233/426
f 1180/1235/411 1202/1258/411 1201/1257/410 1179/1234/410
f 1181/1236/412 1203/1259/412 1202/1258/411 1180/1235/411
f 1182/1237/413 1204/1260/413 1203/1259/412 1181/1236/412
f 1183/1238/427 1205/1261/427 1204/1260/413 1182/1237/413
f 1184/1239/415 1206/1262/415 1205/1261/427 1183/1238/427
f 1185/1240/428 1207/1263/428 1206/1262/415 1184/1239/415
f 1186/1241/429 1208/1264/429 1207/1263/428 1185/1240/428
f 1187/1242/430 1209/1265/430 1208/1264/429 1186/1241/429
f 1188/1221/420 1210/1244/420 1209/1265/430 1187/1242/430
f 1189/1243/419 1211/1266/419 1232/1267/420 1210/1244/420
f 1190/1245/421 1212/1268/421 1211/1269/419 1189/1246/419
f 1191/1247/422 1213/1270/422 1212/1268/421 1190/1245/421
f 1192/1248/423 1214/1271/423 1213/1270/422 1191/1247/422
f 1193/1249/424 1215/1272/424 1214/1271/423 1192/1248/423
f 1194/1250/403 1216/1273/403 1215/1272/424 1193/1249/424
f 1195/1251/425 1217/1274/425 1216/1273/403 1194/1250/403
f 1196/1252/405 1218/1275/405 1217/1274/425 1195/1251/425
f 1197/1253/406 1219/1276/406 1218/1275/405 1196/1252/405
f 1198/1254/407 1220/1277/407 1219/1276/406 1197/1253/406
f 1199/1255/408 1221/1278/408 1220/1277/407 1198/1254/407
f 1200/1256/426 1222/1279/426 1221/1278/408 1199/1255/408
f 1201/1257/410 1223/1280/410 1222/1279/426 1200/1256/426
f 1202/1258/411 1224/1281/411 1223/1280/410 1201/1257/410
f 1203/1259/412 1225/1282/412 1224/1281/411 1202/1258/411
f 1204/1260/413 1226/1283/413 1225/1282/412 1203/1259/412
f 1205/1261/427 1227/1284/427 1226/1283/413 1204/1260/413
f 1206/1262/415 1228/1285/415 1227/1284/427 1205/1261/427
f 1207/1263/428 1229/1286/428 1228/1285/415 1206/1262/415
f 1208/1264/429 1230/1287/429 1229/1286/428 1207/1263/428
f 1209/1265/430 1231/1288/430 1230/1287/429 1208/1264/429
f 1210/1244/420 1232/1267/420 1231/1288/430 1209/1265/430
f 1211/1266/419 1233/1289/419 1254/1290/420 1232/1267/420
f 1212/1268/421 1234/1291/421 1233/1292/419 1211/1269/419
f 1213/1270/422 1235/1293/422 1234/1291/421 1212/1268/421
f 1214/1271/423 1236/1294/423 1235/1293/422 1213/1270/422
f 1215/1272/424 1237/1295/424 1236/1294/423 1214/1271/423
f 1216/1273/403 1238/1296/403 1237/1295/424 1215/1272/424
f 1217/1274/425 1239/1297/425 1238/1296/403 1216/1273/403
f 1218/1275/405 1240/1298/405 1239/1297/425 1217/1274/425
f 1219/1276/406 1241/1299/406 1240/1298/405 1218/1275/405
f 1220/1277/407 1242/1300/407 1241/1299/406 1219/1276/406
f 1221/1278/408 1243/1301/408 1242/1300/407 1220/1277/407
f 1222/1279/426 1244/1302/426 1243/1301/408 1221/1278/408
f 1223/1280/410 1245/1303/410 1244/1302/426 1222/1279/426
f 1224/1281/411 1246/1304/411 1245/1303/410 1223/1280/410
f 1225/1282/412 1247/1305/412 1246/1304/411 1224/1281/411
f 1226/1283/413 1248/1306/413 1247/1305/412 1225/1282/412
f 1227/1284/427 1249/1307/427 1248/1306/413 1226/1283/413
f 1228/1285/415 1250/1308/415 1249/1307/427 1227/1284/427
f 1229/1286/428 1251/1309/428 1250/1308/415 1228/1285/415
f 1230/1287/429 1252/1310/429 1251/1309/428 1229/1286/428
f 1231/1288/430 1253/1311/430 1252/1310/429 1230/1287/429
f 1232/1267/420 1254/1290/420 1253/1311/430 1231/1288/430
f 1233/1289/419 1255/1312/419 1276/1313/420 1254/1290/420
f 1234/1291/421 1256/1314/421 1255/1315/419 1233/1292/419
f 1235/1293/422 1257/1316/422 1256/1314/421 1234/1291/421
f 1236/1294/423 1258/1317/423 1257/1316/422 1235/1293/422
f 1237/1295/424 1259/1318/424 1258/1317/423 1236/1294/423
f 1238/1296/403 1260/1319/403 1259/1318/424 1237/1295/424
f 1239/1297/425 1261/1320/425 1260/1319/403 1238/1296/403
f 1240/1298/405 1262/1321/405 1261/1320/425 1239/1297/425
f 1241/1299/406 1263/1322/406 1262/1321/405 1240/1298/405
f 1242/1300/407 1264/1323/407 1263/1322/406 1241/1299/406
f 1243/1301/408 1265/1324/408 1264/1323/407 1242/1300/407
f 1244/1302/426 1266/1325/426 1265/1324/408 1243/1301/408
f 1245/1303/410 1267/1326/410 1266/1325/426 1244/1302/426
f 1246/1304/411 1268/1327/411 1267/1326/410 1245/1303/410
f 1247/1305/412 1269/1328/412 1268/1327/411 1246/1304/411
f 1248/1306/413 1270/1329/413 1269/1328/412 1247/1305/412
f 1249/1307/427 1271/1330/427 1270/1329/413 1248/1306/413
f 1250/1308/415 1272/1331/415 1271/1330/427 1249/1307/427
f 1251/1309/428 1273/1332/428 1272/1331/415 1250/1308/415
f 1252/1310/429 1274/1333/429 1273/1332/428 1251/1309/428
f 1253/1311/430 1275/1334/430 1274/1333/429 1252/1310/429
f 1254/1290/420 1276/1313/420 1275/1334/430 1253/1311/430
f 1255/1312/419 1277/1335/419 1298/1336/420 1276/1313/420
f 1256/1314/421 1278/1337/421 1277/1338/419 1255/1315/419
f 1257/1316/422 1279/1339/422 1278/1337/421 1256/1314/421
f 1258/1317/423 1280/1340/423 1279/1339/422 1257/1316/422
f 1259/1318/424 1281/1341/424 1280/1340/423 1258/1317/423
f 1260/1319/403 1282/1342/403 1281/1341/424 1259/1318/424
f 1261/1320/425 1283/1343/425 1282/1342/403 1260/1319/403
f 1262/1321/405 1284/1344/405 1283/1343/425 1261/1320/425
f 1263/1322/406 1285/1345/406 1284/1344/405 1262/1321/405
f 1264/1323/407 1286/1346/407 1285/1345/406 1263/1322/406
f 1265/1324/408 1287/1347/408 1286/1346/407 1264/1323/407
f 1266/1325/426 1288/1348/426 1287/1347/408 1265/1324/408
f 1267/1326/410 1289/1349/410 1288/1348/426 1266/1325/426
f 1268/1327/411 1290/1350/411 1289/1349/410 1267/1326/410
f 1269/1328/412 1291/1351/412 1290/1350/411 1268/1327/411
f 1270/1329/413 1292/1352/413 1291/1351/412 1269/1328/412
f 1271/1330/427 1293/1353/427 1292/1352/413 1270/1329/413
f 1272/1331/415 1294/1354/415 1293/1353/427 1271/1330/427
f 1273/1332/428 1295/1355/428 1294/1354/415 1272/1331/415
f 1274/1333/429 1296/1356/429 1295/1355/428 1273/1332/428
f 1275/1334/430 1297/1357/430 1296/1356/429 1274/1333/429
f 1276/1313/420 1298/1336/420 1297/1357/430 1275/1334/430
f 1277/1335/419 1299/1358/419 1320/1359/420 1298/1336/420
f 1278/1337/421 1300/1360/421 1299/1361/419 1277/1338/419
f 1279/1339/422 1301/1362/422 1300/1360/421 1278/1337/421
f 1280/1340/423 1302/1363/423 1301/1362/422 1279/1339/422
f 1281/1341/424 1303/1364/424 1302/1363/423 1280/1340/423
f 1282/1342/403 1304/1365/403 1303/1364/424 1281/1341/424
f 1283/1343/425 1305/1366/425 1304/1365/403 1282/1342/403
f 1284/1344/405 1306/1367/405 1305/1366/425 1283/1343/425
f 1285/1345/406 1307/1368/406 1306/1367/405 1284/1344/405
f 1286/1346/407 1308/1369/407 1307/1368/406 1285/1345/406
f 1287/1347/408 1309/1370/408 1308/1369/407 1286/1346/407
f 1288/1348/426 1310/1371/426 1309/1370/408 1287/1347/408
f 1289/1349/410 1311/1372/410 1310/1371/426 1288/1348/426
f 1290/1350/411 1312/1373/411 1311/1372/410 1289/1349/410
f 1291/1351/412 1313/1374/412 1312/1373/411 1290/1350/411
f 1292/1352/413 1314/1375/413 1313/1374/412 1291/1351/412
f 1293/1353/427 1315/1376/427 1314/1375/413 1292/1352/413
f 1294/1354/415 1316/1377/415 1315/1376/427 1293/1353/427
f 1295/1355/428 1317/1378/428 1316/1377/415 1294/1354/415
f 1296/1356/429 1318/1379/429 1317/1378/428 1295/1355/428
f 1297/1357/430 1319/1380/430 1318/1379/429 1296/1356/429
f 1298/1336/420 1320/1359/420 1319/1380/430 1297/1357/430
f 1299/1358/419 1321/1381/419 1342/1382/420 1320/1359/420
f 1300/1360/421 1322/1383/421 1321/1384/419 1299/1361/419
f 1301/1362/422 1323/1385/422 1322/1383/421 1300/1360/421
f 1302/1363/423 1324/1386/423 1323/1385/422 1301/1362/422
f 1303/1364/424 1325/1387/424 1324/1386/423 1302/1363/423
f 1304/1365/403 1326/1388/403 1325/1387/424 1303/1364/424
f 1305/1366/425 1327/1389/425 1326/1388/403 1304/1365/403
f 1306/1367/405 1328/1390/405 1327/1389/425 1305/1366/425
f 1307/1368/406 1329/1391/406 1328/1390/405 1306/1367/405
f 1308/1369/407 1330/1392/407 1329/1391/406 1307/1368/406
f 1309/1370/408 1331/1393/408 1330/1392/407 1308/1369/407
f 1310/1371/426 1332/1394/426 1331/1393/408 1309/1370/408
f 1311/1372/410 1333/1395/410 1332/1394/426 1310/1371/426
f 1312/1373/411 1334/1396/411 1333/1395/410 1311/1372/410
f 1313/1374/412 1335/1397/412 1334/1396/411 1312/1373/411
f 1314/1375/413 1336/1398/413 1335/1397/412 1313/1374/412
f 1315/1376/427 1337/1399/427 1336/1398/413 1314/1375/413
f 1316/1377/415 1338/1400/415 1337/1399/427 1315/1376/427
f 1317/1378/428 1339/1401/428 1338/1400/415 1316/1377/415
f 1318/1379/429 1340/1402/429 1339/1401/428 1317/1378/428
f 1319/1380/430 1341/1403/430 1340/1402/429 1318/1379/429
f 1320/1359/420 1342/1382/420 1341/1403/430 1319/1380/430
f 1321/1381/419 1343/1404/419 1364/1405/420 1342/1382/420
f 1322/1383/421 1344/1406/421 1343/1407/419 1321/1384/419
f 1323/1385/422 1345/1408/422 1344/1406/421 1322/1383/421
f 1324/1386/423 1346/1409/423 1345/1408/422 1323/1385/422
f 1325/1387/424 1347/1410/424 1346/1409/423 1324/1386/423
f 1326/1388/403 1348/1411/403 1347/1410/424 1325/1387/424
f 1327/1389/425 1349/1412/425 1348/1411/403 1326/1388/403
f 1328/1390/405 1350/1413/405 1349/1412/425 1327/1389/425
f 1329/1391/406 1351/1414/406 1350/1413/405 1328/1390/405
f 1330/1392/407 1352/1415/407 1351/1414/406 1329/1391/406
f 1331/1393/408 1353/1416/408 1352/1415/407 1330/1392/407
f 1332/1394/426 1354/1417/426 1353/1416/408 1331/1393/408
f 1333/1395/410 1355/1418/410 1354/1417/426 1332/1394/426
f 1334/1396/411 1356/1419/411 1355/1418/410 1333/1395/410
f 1335/1397/412 1357/1420/412 1356/1419/411 1334/1396/411
f 1336/1398/413 1358/1421/413 1357/1420/412 1335/1397/412
f 1337/1399/427 1359/1422/427 1358/1421/413 1336/1398/413
f 1338/1400/415 1360/1423/415 1359/1422/427 1337/1399/427
f 1339/1401/428 1361/1424/428 1360/1423/415 1338/1400/415
f 1340/1402/429 1362/1425/429 1361/1424/428 1339/1401/428
f 1341/1403/430 1363/1426/430 1362/1425/429 1340/1402/429
f 1342/1382/420 1364/1405/420 1363/1426/430 1341/1403/430
f 1343/1404/419 1365/1427/419 1386/1428/420 1364/1405/420
f 1344/1406/421 1366/1429/421 1365/1430/419 1343/1407/419
f 1345/1408/422 1367/1431/422 1366/1429/421 1344/1406/421
f 1346/1409/423 1368/1432/423 1367/1431/422 1345/1408/422
f 1347/1410/424 1369/1433/424 1368/1432/423 1346/1409/423
f 1348/1411/403 1370/1434/403 1369/1433/424 1347/1410/424
f 1349/1412/425 1371/1435/425 1370/1434/403 1348/1411/403
f 1350/1413/405 1372/1436/405 1371/1435/425 1349/1412/425
f 1351/1414/406 1373/1437/406 1372/1436/405 1350/1413/405
f 1352/1415/407 1374/1438/407 1373/1437/406 1351/1414/406
f 1353/1416/408 1375/1439/408 1374/1438/407 1352/1415/407
f 1354/1417/426 1376/1440/426 1375/1439/408 1353/1416/408
f 1355/1418/410 1377/1441/410 1376/1440/426 1354/1417/426
f 1356/1419/411 1378/1442/411 1377/1441/410 1355/1418/410
f 1357/1420/412 1379/1443/412 1378/1442/411 1356/1419/411
f 1358/1421/413 1380/1444/413 1379/1443/412 1357/1420/412
f 1359/1422/427 1381/1445/427 1380/1444/413 1358/1421/413
f 1360/1423/415 1382/1446/415 1381/1445/427 1359/1422/427
f 1361/1424/428 1383/1447/428 1382/1446/415 1360/1423/415
f 1362/1425/429 1384/1448/429 1383/1447/428 1361/1424/428
f 1363/1426/430 1385/1449/430 1384/1448/429 1362/1425/429
f 1364/1405/420 1386/1428/420 1385/1449/430 1363/1426/430
f 1365/1427/419 1387/1450/419 1408/1451/420 1386/1428/420
f 1366/1429/421 1388/1452/421 1387/1453/419 1365/1430/419
f 1367/1431/422 1389/1454/422 1388/1452/421 1366/1429/421
f 1368/1432/423 1390/1455/423 1389/1454/422 1367/1431/422
f 1369/1433/424 1391/1456/424 1390/1455/423 1368/1432/423
f 1370/1434/403 1392/1457/403 1391/1456/424 1369/1433/424
f 1371/1435/425 1393/1458/425 1392/1457/403 1370/1434/403
f 1372/1436/405 1394/1459/405 1393/1458/425 1371/1435/425
f 1373/1437/406 1395/1460/406 1394/1459/405 1372/1436/405
f 1374/1438/407 1396/1461/407 1395/1460/406 1373/1437/406
f 1375/1439/408 1397/1462/408 1396/1461/407 1374/1438/407
f 1376/1440/426 1398/1463/426 1397/1462/408 1375/1439/408
f 1377/1441/410 1399/1464/410 1398/1463/426 1376/1440/426
f 1378/1442/411 1400/1465/411 1399/1464/410 1377/1441/410
f 1379/1443/412 1401/1466/412 1400/1465/411 1378/1442/411
f 1380/1444/413 1402/1467/413 1401/1466/412 1379/1443/412
f 1381/1445/427 1403/1468/427 1402/1467/413 1380/1444/413
f 1382/1446/415 1404/1469/415 1403/1468/427 1381/1445/427
f 1383/1447/428 1405/1470/428 1404/1469/415 1382/1446/415
f 1384/1448/429 1406/1471/429 1405/1470/428 1383/1447/428
f 1385/1449/430 1407/1472/430 1406/1471/429 1384/1448/429
f 1386/1428/420 1408/1451/420 1407/1472/430 1385/1449/430
f 1387/1450/419 1409/1473/419 1430/1474/420 1408/1451/420
f 1388/1452/421 1410/1475/421 1409/1476/419 1387/1453/419
f 1389/1454/422 1411/1477/422 1410/1475/421 1388/1452/421
f 1390/1455/423 1412/1478/423 1411/1477/422 1389/1454/422
f 1391/1456/424 1413/1479/424 1412/1478/423 1390/1455/423
f 1392/1457/403 1414/1480/403 1413/1479/424 1391/1456/424
f 1393/1458/425 1415/1481/425 1414/1480/403 1392/1457/403
f 1394/1459/405 1416/1482/405 1415/1481/425 1393/1458/425
f 1395/1460/406 1417/1483/406 1416/1482/405 1394/1459/405
f 1396/1461/407 1418/1484/407 1417/1483/406 1395/1460/406
f 1397/1462/408 1419/1485/408 1418/1484/407 1396/1461/407
f 1398/1463/426 1420/1486/426 1419/1485/408 1397/1462/408
f 1399/1464/410 1421/1487/410 1420/1486/426 1398/1463/426
f 1400/1465/411 1422/1488/411 1421/1487/410 1399/1464/410
f 1401/1466/412 1423/1489/412 1422/1488/411 1400/1465/411
f 1402/1467/413 1424/1490/413 1423/1489/412 1401/1466/412
f 1403/1468/427 1425/1491/427 1424/1490/413 1402/1467/413
f 1404/1469/415 1426/1492/415 1425/1491/427 1403/1468/427
f 1405/1470/428 1427/1493/428 1426/1492/415 1404/1469/415
f 1406/1471/429 1428/1494/429 1427/1493/428 1405/1470/428
f 1407/1472/430 1429/1495/430 1428/1494/429 1406/1471/429
f 1408/1451/420 1430/1474/420 1429/1495/430 1407/1472/430
f 1409/1473/419 1431/1496/419 1452/1497/420 1430/1474/420
f 1410/1475/421 1432/1498/421 1431/1499/419 1409/1476/419
f 1411/1477/422 1433/1500/422 1432/1498/421 1410/1475/421
f 1412/1478/423 1434/1501/423 1433/1500/422 1411/1477/422
f 1413/1479/424 1435/1502/424 1434/1501/423 1412/1478/423
f 1414/1480/403 1436/1503/403 1435/1502/424 1413/1479/424
f 1415/1481/425 1437/1504/425 1436/1503/403 1414/1480/403
f 1416/1482/405 1438/1505/405 1437/1504/425 1415/1481/425
f 1417/1483/406 1439/1506/406 1438/1505/405 1416/1482/405
f 1418/1484/407 1440/1507/407 1439/1506/406 1417/1483/406
f 1419/1485/408 1441/1508/408 1440/1507/407 1418/1484/407
f 1420/1486/426 1442/1509/426 1441/1508/408 1419/1485/408
f 1421/1487/410 1443/1510/410 1442/1509/426 1420/1486/426
f 1422/1488/411 1444/1511/411 1443/1510/410 1421/1487/410
f 1423/1489/412 1445/1512/412 1444/1511/411 1422/1488/411
f 1424/1490/413 1446/1513/413 1445/1512/412 1423/1489/412
f 1425/1491/427 1447/1514/427 1446/1513/413 1424/1490/413
f 1426/1492/415 1448/1515/415 1447/1514/427 1425/1491/427
f 1427/1493/428 1449/1516/428 1448/1515/415 1426/1492/415
f 1428/1494/429 1450/1517/429 1449/1516/428 1427/1493/428
f 1429/1495/430 1451/1518/430 1450/1517/429 1428/1494/429
f 1430/1474/420 1452/1497/420 1451/1518/430 1429/1495/430
f 1431/1496/419 1453/1519/419 1474/1520/420 1452/1497/420
f 1432/1498/421 1454/1521/421 1453/1522/419 1431/1499/419
f 1433/1500/422 1455/1523/422 1454/1521/421 1432/1498/421
f 1434/1501/423 1456/1524/423 1455/1523/422 1433/1500/422
f 1435/1502/424 1457/1525/424 1456/1524/423 1434/1501/423
f 1436/1503/403 1458/1526/403 1457/1525/424 1435/1502/424
f 1437/1504/425 1459/1527/425 1458/1526/403 1436/1503/403
f 1438/1505/405 1460/1528/405 1459/1527/425 1437/1504/425
f 1439/1506/406 1461/1529/406 1460/1528/405 1438/1505/405
f 1440/1507/407 1462/1530/407 1461/1529/406 1439/1506/406
f 1441/1508/408 1463/1531/408 1462/1530/407 1440/1507/407
f 1442/1509/426 1464/1532/426 1463/1531/408 1441/1508/408
f 1443/1510/410 1465/1533/410 1464/1532/426 1442/1509/426
f 1444/1511/411 1466/1534/411 1465/1533/410 1443/1510/410
f 1445/1512/412 1467/1535/412 1466/1534/411 1444/1511/411
f 1446/1513/413 1468/1536/413 1467/1535/412 1445/1512/412
f 1447/1514/427 1469/1537/427 1468/1536/413 1446/1513/413
f 1448/1515/415 1470/1538/415 1469/1537/427 1447/1514/427
f 1449/1516/428 1471/1539/428 1470/1538/415 1448/1515/415
f 1450/1517/429 1472/1540/429 1471/1539/428 1449/1516/428
f 1451/1518/430 1473/1541/430 1472/1540/429 1450/1517/429
f 1452/1497/420 1474/1520/420 1473/1541/430 1451/1518/430
f 1453/1519/419 1475/1542/419 1496/1543/420 1474/1520/420
f 1454/1521/421 1476/1544/421 1475/1545/419 1453/1522/419
f 1455/1523/422 1477/1546/422 1476/1544/421 1454/1521/421
f 1456/1524/423 1478/1547/423 1477/1546/422 1455/1523/422
f 1457/1525/424 1479/1548/424 1478/1547/423 1456/1524/423
f 1458/1526/403 1480/1549/403 1479/1548/424 1457/1525/424
f 1459/1527/425 1481/1550/425 1480/1549/403 1458/1526/403
f 1460/1528/405 1482/1551/405 1481/1550/425 1459/1527/425
f 1461/1529/406 1483/1552/406 1482/1551/405 1460/1528/405
f 1462/1530/407 1484/1553/407 1483/1552/406 1461/1529/406
f 1463/1531/408 1485/1554/408 1484/1553/407 1462/1530/407
f 1464/1532/426 1486/1555/426 1485/1554/408 1463/1531/408
f 1465/1533/410 1487/1556/410 1486/1555/426 1464/1532/426
f 1466/1534/411 1488/1557/411 1487/1556/410 1465/1533/410
f 1467/1535/412 1489/1558/412 1488/1557/411 1466/1534/411
f 1468/1536/413 1490/1559/413 1489/1558/412 1467/1535/412
f 1469/1537/427 1491/1560/427 1490/1559/413 1468/1536/413
f 1470/1538/415 1492/1561/415 1491/1560/427 1469/1537/427
f 1471/1539/428 1493/1562/428 1492/1561/415 1470/1538/415
f 1472/1540/429 1494/1563/429 1493/1562/428 1471/1539/428
f 1473/1541/430 1495/1564/430 1494/1563/429 1472/1540/429
f 1474/1520/420 1496/1543/420 1495/1564/430 1473/1541/430
f 1475/1542/419 1497/1565/419 1518/1566/420 1496/1543/420
f 1476/1544/421 1498/1567/421 1497/1568/419 1475/1545/419
f 1477/1546/422 1499/1569/422 1498/1567/421 1476/1544/421
f 1478/1547/423 1500/1570/423 1499/1569/422 1477/1546/422
f 1479/1548/424 1501/1571/424 1500/1570/423 1478/1547/423
f 1480/1549/403 1502/1572/403 1501/1571/424 1479/1548/424
f 1481/1550/425 1503/1573/425 1502/1572/403 1480/1549/403
f 1482/1551/405 1504/1574/405 1503/1573/425 1481/1550/425
f 1483/1552/406 1505/1575/406 1504/1574/405 1482/1551/405
f 1484/1553/407 1506/1576/407 1505/1575/406 1483/1552/406
f 1485/1554/408 1507/1577/408 1506/1576/407 1484/1553/407
f 1486/1555/426 1508/1578/426 1507/1577/408 1485/1554/408
f 1487/1556/410 1509/1579/410 1508/1578/426 1486/1555/426
f 1488/1557/411 1510/1580/411 1509/1579/410 1487/1556/410
f 1489/1558/412 1511/1581/412 1510/1580/411 1488/1557/411
f 1490/1559/413 1512/1582/413 1511/1581/412 1489/1558/412
f 1491/1560/427 1513/1583/427 1512/1582/413 1490/1559/413
f 1492/1561/415 1514/1584/415 1513/1583/427 1491/1560/427
f 1493/1562/428 1515/1585/428 1514/1584/415 1492/1561/415
f 1494/1563/429 1516/1586/429 1515/1585/428 1493/1562/428
f 1495/1564/430 1517/1587/430 1516/1586/429 1494/1563/429
f 1496/1543/420 1518/1566/420 1517/1587/430 1495/1564/430
f 1497/1565/419 1519/1588/419 1540/1589/420 1518/1566/420
f 1498/1567/421 1520/1590/421 1519/1591/419 1497/1568/419
f 1499/1569/422 1521/1592/422 1520/1590/421 1498/1567/421
f 1500/1570/423 1522/1593/423 1521/1592/422 1499/1569/422
f 1501/1571/424 1523/1594/424 1522/1593/423 1500/1570/423
f 1502/1572/403 1524/1595/403 1523/1594/424 1501/1571/424
f 1503/1573/425 1525/1596/425 1524/1595/403 1502/1572/403
f 1504/1574/405 1526/1597/405 1525/1596/425 1503/1573/425
f 1505/1575/406 1527/1598/406 1526/1597/405 1504/1574/405
f 1506/1576/407 1528/1599/407 1527/1598/406 1505/1575/406
f 1507/1577/408 1529/1600/408 1528/1599/407 1506/1576/407
f 1508/1578/426 1530/1601/426 1529/1600/408 1507/1577/408
f 1509/1579/410 1531/1602/410 1530/1601/426 1508/1578/426
f 1510/1580/411 1532/1603/411 1531/1602/410 1509/1579/410
f 1511/1581/412 1533/1604/412 1532/1603/411 1510/1580/411
f 1512/1582/413 1534/1605/413 1533/1604/412 1511/1581/412
f 1513/1583/427 1535/1606/427 1534/1605/413 1512/1582/413
f 1514/1584/415 1536/1607/415 1535/1606/427 1513/1583/427
f 1515/1585/428 1537/1608/428 1536/1607/415 1514/1584/415
f 1516/1586/429 1538/1609/429 1537/1608/428 1515/1585/428
f 1517/1587/430 1539/1610/430 1538/1609/429 1516/1586/429
f 1518/1566/420 1540/1589/420 1539/1610/430 1517/1587/430
f 1519/1588/419 1541/1611/419 1562/1612/420 1540/1589/420
f 1520/1590/421 1542/1613/421 1541/1614/419 1519/1591/419
f 1521/1592/422 1543/1615/422 1542/1613/421 1520/1590/421
f 1522/1593/423 1544/1616/423 1543/1615/422 1521/1592/422
f 1523/1594/424 1545/1617/424 1544/1616/423 1522/1593/423
f 1524/1595/403 1546/1618/403 1545/1617/424 1523/1594/424
f 1525/1596/425 1547/1619/425 1546/1618/403 1524/1595/403
f 1526/1597/405 1548/1620/405 1547/1619/425 1525/1596/425
f 1527/1598/406 1549/1621/406 1548/1620/405 1526/1597/405
f 1528/1599/407 1550/1622/407 1549/1621/406 1527/1598/406
f 1529/1600/408 1551/1623/408 1550/1622/407 1528/1599/407
f 1530/1601/426 1552/1624/426 1551/1623/408 1529/1600/408
f 1531/1602/410 1553/1625/410 1552/1624/426 1530/1601/426
f 1532/1603/411 1554/1626/411 1553/1625/410 1531/1602/410
f 1533/1604/412 1555/1627/412 1554/1626/411 1532/1603/411
f 1534/1605/413 1556/1628/413 1555/1627/412 1533/1604/412
f 1535/1606/427 1557/1629/427 1556/1628/413 1534/1605/413
f 1536/1607/415 1558/1630/415 1557/1629/427 1535/1606/427
f 1537/1608/428 1559/1631/428 1558/1630/415 1536/1607/415
f 1538/1609/429 1560/1632/429 1559/1631/428 1537/1608/428
f 1539/1610/430 1561/1633/430 1560/1632/429 1538/1609/429
f 1540/1589/420 1562/1612/420 1561/1633/430 1539/1610/430
f 1541/1611/419 1563/1634/419 1584/1635/420 1562/1612/420
f 1542/1613/421 1564/1636/421 1563/1637/419 1541/1614/419
f 1543/1615/422 1565/1638/422 1564/1636/421 1542/1613/421
f 1544/1616/423 1566/1639/423 1565/1638/422 1543/1615/422
f 1545/1617/424 1567/1640/424 1566/1639/423 1544/1616/423
f 1546/1618/403 1568/1641/403 1567/1640/424 1545/1617/424
f 1547/1619/425 1569/1642/425 1568/1641/403 1546/1618/403
f 1548/1620/405 1570/1643/405 1569/1642/425 1547/1619/425
f 1549/1621/406 1571/1644/406 1570/1643/405 1548/1620/405
f 1550/1622/407 1572/1645/407 1571/1644/406 1549/1621/406
f 1551/1623/408 1573/1646/408 1572/1645/407 1550/1622/407
f 1552/1624/426 1574/1647/426 1573/1646/408 1551/1623/408
f 1553/1625/410 1575/1648/410 1574/1647/426 1552/1624/426
f 1554/1626/411 1576/1649/411 1575/1648/410 1553/1625/410
f 1555/1627/412 1577/1650/412 1576/1649/411 1554/1626/411
f 1556/1628/413 1578/1651/413 1577/1650/412 1555/1627/412
f 1557/1629/427 1579/1652/427 1578/1651/413 1556/1628/413
f 1558/1630/415 1580/1653/415 1579/1652/427 1557/1629/427
f 1559/1631/428 1581/1654/428 1580/1653/415 1558/1630/415
f 1560/1632/429 1582/1655/429 1581/1654/428 1559/1631/428
f 1561/1633/430 1583/1656/430 1582/1655/429 1560/1632/429
f 1562/1612/420 1584/1635/420 1583/1656/430 1561/1633/430
f 1563/1634/419 1585/1657/419 1606/1658/420 1584/1635/420
f 1564/1636/421 1586/1659/421 1585/1660/419 1563/1637/419
f 1565/1638/422 1587/1661/422 1586/1659/421 1564/1636/421
f 1566/1639/423 1588/1662/423 1587/1661/422 1565/1638/422
f 1567/1640/424 1589/1663/424 1588/1662/423 1566/1639/423
f 1568/1641/403 1590/1664/403 1589/1663/424 1567/1640/424
f 1569/1642/425 1591/1665/425 1590/1664/403 1568/1641/403
f 1570/1643/405 1592/1666/405 1591/1665/425 1569/1642/425
f 1571/1644/406 1593/1667/406 1592/1666/405 1570/1643/405
f 1572/1645/407 1594/1668/407 1593/1667/406 1571/1644/406
f 1573/1646/408 1595/1669/408 1594/1668/407 1572/1645/407
f 1574/1647/426 1596/1670/426 1595/1669/408 1573/1646/408
f 1575/1648/410 1597/1671/410 1596/1670/426 1574/1647/426
f 1576/1649/411 1598/1672/411 1597/1671/410 1575/1648/410
f 1577/1650/412 1599/1673/412 1598/1672/411 1576/1649/411
f 1578/1651/413 1600/1674/413 1599/1673/412 1577/1650/412
f 1579/1652/427 1601/1675/427 1600/1674/413 1578/1651/413
f 1580/1653/415 1602/1676/415 1601/1675/427 1579/1652/427
f 1581/1654/428 1603/1677/428 1602/1676/415 1580/1653/415
f 1582/1655/429 1604/1678/429 1603/1677/428 1581/1654/428
f 1583/1656/430 1605/1679/430 1604/1678/429 1582/1655/429
f 1584/1635/420 1606/1658/420 1605/1679/430 1583/1656/430
f 1585/1657/419 1607/1680/419 1628/1681/420 1606/1658/420
f 1586/1659/421 1608/1682/421 1607/1683/419 1585/1660/419
f 1587/1661/422 1609/1684/422 1608/1682/421 1586/1659/421
f 1588/1662/423 1610/1685/423 1609/1684/422 1587/1661/422
f 1589/1663/424 1611/1686/424 1610/1685/423 1588/1662/423
f 1590/1664/403 1612/1687/403 1611/1686/424 1589/1663/424
f 1591/1665/425 1613/1688/425 1612/1687/403 1590/1664/403
f 1592/1666/405 1614/1689/405 1613/1688/425 1591/1665/425
f 1593/1667/406 1615/1690/406 1614/1689/405 1592/1666/405
f 1594/1668/407 1616/1691/407 1615/1690/406 1593/1667/406
f 1595/1669/408 1617/1692/408 1616/1691/407 1594/1668/407
f 1596/1670/426 1618/1693/426 1617/1692/408 1595/1669/408
f 1597/1671/410 1619/1694/410 1618/1693/426 1596/1670/426
f 1598/1672/411 1620/1695/411 1619/1694/410 1597/1671/410
f 1599/1673/412 1621/1696/412 1620/1695/411 1598/1672/411
f 1600/1674/413 1622/1697/413 1621/1696/412 1599/1673/412
f 1601/1675/427 1623/1698/427 1622/1697/413 1600/1674/413
f 1602/1676/415 1624/1699/415 1623/1698/427 1601/1675/427
f 1603/1677/428 1625/1700/428 1624/1699/415 1602/1676/415
f 1604/1678/429 1626/1701/429 1625/1700/428 1603/1677/428
f 1605/1679/430 1627/1702/430 1626/1701/429 1604/1678/429
f 1606/1658/420 1628/1681/420 1627/1702/430 1605/1679/430
f 1607/1680/419 1629/1703/419 1650/1704/420 1628/1681/420
f 1608/1682/421 1630/1705/421 1629/1706/419 1607/1683/419
f 1609/1684/422 1631/1707/422 1630/1705/421 1608/1682/421
f 1610/1685/423 1632/1708/423 1631/1707/422 1609/1684/422
f 1611/1686/424 1633/1709/424 1632/1708/423 1610/1685/423
f 1612/1687/403 1634/1710/403 1633/1709/424 1611/1686/424
f 1613/1688/425 1635/1711/425 1634/1710/403 1612/1687/403
f 1614/1689/405 1636/1712/405 1635/1711/425 1613/1688/425
f 1615/1690/406 1637/1713/406 1636/1712/405 1614/1689/405
f 1616/1691/407 1638/1714/407 1637/1713/406 1615/1690/406
f 1617/1692/408 1639/1715/408 1638/1714/407 1616/1691/407
f 1618/1693/426 1640/1716/426 1639/1715/408 1617/1692/408
f 1619/1694/410 1641/1717/410 1640/1716/426 1618/1693/426
f 1620/1695/411 1642/1718/411 1641/1717/410 1619/1694/410
f 1621/1696/412 1643/1719/412 1642/1718/411 1620/1695/411
f 1622/1697/413 1644/1720/413 1643/1719/412 1621/1696/412
f 1623/1698/427 1645/1721/427 1644/1720/413 1622/1697/413
f 1624/1699/415 1646/1722/415 1645/1721/427 1623/1698/427
f 1625/1700/428 1647/1723/428 1646/1722/415 1624/1699/415
f 1626/1701/429 1648/1724/429 1647/1723/428 1625/1700/428
f 1627/1702/430 1649/1725/430 1648/1724/429 1626/1701/429
f 1628/1681/420 1650/1704/420 1649/1725/430 1627/1702/430
f 1629/1703/419 1651/1726/419 1672/1727/420 1650/1704/420
f 1630/1705/421 1652/1728/421 1651/1729/419 1629/1706/419
f 1631/1707/422 1653/1730/422 1652/1728/421 1630/1705/421
f 1632/1708/423 1654/1731/423 1653/1730/422 1631/1707/422
f 1633/1709/424 1655/1732/424 1654/1731/423 1632/1708/423
f 1634/1710/403 1656/1733/403 1655/1732/424 1633/1709/424
f 1635/1711/425 1657/1734/425 1656/1733/403 1634/1710/403
f 1636/1712/405 1658/1735/405 1657/1734/425 1635/1711/425
f 1637/1713/406 1659/1736/406 1658/1735/405 1636/1712/405
f 1638/1714/407 1660/1737/407 1659/1736/406 1637/1713/406
f 1639/1715/408 1661/1738/408 1660/1737/407 1638/1714/407
f 1640/1716/426 1662/1739/426 1661/1738/408 1639/1715/408
f 1641/1717/410 1663/1740/410 1662/1739/426 1640/1716/426
f 1642/1718/411 1664/1741/411 1663/1740/410 1641/1717/410
f 1643/1719/412 1665/1742/412 1664/1741/411 1642/1718/411
f 1644/1720/413 1666/1743/413 1665/1742/412 1643/1719/412
f 1645/1721/427 1667/1744/427 1666/1743/413 1644/1720/413
f 1646/1722/415 1668/1745/415 1667/1744/427 1645/1721/427
f 1647/1723/428 1669/1746/428 1668/1745/415 1646/1722/415
f 1648/1724/429 1670/1747/429 1669/1746/428 1647/1723/428
f 1649/1725/430 1671/1748/430 1670/1747/429 1648/1724/429
f 1650/1704/420 1672/1727/420 1671/1748/430 1649/1725/430
f 1651/1726/419 1673/1749/419 1694/1750/420 1672/1727/420
f 1652/1728/421 1674/1751/421 1673/1752/419 1651/1729/419
f 1653/1730/422 1675/1753/422 1674/1751/421 1652/1728/421
f 1654/1731/423 1676/1754/423 1675/1753/422 1653/1730/422
f 1655/1732/424 1677/1755/424 1676/1754/423 1654/1731/423
f 1656/1733/403 1678/1756/403 1677/1755/424 1655/1732/424
f 1657/1734/425 1679/1757/425 1678/1756/403 1656/1733/403
f 1658/1735/405 1680/1758/405 1679/1757/425 1657/1734/425
f 1659/1736/406 1681/1759/406 1680/1758/405 1658/1735/405
f 1660/1737/407 1682/1760/407 1681/1759/406 1659/1736/406
f 1661/1738/408 1683/1761/408 1682/1760/407 1660/1737/407
f 1662/1739/426 1684/1762/426 1683/1761/408 1661/1738/408
f 1663/1740/410 1685/1763/410 1684/1762/426 1662/1739/426
f 1664/1741/411 1686/1764/411 1685/1763/410 1663/1740/410
f 1665/1742/412 1687/1765/412 1686/1764/411 1664/1741/411
f 1666/1743/413 1688/1766/413 1687/1765/412 1665/1742/412
f 1667/1744/427 1689/1767/427 1688/1766/413 1666/1743/413
f 1668/1745/415 1690/1768/415 1689/1767/427 1667/1744/427
f 1669/1746/428 1691/1769/428 1690/1768/415 1668/1745/415
f 1670/1747/429 1692/1770/429 1691/1769/428 1669/1746/428
f 1671/1748/430 1693/1771/430 1692/1770/429 1670/1747/429
f 1672/1727/420 1694/1750/420 1693/1771/430 1671/1748/430
f 1673/1749/419 1695/1772/419 1716/1773/420 1694/1750/420
f 1674/1751/421 1696/1774/421 1695/1775/419 1673/1752/419
f 1675/1753/422 1697/1776/422 1696/1774/421 1674/1751/421
f 1676/1754/423 1698/1777/423 1697/1776/422 1675/1753/422
f 1677/1755/424 1699/1778/424 1698/1777/423 1676/1754/423
f 1678/1756/403 1700/1779/403 1699/1778/424 1677/1755/424
f 1679/1757/425 1701/1780/425 1700/1779/403 1678/1756/403
f 1680/1758/405 1702/1781/405 1701/1780/425 1679/1757/425
f 1681/1759/406 1703/1782/406 1702/1781/405 1680/1758/405
f 1682/1760/407 1704/1783/407 1703/1782/406 1681/1759/406
f 1683/1761/408 1705/1784/408 1704/1783/407 1682/1760/407
f 1684/1762/426 1706/1785/426 1705/1784/408 1683/1761/408
f 1685/1763/410 1707/1786/410 1706/1785/426 1684/1762/426
f 1686/1764/411 1708/1787/411 1707/1786/410 1685/1763/410
f 1687/1765/412 1709/1788/412 1708/1787/411 1686/1764/411
f 1688/1766/413 1710/1789/413 1709/1788/412 1687/1765/412
f 1689/1767/427 1711/1790/427 1710/1789/413 1688/1766/413
f 1690/1768/415 1712/1791/415 1711/1790/427 1689/1767/427
f 1691/1769/428 1713/1792/428 1712/1791/415 1690/1768/415
f 1692/1770/429 1714/1793/429 1713/1792/428 1691/1769/428
f 1693/1771/430 1715/1794/430 1714/1793/429 1692/1770/429
f 1694/1750/420 1716/1773/420 1715/1794/430 1693/1771/430
f 1695/1772/419 1717/1795/419 1738/1796/420 1716/1773/420
f 1696/1774/421 1718/1797/421 1717/1798/419 1695/1775/419
f 1697/1776/422 1719/1799/422 1718/1797/421 1696/1774/421
f 1698/1777/423 1720/1800/423 1719/1799/422 1697/1776/422
f 1699/1778/424 1721/1801/424 1720/1800/423 1698/1777/423
f 1700/1779/403 1722/1802/403 1721/1801/424 1699/1778/424
f 1701/1780/425 1723/1803/425 1722/1802/403 1700/1779/403
f 1702/1781/405 1724/1804/405 1723/1803/425 1701/1780/425
f 1703/1782/406 1725/1805/406 1724/1804/405 1702/1781/405
f 1704/1783/407 1726/1806/407 1725/1805/406 1703/1782/406
f 1705/1784/408 1727/1807/408 1726/1806/407 1704/1783/407
f 1706/1785/426 1728/1808/426 1727/1807/408 1705/1784/408
f 1707/1786/410 1729/1809/410 1728/1808/426 1706/1785/426
f 1708/1787/411 1730/1810/411 1729/1809/410 1707/1786/410
f 1709/1788/412 1731/1811/412 1730/1810/411 1708/1787/411
f 1710/1789/413 1732/1812/413 1731/1811/412 1709/1788/412
f 1711/1790/427 1733/1813/427 1732/1812/413 1710/1789/413
f 1712/1791/415 1734/1814/415 1733/1813/427 1711/1790/427
f 1713/1792/428 1735/1815/428 1734/1814/415 1712/1791/415
f 1714/1793/429 1736/1816/429 1735/1815/428 1713/1792/428
f 1715/1794/430 1737/1817/430 1736/1816/429 1714/1793/429
f 1716/1773/420 1738/1796/420 1737/1817/430 1715/1794/430
f 1717/1795/419 1739/1818/419 1760/1819/420 1738/1796/420
f 1718/1797/421 1740/1820/421 1739/1821/419 1717/1798/419
f 1719/1799/422 1741/1822/422 1740/1820/421 1718/1797/421
f 1720/1800/423 1742/1823/423 1741/1822/422 1719/1799/422
f 1721/1801/424 1743/1824/424 1742/1823/423 1720/1800/423
f 1722/1802/403 1744/1825/403 1743/1824/424 1721/1801/424
f 1723/1803/425 1745/1826/425 1744/1825/403 1722/1802/403
f 1724/1804/405 1746/1827/405 1745/1826/425 1723/1803/425
f 1725/1805/406 1747/1828/406 1746/1827/405 1724/1804/405
f 1726/1806/407 1748/1829/407 1747/1828/406 1725/1805/406
f 1727/1807/408 1749/1830/408 1748/1829/407 1726/1806/407
f 1728/1808/426 1750/1831/426 1749/1830/408 1727/1807/408
f 1729/1809/410 1751/1832/410 1750/1831/426 1728/1808/426
f 1730/1810/411 1752/1833/411 1751/1832/410 1729/1809/410
f 1731/1811/412 1753/1834/412 1752/1833/411 1730/1810/411
f 1732/1812/413 1754/1835/413 1753/1834/412 1731/1811/412
f 1733/1813/427 1755/1836/427 1754/1835/413 1732/1812/413
f 1734/1814/415 1756/1837/415 1755/1836/427 1733/1813/427
f 1735/1815/428 1757/1838/428 1756/1837/415 1734/1814/415
f 1736/1816/429 1758/1839/429 1757/1838/428 1735/1815/428
f 1737/1817/430 1759/1840/430 1758/1839/429 1736/1816/429
f 1738/1796/420 1760/1819/420 1759/1840/430 1737/1817/430
f 1739/1818/419 1761/1841/419 1782/1842/420 1760/1819/420
f 1740/1820/421 1762/1843/421 1761/1844/419 1739/1821/419
f 1741/1822/422 1763/1845/422 1762/1843/421 1740/1820/421
f 1742/1823/423 1764/1846/423 1763/1845/422 1741/1822/422
f 1743/1824/424 1765/1847/424 1764/1846/423 1742/1823/423
f 1744/1825/403 1766/1848/403 1765/1847/424 1743/1824/424
f 1745/1826/425 1767/1849/425 1766/1848/403 1744/1825/403
f 1746/1827/405 1768/1850/405 1767/1849/425 1745/1826/425
f 1747/1828/406 1769/1851/406 1768/1850/405 1746/1827/405
f 1748/1829/407 1770/1852/407 1769/1851/406 1747/1828/406
f 1749/1830/408 1771/1853/408 1770/1852/407 1748/1829/407
f 1750/1831/426 1772/1854/426 1771/1853/408 1749/1830/408
f 1751/1832/410 1773/1855/410 1772/1854/426 1750/1831/426
f 1752/1833/411 1774/1856/411 1773/1855/410 1751/1832/410
f 1753/1834/412 1775/1857/412 1774/1856/411 1752/1833/411
f 1754/1835/413 1776/1858/413 1775/1857/412 1753/1834/412
f 1755/1836/427 1777/1859/427 1776/1858/413 1754/1835/413
f 1756/1837/415 1778/1860/415 1777/1859/427 1755/1836/427
f 1757/1838/428 1779/1861/428 1778/1860/415 1756/1837/415
f 1758/1839/429 1780/1862/429 1779/1861/428 1757/1838/428
f 1759/1840/430 1781/1863/430 1780/1862/429 1758/1839/429
f 1760/1819/420 1782/1842/420 1781/1863/430 1759/1840/430
f 1761/1841/419 1783/1864/419 1804/1865/420 1782/1842/420
f 1762/1843/421 1784/1866/421 1783/1867/419 1761/1844/419
f 1763/1845/422 1785/1868/422 1784/1866/421 1762/1843/421
f 1764/1846/423 1786/1869/423 1785/1868/422 1763/1845/422
f 1765/1847/424 1787/1870/424 1786/1869/423 1764/1846/423
f 1766/1848/403 1788/1871/403 1787/1870/424 1765/1847/424
f 1767/1849/425 1789/1872/425 1788/1871/403 1766/1848/403
f 1768/1850/405 1790/1873/405 1789/1872/425 1767/1849/425
f 1769/1851/406 1791/1874/406 1790/1873/405 1768/1850/405
f 1770/1852/407 1792/1875/407 1791/1874/406 1769/1851/406
f 1771/1853/408 1793/1876/408 1792/1875/407 1770/1852/407
f 1772/1854/426 1794/1877/426 1793/1876/408 1771/1853/408
f 1773/1855/410 1795/1878/410 1794/1877/426 1772/1854/426
f 1774/1856/411 1796/1879/411 1795/1878/410 1773/1855/410
f 1775/1857/412 1797/1880/412 1796/1879/411 1774/1856/411
f 1776/1858/413 1798/1881/413 1797/1880/412 1775/1857/412
f 1777/1859/427 1799/1882/427 1798/1881/413 1776/1858/413
f 1778/1860/415 1800/1883/415 1799/1882/427 1777/1859/427
f 1779/1861/428 1801/1884/428 1800/1883/415 1778/1860/415
f 1780/1862/429 1802/1885/429 1801/1884/428 1779/1861/428
f 1781/1863/430 1803/1886/430 1802/1885/429 1780/1862/429
f 1782/1842/420 1804/1865/420 1803/1886/430 1781/1863/430
f 1783/1864/419 1805/1887/419 1826/1888/420 1804/1865/420
f 1784/1866/421 1806/1889/421 1805/1890/419 1783/1867/419
f 1785/1868/422 1807/1891/422 1806/1889/421 1784/1866/421
f 1786/1869/423 1808/1892/423 1807/1891/422 1785/1868/422
f 1787/1870/424 1809/1893/424 1808/1892/423 1786/1869/423
f 1788/1871/403 1810/1894/403 1809/1893/424 1787/1870/424
f 1789/1872/425 1811/1895/425 1810/1894/403 1788/1871/403
f 1790/1873/405 1812/1896/405 1811/1895/425 1789/1872/425
f 1791/1874/406 1813/1897/406 1812/1896/405 1790/1873/405
f 1792/1875/407 1814/1898/407 1813/1897/406 1791/1874/406
f 1793/1876/408 1815/1899/408 1814/1898/407 1792/1875/407
f 1794/1877/426 1816/1900/426 1815/1899/408 1793/1876/408
f 1795/1878/410 1817/1901/410 1816/1900/426 1794/1877/426
f 1796/1879/411 1818/1902/411 1817/1901/410 1795/1878/410
f 1797/1880/412 1819/1903/412 1818/1902/411 1796/1879/411
f 1798/1881/413 1820/1904/413 1819/1903/412 1797/1880/412
f 1799/1882/427 1821/1905/427 1820/1904/413 1798/1881/413
f 1800/1883/415 1822/1906/415 1821/1905/427 1799/1882/427
f 1801/1884/428 1823/1907/428 1822/1906/415 1800/1883/415
f 1802/1885/429 1824/1908/429 1823/1907/428 1801/1884/428
f 1803/1886/430 1825/1909/430 1824/1908/429 1802/1885/429
f 1804/1865/420 1826/1888/420 1825/1909/430 1803/1886/430
f 1805/1887/419 1827/1910/419 1848/1911/420 1826/1888/420
f 1806/1889/421 1828/1912/421 1827/1913/419 1805/1890/419
f 1807/1891/422 1829/1914/422 1828/1912/421 1806/1889/421
f 1808/1892/423 1830/1915/423 1829/1914/422 1807/1891/422
f 1809/1893/424 1831/1916/424 1830/1915/423 1808/1892/423
f 1810/1894/403 1832/1917/403 1831/1916/424 1809/1893/424
f 1811/1895/425 1833/1918/425 1832/1917/403 1810/1894/403
f 1812/1896/405 1834/1919/405 1833/1918/425 1811/1895/425
f 1813/1897/406 1835/1920/406 1834/1919/405 1812/1896/405
f 1814/1898/407 1836/1921/407 1835/1920/406 1813/1897/406
f 1815/1899/408 1837/1922/408 1836/1921/407 1814/1898/407
f 1816/1900/426 1838/1923/426 1837/1922/408 1815/1899/408
f 1817/1901/410 1839/1924/410 1838/1923/426 1816/1900/426
f 1818/1902/411 1840/1925/411 1839/1924/410 1817/1901/410
f 1819/1903/412 1841/1926/412 1840/1925/411 1818/1902/411
f 1820/1904/413 1842/1927/413 1841/1926/412 1819/1903/412
f 1821/1905/427 1843/1928/427 1842/1927/413 1820/1904/413
f 1822/1906/415 1844/1929/415 1843/1928/427 1821/1905/427
f 1823/1907/428 1845/1930/428 1844/1929/415 1822/1906/415
f 1824/1908/429 1846/1931/429 1845/1930/428 1823/1907/428
f 1825/1909/430 1847/1932/430 1846/1931/429 1824/1908/429
f 1826/1888/420 1848/1911/420 1847/1932/430 1825/1909/430
f 1827/1910/419 1849/1933/419 1870/1934/420 1848/1911/420
f 1828/1912/421 1850/1935/421 1849/1936/419 1827/1913/419
f 1829/1914/422 1851/1937/422 1850/1935/421 1828/1912/421
f 1830/1915/423 1852/1938/423 1851/1937/422 1829/1914/422
f 1831/1916/424 1853/1939/424 1852/1938/423 1830/1915/423
f 1832/1917/403 1854/1940/403 1853/1939/424 1831/1916/424
f 1833/1918/425 1855/1941/425 1854/1940/403 1832/1917/403
f 1834/1919/405 1856/1942/405 1855/1941/425 1833/1918/425
f 1835/1920/406 1857/1943/406 1856/1942/405 1834/1919/405
f 1836/1921/407 1858/1944/407 1857/1943/406 1835/1920/406
f 1837/1922/408 1859/1945/408 1858/1944/407 1836/1921/407
f 1838/1923/426 1860/1946/426 1859/1945/408 1837/1922/408
f 1839/1924/410 1861/1947/410 1860/1946/426 1838/1923/426
f 1840/1925/411 1862/1948/411 1861/1947/410 1839/1924/410
f 1841/1926/412 1863/1949/412 1862/1948/411 1840/1925/411
f 1842/1927/413 1864/1950/413 1863/1949/412 1841/1926/412
f 1843/1928/427 1865/1951/427 1864/1950/413 1842/1927/413
f 1844/1929/415 1866/1952/415 1865/1951/427 1843/1928/427
f 1845/1930/428 1867/1953/428 1866/1952/415 1844/1929/415
f 1846/1931/429 1868/1954/429 1867/1953/428 1845/1930/428
f 1847/1932/430 1869/1955/430 1868/1954/429 1846/1931/429
f 1848/1911/420 1870/1934/420 1869/1955/430 1847/1932/430
f 1849/1933/419 1871/1956/419 1892/1957/420 1870/1934/420
f 1850/1935/421 1872/1958/421 1871/1959/419 1849/1936/419
f 1851/1937/422 1873/1960/422 1872/1958/421 1850/1935/421
f 1852/1938/423 1874/1961/423 1873/1960/422 1851/1937/422
f 1853/1939/424 1875/1962/424 1874/1961/423 1852/1938/423
f 1854/1940/403 1876/1963/403 1875/1962/424 1853/1939/424
f 1855/1941/425 1877/1964/425 1876/1963/403 1854/1940/403
f 1856/1942/405 1878/1965/405 1877/1964/425 1855/1941/425
f 1857/1943/406 1879/1966/406 1878/1965/405 1856/1942/405
f 1858/1944/407 1880/1967/407 1879/1966/406 1857/1943/406
f 1859/1945/408 1881/1968/408 1880/1967/407 1858/1944/407
f 1860/1946/426 1882/1969/426 1881/1968/408 1859/1945/408
f 1861/1947/410 1883/1970/410 1882/1969/426 1860/1946/426
f 1862/1948/411 1884/1971/411 1883/1970/410 1861/1947/410
f 1863/1949/412 1885/1972/412 1884/1971/411 1862/1948/411
f 1864/1950/413 1886/1973/413 1885/1972/412 1863/1949/412
f 1865/1951/427 1887/1974/427 1886/1973/413 1864/1950/413
f 1866/1952/415 1888/1975/415 1887/1974/427 1865/1951/427
f 1867/1953/428 1889/1976/428 1888/1975/415 1866/1952/415
f 1868/1954/429 1890/1977/429 1889/1976/428 1867/1953/428
f 1869/1955/430 1891/1978/430 1890/1977/429 1868/1954/429
f 1870/1934/420 1892/1957/420 1891/1978/430 1869/1955/430
f 1871/1956/419 1893/1979/419 1914/1980/420 1892/1957/420
f 1872/1958/421 1894/1981/421 1893/1982/419 1871/1959/419
f 1873/1960/422 1895/1983/422 1894/1981/421 1872/1958/421
f 1874/1961/423 1896/1984/423 1895/1983/422 1873/1960/422
f 1875/1962/424 1897/1985/424 1896/1984/423 1874/1961/423
f 1876/1963/403 1898/1986/403 1897/1985/424 1875/1962/424
f 1877/1964/425 1899/1987/425 1898/1986/403 1876/1963/403
f 1878/1965/405 1900/1988/405 1899/1987/425 1877/1964/425
f 1879/1966/406 1901/1989/406 1900/1988/405 1878/1965/405
f 1880/1967/407 1902/1990/407 1901/1989/406 1879/1966/406
f 1881/1968/408 1903/1991/408 1902/1990/407 1880/1967/407
f 1882/1969/426 1904/1992/426 1903/1991/408 1881/1968/408
f 1883/1970/410 1905/1993/410 1904/1992/426 1882/1969/426
f 1884/1971/411 1906/1994/411 1905/1993/410 1883/1970/410
f 1885/1972/412 1907/1995/412 1906/1994/411 1884/1971/411
f 1886/1973/413 1908/1996/413 1907/1995/412 1885/1972/412
f 1887/1974/427 1909/1997/427 1908/1996/413 1886/1973/413
f 1888/1975/415 1910/1998/415 1909/1997/427 1887/1974/427
f 1889/1976/428 1911/1999/428 1910/1998/415 1888/1975/415
f 1890/1977/429 1912/2000/429 1911/1999/428 1889/1976/428
f 1891/1978/430 1913/2001/430 1912/2000/429 1890/1977/429
f 1892/1957/420 1914/1980/420 1913/2001/430 1891/1978/430
f 1893/1979/419 1915/2002/419 1936/2003/420 1914/1980/420
f 1894/1981/421 1916/2004/421 1915/2005/419 1893/1982/419
f 1895/1983/422 1917/2006/422 1916/2004/421 1894/1981/421
f 1896/1984/423 1918/2007/423 1917/2006/422 1895/1983/422
f 1897/1985/424 1919/2008/424 1918/2007/423 1896/1984/423
f 1898/1986/403 1920/2009/403 1919/2008/424 1897/1985/424
f 1899/1987/425 1921/2010/425 1920/2009/403 1898/1986/403
f 1900/1988/405 1922/2011/405 1921/2010/425 1899/1987/425
f 1901/1989/406 1923/2012/406 1922/2011/405 1900/1988/405
f 1902/1990/407 1924/2013/407 1923/2012/406 1901/1989/406
f 1903/1991/408 1925/2014/408 1924/2013/407 1902/1990/407
f 1904/1992/426 1926/2015/426 1925/2014/408 1903/1991/408
f 1905/1993/410 1927/2016/410 1926/2015/426 1904/1992/426
f 1906/1994/411 1928/2017/411 1927/2016/410 1905/1993/410
f 1907/1995/412 1929/2018/412 1928/2017/411 1906/1994/411
f 1908/1996/413 1930/2019/413 1929/2018/412 1907/1995/412
f 1909/1997/427 1931/2020/427 1930/2019/413 1908/1996/413
f 1910/1998/415 1932/2021/415 1931/2020/427 1909/1997/427
f 1911/1999/428 1933/2022/428 1932/2021/415 1910/1998/415
f 1912/2000/429 1934/2023/429 1933/2022/428 1911/1999/428
f 1913/2001/430 1935/2024/430 1934/2023/429 1912/2000/429
f 1914/1980/420 1936/2003/420 1935/2024/430 1913/2001/430
f 1915/2002/419 1937/2025/419 1958/2026/420 1936/2003/420
f 1916/2004/421 1938/2027/421 1937/2028/419 1915/2005/419
f 1917/2006/422 1939/2029/422 1938/2027/421 1916/2004/421
f 1918/2007/423 1940/2030/423 1939/2029/422 1917/2006/422
f 1919/2008/424 1941/2031/424 1940/2030/423 1918/2007/423
f 1920/2009/403 1942/2032/403 1941/2031/424 1919/2008/424
f 1921/2010/425 1943/2033/425 1942/2032/403 1920/2009/403
f 1922/2011/405 1944/2034/405 1943/2033/425 1921/2010/425
f 1923/2012/406 1945/2035/406 1944/2034/405 1922/2011/405
f 1924/2013/407 1946/2036/407 1945/2035/406 1923/2012/406
f 1925/2014/408 1947/2037/408 1946/2036/407 1924/2013/407
f 1926/2015/426 1948/2038/426 1947/2037/408 1925/2014/408
f 1927/2016/410 1949/2039/410 1948/2038/426 1926/2015/426
f 1928/2017/411 1950/2040/411 1949/2039/410 1927/2016/410
f 1929/2018/412 1951/2041/412 1950/2040/411 1928/2017/411
f 1930/2019/413 1952/2042/413 1951/2041/412 1929/2018/412
f 1931/2020/427 1953/2043/427 1952/2042/413 1930/2019/413
f 1932/2021/415 1954/2044/415 1953/2043/427 1931/2020/427
f 1933/2022/428 1955/2045/428 1954/2044/415 1932/2021/415
f 1934/2023/429 1956/2046/429 1955/2045/428 1933/2022/428
f 1935/2024/430 1957/2047/430 1956/2046/429 1934/2023/429
f 1936/2003/420 1958/2026/420 1957/2047/430 1935/2024/430
f 1937/2025/419 1959/2048/529 1980/2049/480 1958/2026/420
f 1938/2027/421 1960/2050/481 1959/2051/529 1937/2028/419
f 1939/2029/422 1961/2052/422 1960/2050/481 1938/2027/421
f 1940/2030/423 1962/2053/423 1961/2052/422 1939/2029/422
f 1941/2031/424 1963/2054/424 1962/2053/423 1940/2030/423
f 1942/2032/403 1964/2055/403 1963/2054/424 1941/2031/424
f 1943/2033/425 1965/2056/425 1964/2055/403 1942/2032/403
f 1944/2034/405 1966/2057/405 1965/2056/425 1943/2033/425
f 1945/2035/406 1967/2058/406 1966/2057/405 1944/2034/405
f 1946/2036/407 1968/2059/407 1967/2058/406 1945/2035/406
f 1947/2037/408 1969/2060/408 1968/2059/407 1946/2036/407
f 1948/2038/426 1970/2061/426 1969/2060/408 1947/2037/408
f 1949/2039/410 1971/2062/410 1970/2061/426 1948/2038/426
f 1950/2040/411 1972/2063/411 1971/2062/410 1949/2039/410
f 1951/2041/412 1973/2064/412 1972/2063/411 1950/2040/411
f 1952/2042/413 1974/2065/413 1973/2064/412 1951/2041/412
f 1953/2043/427 1975/2066/427 1974/2065/413 1952/2042/413
f 1954/2044/415 1976/2067/415 1975/2066/427 1953/2043/427
f 1955/2045/428 1977/2068/428 1976/2067/415 1954/2044/415
f 1956/2046/429 1978/2069/429 1977/2068/428 1955/2045/428
f 1957/2047/430 1979/2070/430 1978/2069/429 1956/2046/429
f 1958/2026/420 1980/2049/480 1979/2070/430 1957/2047/430
f 1959/2048/529 1981/2071/530 2002/2072/531 1980/2049/480
f 1960/2050/481 1982/2073/532 1981/2074/530 1959/2051/529
f 1961/2052/422 1983/2075/533 1982/2073/532 1960/2050/481
f 1962/2053/423 1984/2076/534 1983/2075/533 1961/2052/422
f 1963/2054/424 1985/2077/535 1984/2076/534 1962/2053/423
f 1964/2055/403 1986/2078/536 1985/2077/535 1963/2054/424
f 1965/2056/425 1987/2079/515 1986/2078/536 1964/2055/403
f 1966/2057/405 1988/2080/537 1987/2079/515 1965/2056/425
f 1967/2058/406 1989/2081/538 1988/2080/537 1966/2057/405
f 1968/2059/407 1990/2082/539 1989/2081/538 1967/2058/406
f 1969/2060/408 1991/2083/540 1990/2082/539 1968/2059/407
f 1970/2061/426 1992/2084/541 1991/2083/540 1969/2060/408
f 1971/2062/410 1993/2085/542 1992/2084/541 1970/2061/426
f 1972/2063/411 1994/2086/543 1993/2085/542 1971/2062/410
f 1973/2064/412 1995/2087/544 1994/2086/543 1972/2063/411
f 1974/2065/413 1996/2088/545 1995/2087/544 1973/2064/412
f 1975/2066/427 1997/2089/546 1996/2088/545 1974/2065/413
f 1976/2067/415 1998/2090/547 1997/2089/546 1975/2066/427
f 1977/2068/428 1999/2091/548 1998/2090/547 1976/2067/415
f 1978/2069/429 2000/2092/549 1999/2091/548 1977/2068/428
f 1979/2070/430 2001/2093/550 2000/2092/549 1978/2069/429
f 1980/2049/480 2002/2072/531 2001/2093/550 1979/2070/430
f 1981/2071/530 2003/2094/551 2024/2095/552 2002/2072/531
f 1982/2073/532 2004/2096/553 2003/2097/551 1981/2074/530
f 1983/2075/533 2005/2098/554 2004/2096/553 1982/2073/532
f 1984/2076/534 2006/2099/555 2005/2098/554 1983/2075/533
f 1985/2077/535 2007/2100/556 2006/2099/555 1984/2076/534
f 1986/2078/536 2008/2101/557 2007/2100/556 1985/2077/535
f 1987/2079/515 2009/2102/558 2008/2101/557 1986/2078/536
f 1988/2080/537 2010/2103/559 2009/2102/558 1987/2079/515
f 1989/2081/538 2011/2104/560 2010/2103/559 1988/2080/537
f 1990/2082/539 2012/2105/561 2011/2104/560 1989/2081/538
f 1991/2083/540 2013/2106/562 2012/2105/561 1990/2082/539
f 1992/2084/541 2014/2107/563 2013/2106/562 1991/2083/540
f 1993/2085/542 2015/2108/564 2014/2107/563 1992/2084/541
f 1994/2086/543 2016/2109/565 2015/2108/564 1993/2085/542
f 1995/2087/544 2017/2110/566 2016/2109/565 1994/2086/543
f 1996/2088/545 2018/2111/567 2017/2110/566 1995/2087/544
f 1997/2089/546 2019/2112/568 2018/2111/567 1996/2088/545
f 1998/2090/547 2020/2113/569 2019/2112/568 1997/2089/546
f 1999/2091/548 2021/2114/570 2020/2113/569 1998/2090/547
f 2000/2092/549 2022/2115/571 2021/2114/570 1999/2091/548
f 2001/2093/550 2023/2116/572 2022/2115/571 2000/2092/549
f 2002/2072/531 2024/2095/552 2023/2116/572 2001/2093/550
f 2003/2094/551 2025/2117/573 2046/2118/574 2024/2095/552
f 2004/2096/553 2026/2119/575 2025/2120/573 2003/2097/551
f 2005/2098/554 2027/2121/576 2026/2119/575 2004/2096/553
f 2006/2099/555 2028/2122/577 2027/2121/576 2005/2098/554
f 2007/2100/556 2029/2123/578 2028/2122/577 2006/2099/555
f 2008/2101/557 2030/2124/579 2029/2123/578 2007/2100/556
f 2009/2102/558 2031/2125/580 2030/2124/579 2008/2101/557
f 2010/2103/559 2032/2126/581 2031/2125/580 2009/2102/558
f 2011/2104/560 2033/2127/582 2032/2126/581 2010/2103/559
f 2012/2105/561 2034/2128/583 2033/2127/582 2011/2104/560
f 2013/2106/562 2035/2129/584 2034/2128/583 2012/2105/561
f 2014/2107/563 2036/2130/585 2035/2129/584 2013/2106/562
f 2015/2108/564 2037/2131/586 2036/2130/585 2014/2107/563
f 2016/2109/565 2038/2132/587 2037/2131/586 2015/2108/564
f 2017/2110/566 2039/2133/588 2038/2132/587 2016/2109/565
f 2018/2111/567 2040/2134/589 2039/2133/588 2017/2110/566
f 2019/2112/568 2041/2135/590 2040/2134/589 2018/2111/567
f 2020/2113/569 2042/2136/591 2041/2135/590 2019/2112/568
f 2021/2114/570 2043/2137/592 2042/2136/591 2020/2113/569
f 2022/2115/571 2044/2138/593 2043/2137/592 2021/2114/570
f 2023/2116/572 2045/2139/594 2044/2138/593 2022/2115/571
f 2024/2095/552 2046/2118/574 2045/2139/594 2023/2116/572
f 2025/2117/573 2047/2140/595 2068/2141/596 2046/2118/574
f 2026/2119/575 2048/2142/597 2047/2143/595 2025/2120/573
f 2027/2121/576 2049/2144/598 2048/2142/597 2026/2119/575
f 2028/2122/577 2050/2145/599 2049/2144/598 2027/2121/576
f 2029/2123/578 2051/2146/600 2050/2145/599 2028/2122/577
f 2030/2124/579 2052/2147/601 2051/2146/600 2029/2123/578
f 2031/2125/580 2053/2148/602 2052/2147/601 2030/2124/579
f 2032/2126/581 2054/2149/603 2053/2148/602 2031/2125/580
f 2033/2127/582 2055/2150/604 2054/2149/603 2032/2126/581
f 2034/2128/583 2056/2151/605 2055/2150/604 2033/2127/582
f 2035/2129/584 2057/2152/606 2056/2151/605 2034/2128/583
f 2036/2130/585 2058/2153/607 2057/2152/606 2035/2129/584
f 2037/2131/586 2059/2154/608 2058/2153/607 2036/2130/585
f 2038/2132/587 2060/2155/609 2059/2154/608 2037/2131/586
f 2039/2133/588 2061/2156/610 2060/2155/609 2038/2132/587
f 2040/2134/589 2062/2157/611 2061/2156/610 2039/2133/588
f 2041/2135/590 2063/2158/612 2062/2157/611 2040/2134/589
f 2042/2136/591 2064/2159/613 2063/2158/612 2041/2135/590
f 2043/2137/592 2065/2160/614 2064/2159/613 2042/2136/591
f 2044/2138/593 2066/2161/615 2065/2160/614 2043/2137/592
f 2045/2139/594 2067/2162/616 2066/2161/615 2044/2138/593
f 2046/2118/574 2068/2141/596 2067/2162/616 2045/2139/594
f 2047/2140/595 2069/2163/617 2090/2164/618 2068/2141/596
f 2048/2142/597 2070/2165/619 2069/2166/617 2047/2143/595
f 2049/2144/598 2071/2167/620 2070/2165/619 2048/2142/597
f 2050/2145/599 2072/2168/621 2071/2167/620 2049/2144/598
f 2051/2146/600 2073/2169/622 2072/2168/621 2050/2145/599
f 2052/2147/601 2074/2170/623 2073/2169/622 2051/2146/600
f 2053/2148/602 2075/2171/624 2074/2170/623 2052/2147/601
f 2054/2149/603 2076/2172/625 2075/2171/624 2053/2148/602
f 2055/2150/604 2077/2173/626 2076/2172/625 2054/2149/603
f 2056/2151/605 2078/2174/627 2077/2173/626 2055/2150/604
f 2057/2152/606 2079/2175/628 2078/2174/627 2056/2151/605
f 2058/2153/607 2080/2176/629 2079/2175/628 2057/2152/606
f 2059/2154/608 2081/2177/630 2080/2176/629 2058/2153/607
f 2060/2155/609 2082/2178/631 2081/2177/630 2059/2154/608
f 2061/2156/610 2083/2179/632 2082/2178/631 2060/2155/609
f 2062/2157/611 2084/2180/633 2083/2179/632 2061/2156/610
f 2063/2158/612 2085/2181/634 2084/2180/633 2062/2157/611
f 2064/2159/613 2086/2182/635 2085/2181/634 2063/2158/612
f 2065/2160/614 2087/2183/636 2086/2182/635 2064/2159/613
f 2066/2161/615 2088/2184/637 2087/2183/636 2065/2160/614
f 2067/2162/616 2089/2185/638 2088/2184/637 2066/2161/615
f 2068/2141/596 2090/2164/618 2089/2185/638 2067/2162/616
f 2069/2163/617 2091/2186/639 2112/2187/640 2090/2164/618
f 2070/2165/619 2092/2188/641 2091/2189/639 2069/2166/617
f 2071/2167/620 2093/2190/642 2092/2188/641 2070/2165/619
f 2072/2168/621 2094/2191/643 2093/2190/642 2071/2167/620
f 2073/2169/622 2095/2192/644 2094/2191/643 2072/2168/621
f 2074/2170/623 2096/2193/645 2095/2192/644 2073/2169/622
f 2075/2171/624 2097/2194/646 2096/2193/645 2074/2170/623
f 2076/2172/625 2098/2195/647 2097/2194/646 2075/2171/624
f 2077/2173/626 2099/2196/648 2098/2195/647 2076/2172/625
f 2078/2174/627 2100/2197/649 2099/2196/648 2077/2173/626
f 2079/2175/628 2101/2198/650 2100/2197/649 2078/2174/627
f 2080/2176/629 2102/2199/651 2101/2198/650 2079/2175/628
f 2081/2177/630 2103/2200/652 2102/2199/651 2080/2176/629
f 2082/2178/631 2104/2201/653 2103/2200/652 2081/2177/630
f 2083/2179/632 2105/2202/654 2104/2201/653 2082/2178/631
f 2084/2180/633 2106/2203/655 2105/2202/654 2083/2179/632
f 2085/2181/634 2107/2204/656 2106/2203/655 2084/2180/633
f 2086/2182/635 2108/2205/657 2107/2204/656 2085/2181/634
f 2087/2183/636 2109/2206/658 2108/2205/657 2086/2182/635
f 2088/2184/637 2110/2207/659 2109/2206/658 2087/2183/636
f 2089/2185/638 2111/2208/660 2110/2207/659 2088/2184/637
f 2090/2164/618 2112/2187/640 2111/2208/660 2089/2185/638
f 2091/2186/639 2113/2209/661 2134/2210/662 2112/2187/640
f 2092/2188/641 2114/2211/663 2113/2212/661 2091/2189/639
f 2093/2190/642 2115/2213/664 2114/2211/663 2092/2188/641
f 2094/2191/643 2116/2214/665 2115/2213/664 2093/2190/642
f 2095/2192/644 2117/2215/666 2116/2214/665 2094/2191/643
f 2096/2193/645 2118/2216/667 2117/2215/666 2095/2192/644
f 2097/2194/646 2119/2217/668 2118/2216/667 2096/2193/645
f 2098/2195/647 2120/2218/669 2119/2217/668 2097/2194/646
f 2099/2196/648 2121/2219/670 2120/2218/669 2098/2195/647
f 2100/2197/649 2122/2220/671 2121/2219/670 2099/2196/648
f 2101/2198/650 2123/2221/672 2122/2220/671 2100/2197/649
f 2102/2199/651 2124/2222/673 2123/2221/672 2101/2198/650
f 2103/2200/652 2125/2223/674 2124/2222/673 2102/2199/651
f 2104/2201/653 2126/2224/675 2125/2223/674 2103/2200/652
f 2105/2202/654 2127/2225/676 2126/2224/675 2104/2201/653
f 2106/2203/655 2128/2226/677 2127/2225/676 2105/2202/654
f 2107/2204/656 2129/2227/678 2128/2226/677 2106/2203/655
f 2108/2205/657 2130/2228/679 2129/2227/678 2107/2204/656
f 2109/2206/658 2131/2229/680 2130/2228/679 2108/2205/657
f 2110/2207/659 2132/2230/681 2131/2229/680 2109/2206/658
f 2111/2208/660 2133/2231/682 2132/2230/681 2110/2207/659
f 2112/2187/640 2134/2210/662 2133/2231/682 2111/2208/660
f 2113/2209/661 2135/2232/683 2156/2233/684 2134/2210/662
f 2114/2211/663 2136/2234/685 2135/2235/683 2113/2212/661
f 2115/2213/664 2137/2236/686 2136/2234/685 2114/2211/663
f 2116/2214/665 2138/2237/687 2137/2236/686 2115/2213/664
f 2117/2215/666 2139/2238/688 2138/2237/687 2116/2214/665
f 2118/2216/667 2140/2239/689 2139/2238/688 2117/2215/666
f 2119/2217/668 2141/2240/690 2140/2239/689 2118/2216/667
f 2120/2218/669 2142/2241/691 2141/2240/690 2119/2217/668
f 2121/2219/670 2143/2242/692 2142/2241/691 2120/2218/669
f 2122/2220/671 2144/2243/693 2143/2242/692 2121/2219/670
f 2123/2221/672 2145/2244/694 2144/2243/693 2122/2220/671
f 2124/2222/673 2146/2245/695 2145/2244/694 2123/2221/672
f 2125/2223/674 2147/2246/696 2146/2245/695 2124/2222/673
f 2126/2224/675 2148/2247/697 2147/2246/696 2125/2223/674
f 2127/2225/676 2149/2248/698 2148/2247/697 2126/2224/675
f 2128/2226/677 2150/2249/699 2149/2248/698 2127/2225/676
f 2129/2227/678 2151/2250/700 2150/2249/699 2128/2226/677
f 2130/2228/679 2152/2251/701 2151/2250/700 2129/2227/678
f 2131/2229/680 2153/2252/702 2152/2251/701 2130/2228/679
f 2132/2230/681 2154/2253/703 2153/2252/702 2131/2229/680
f 2133/2231/682 2155/2254/704 2154/2253/703 2132/2230/681
f 2134/2210/662 2156/2233/684 2155/2254/704 2133/2231/682
f 2135/2232/683 2157/2255/705 2178/2256/706 2156/2233/684
f 2136/2234/685 2158/2257/707 2157/2258/705 2135/2235/683
f 2137/2236/686 2159/2259/708 2158/2257/707 2136/2234/685
f 2138/2237/687 2160/2260/709 2159/2259/708 2137/2236/686
f 2139/2238/688 2161/2261/710 2160/2260/709 2138/2237/687
f 2140/2239/689 2162/2262/711 2161/2261/710 2139/2238/688
f 2141/2240/690 2163/2263/712 2162/2262/711 2140/2239/689
f 2142/2241/691 2164/2264/713 2163/2263/712 2141/2240/690
f 2143/2242/692 2165/2265/714 2164/2264/713 2142/2241/691
f 2144/2243/693 2166/2266/715 2165/2265/714 2143/2242/692
f 2145/2244/694 2167/2267/716 2166/2266/715 2144/2243/693
f 2146/2245/695 2168/2268/717 2167/2267/716 2145/2244/694
f 2147/2246/696 2169/2269/718 2168/2268/717 2146/2245/695
f 2148/2247/697 2170/2270/719 2169/2269/718 2147/2246/696
f 2149/2248/698 2171/2271/720 2170/2270/719 2148/2247/697
f 2150/2249/699 2172/2272/721 2171/2271/720 2149/2248/698
f 2151/2250/700 2173/2273/722 2172/2272/721 2150/2249/699
f 2152/2251/701 2174/2274/723 2173/2273/722 2151/2250/700
f 2153/2252/702 2175/2275/724 2174/2274/723 2152/2251/701
f 2154/2253/703 2176/2276/725 2175/2275/724 2153/2252/702
f 2155/2254/704 2177/2277/726 2176/2276/725 2154/2253/703
f 2156/2233/684 2178/2256/706 2177/2277/726 2155/2254/704
f 2157/2255/705 2179/2278/727 2200/2279/728 2178/2256/706
f 2158/2257/707 2180/2280/729 2179/2281/727 2157/2258/705
f 2159/2259/708 2181/2282/730 2180/2280/729 2158/2257/707
f 2160/2260/709 2182/2283/731 2181/2282/730 2159/2259/708
f 2161/2261/710 2183/2284/732 2182/2283/731 2160/2260/709
f 2162/2262/711 2184/2285/733 2183/2284/732 2161/2261/710
f 2163/2263/712 2185/2286/734 2184/2285/733 2162/2262/711
f 2164/2264/713 2186/2287/735 2185/2286/734 2163/2263/712
f 2165/2265/714 2187/2288/736 2186/2287/735 2164/2264/713
f 2166/2266/715 2188/2289/737 2187/2288/736 2165/2265/714
f 2167/2267/716 2189/2290/738 2188/2289/737 2166/2266/715
f 2168/2268/717 2190/2291/739 2189/2290/738 2167/2267/716
f 2169/2269/718 2191/2292/740 2190/2291/739 2168/2268/717
f 2170/2270/719 2192/2293/741 2191/2292/740 2169/2269/718
f 2171/2271/720 2193/2294/742 2192/2293/741 2170/2270/719
f 2172/2272/721 2194/2295/743 2193/2294/742 2171/2271/720
f 2173/2273/722 2195/2296/744 2194/2295/743 2172/2272/721
f 2174/2274/723 2196/2297/745 2195/2296/744 2173/2273/722
f 2175/2275/724 2197/2298/746 2196/2297/745 2174/2274/723
f 2176/2276/725 2198/2299/747 2197/2298/746 2175/2275/724
f 2177/2277/726 2199/2300/748 2198/2299/747 2176/2276/725
f 2178/2256/706 2200/2279/728 2199/2300/748 2177/2277/726
f 2179/2278/727 2201/2301/749 2222/2302/750 2200/2279/728
f 2180/2280/729 2202/2303/751 2201/2304/749 2179/2281/727
f 2181/2282/730 2203/2305/752 2202/2303/751 2180/2280/729
f 2182/2283/731 2204/2306/753 2203/2305/752 2181/2282/730
f 2183/2284/732 2205/2307/754 2204/2306/753 2182/2283/731
f 2184/2285/733 2206/2308/755 2205/2307/754 2183/2284/732
f 2185/2286/734 2207/2309/756 2206/2308/755 2184/2285/733
f 2186/2287/735 2208/2310/757 2207/2309/756 2185/2286/734
f 2187/2288/736 2209/2311/758 2208/2310/757 2186/2287/735
f 2188/2289/737 2210/2312/759 2209/2311/758 2187/2288/736
f 2189/2290/738 2211/2313/760 2210/2312/759 2188/2289/737
f 2190/2291/739 2212/2314/761 2211/2313/760 2189/2290/738
f 2191/2292/740 2213/2315/762 2212/2314/761 2190/2291/739
f 2192/2293/741 2214/2316/763 2213/2315/762 2191/2292/740
f 2193/2294/742 2215/2317/764 2214/2316/763 2192/2293/741
f 2194/2295/743 2216/2318/765 2215/2317/764 2193/2294/742
f 2195/2296/744 2217/2319/766 2216/2318/765 2194/2295/743
f 2196/2297/745 2218/2320/767 2217/2319/766 2195/2296/744
f 2197/2298/746 2219/2321/768 2218/2320/767 2196/2297/745
f 2198/2299/747 2220/2322/769 2219/2321/768 2197/2298/746
f 2199/2300/748 2221/2323/770 2220/2322/769 2198/2299/747
f 2200/2279/728 2222/2302/750 2221/2323/770 2199/2300/748
f 2201/2301/749 2223/2324/771 2244/2325/772 2222/2302/750
f 2202/2303/751 2224/2326/773 2223/2327/771 2201/2304/749
f 2203/2305/752 2225/2328/774 2224/2326/773 2202/2303/751
f 2204/2306/753 2226/2329/775 2225/2328/774 2203/2305/752
f 2205/2307/754 2227/2330/776 2226/2329/775 2204/2306/753
f 2206/2308/755 2228/2331/777 2227/2330/776 2205/2307/754
f 2207/2309/756 2229/2332/778 2228/2331/777 2206/2308/755
f 2208/2310/757 2230/2333/779 2229/2332/778 2207/2309/756
f 2209/2311/758 2231/2334/780 2230/2333/779 2208/2310/757
f 2210/2312/759 2232/2335/781 2231/2334/780 2209/2311/758
f 2211/2313/760 2233/2336/782 2232/2335/781 2210/2312/759
f 2212/2314/761 2234/2337/783 2233/2336/782 2211/2313/760
f 2213/2315/762 2235/2338/784 2234/2337/783 2212/2314/761
f 2214/2316/763 2236/2339/785 2235/2338/784 2213/2315/762
f 2215/2317/764 2237/2340/786 2236/2339/785 2214/2316/763
f 2216/2318/765 2238/2341/787 2237/2340/786 2215/2317/764
f 2217/2319/766 2239/2342/788 2238/2341/787 2216/2318/765
f 2218/2320/767 2240/2343/789 2239/2342/788 2217/2319/766
f 2219/2321/768 2241/2344/790 2240/2343/789 2218/2320/767
f 2220/2322/769 2242/2345/791 2241/2344/790 2219/2321/768
f 2221/2323/770 2243/2346/792 2242/2345/791 2220/2322/769
f 2222/2302/750 2244/2325/772 2243/2346/792 2221/2323/770
f 2223/2324/771 2245/2347/793 2266/2348/794 2244/2325/772
f 2224/2326/773 2246/2349/795 2245/2350/793 2223/2327/771
f 2225/2328/774 2247/2351/796 2246/2349/795 2224/2326/773
f 2226/2329/775 2248/2352/797 2247/2351/796 2225/2328/774
f 2227/2330/776 2249/2353/798 2248/2352/797 2226/2329/775
f 2228/2331/777 2250/2354/799 2249/2353/798 2227/2330/776
f 2229/2332/778 2251/2355/800 2250/2354/799 2228/2331/777
f 2230/2333/779 2252/2356/801 2251/2355/800 2229/2332/778
f 2231/2334/780 2253/2357/802 2252/2356/801 2230/2333/779
f 2232/2335/781 2254/2358/803 2253/2357/802 2231/2334/780
f 2233/2336/782 2255/2359/804 2254/2358/803 2232/2335/781
f 2234/2337/783 2256/2360/805 2255/2359/804 2233/2336/782
f 2235/2338/784 2257/2361/806 2256/2360/805 2234/2337/783
f 2236/2339/785 2258/2362/807 2257/2361/806 2235/2338/784
f 2237/2340/786 2259/2363/808 2258/2362/807 2236/2339/785
f 2238/2341/787 2260/2364/809 2259/2363/808 2237/2340/786
f 2239/2342/788 2261/2365/810 2260/2364/809 2238/2341/787
f 2240/2343/789 2262/2366/811 2261/2365/810 2239/2342/788
f 2241/2344/790 2263/2367/812 2262/2366/811 2240/2343/789
f 2242/2345/791 2264/2368/813 2263/2367/812 2241/2344/790
f 2243/2346/792 2265/2369/814 2264/2368/813 2242/2345/791
f 2244/2325/772 2266/2348/794 2265/2369/814 2243/2346/792
f 2245/2347/793 2267/2370/815 2288/2371/816 2266/2348/794
f 2246/2349/795 2268/2372/817 2267/2373/815 2245/2350/793
f 2247/2351/796 2269/2374/818 2268/2372/817 2246/2349/795
f 2248/2352/797 2270/2375/819 2269/2374/818 2247/2351/796
f 2249/2353/798 2271/2376/820 2270/2375/819 2248/2352/797
f 2250/2354/799 2272/2377/821 2271/2376/820 2249/2353/798
f 2251/2355/800 2273/2378/822 2272/2377/821 2250/2354/799
f 2252/2356/801 2274/2379/823 2273/2378/822 2251/2355/800
f 2253/2357/802 2275/2380/824 2274/2379/823 2252/2356/801
f 2254/2358/803 2276/2381/825 2275/2380/824 2253/2357/802
f 2255/2359/804 2277/2382/826 2276/2381/825 2254/2358/803
f 2256/2360/805 2278/2383/827 2277/2382/826 2255/2359/804
f 2257/2361/806 2279/2384/828 2278/2383/827 2256/2360/805
f 2258/2362/807 2280/2385/829 2279/2384/828 2257/2361/806
f 2259/2363/808 2281/2386/830 2280/2385/829 2258/2362/807
f 2260/2364/809 2282/2387/831 2281/2386/830 2259/2363/808
f 2261/2365/810 2283/2388/832 2282/2387/831 2260/2364/809
f 2262/2366/811 2284/2389/833 2283/2388/832 2261/2365/810
f 2263/2367/812 2285/2390/834 2284/2389/833 2262/2366/811
f 2264/2368/813 2286/2391/835 2285/2390/834 2263/2367/812
f 2265/2369/814 2287/2392/836 2286/2391/835 2264/2368/813
f 2266/2348/794 2288/2371/816 2287/2392/836 2265/2369/814
f 2267/2370/815 2289/2393/837 2310/2394/838 2288/2371/816
f 2268/2372/817 2290/2395/839 2289/2396/837 2267/2373/815
f 2269/2374/818 2291/2397/840 2290/2395/839 2268/2372/817
f 2270/2375/819 2292/2398/841 2291/2397/840 2269/2374/818
f 2271/2376/820 2293/2399/842 2292/2398/841 2270/2375/819
f 2272/2377/821 2294/2400/843 2293/2399/842 2271/2376/820
f 2273/2378/822 2295/2401/844 2294/2400/843 2272/2377/821
f 2274/2379/823 2296/2402/845 2295/2401/844 2273/2378/822
f 2275/2380/824 2297/2403/846 2296/2402/845 2274/2379/823
f 2276/2381/825 2298/2404/847 2297/2403/846 2275/2380/824
f 2277/2382/826 2299/2405/848 2298/2404/847 2276/2381/825
f 2278/2383/827 2300/2406/849 2299/2405/848 2277/2382/826
f 2279/2384/828 2301/2407/850 2300/2406/849 2278/2383/827
f 2280/2385/829 2302/2408/851 2301/2407/850 2279/2384/828
f 2281/2386/830 2303/2409/852 2302/2408/851 2280/2385/829
f 2282/2387/831 2304/2410/853 2303/2409/852 2281/2386/830
f 2283/2388/832 2305/2411/854 2304/2410/853 2282/2387/831
f 2284/2389/833 2306/2412/855 2305/2411/854 2283/2388/832
f 2285/2390/834 2307/2413/856 2306/2412/855 2284/2389/833
f 2286/2391/835 2308/2414/857 2307/2413/856 2285/2390/834
f 2287/2392/836 2309/2415/858 2308/2414/857 2286/2391/835
f 2288/2371/816 2310/2394/838 2309/2415/858 2287/2392/836
f 2289/2393/837 2311/2416/859 2332/2417/860 2310/2394/838
f 2290/2395/839 2312/2418/861 2311/2419/859 2289/2396/837
f 2291/2397/840 2313/2420/862 2312/2418/861 2290/2395/839
f 2292/2398/841 2314/2421/863 2313/2420/862 2291/2397/840
f 2293/2399/842 2315/2422/864 2314/2421/863 2292/2398/841
f 2294/2400/843 2316/2423/865 2315/2422/864 2293/2399/842
f 2295/2401/844 2317/2424/866 2316/2423/865 2294/2400/843
f 2296/2402/845 2318/2425/867 2317/2424/866 2295/2401/844
f 2297/2403/846 2319/2426/868 2318/2425/867 2296/2402/845
f 2298/2404/847 2320/2427/869 2319/2426/868 2297/2403/846
f 2299/2405/848 2321/2428/870 2320/2427/869 2298/2404/847
f 2300/2406/849 2322/2429/871 2321/2428/870 2299/2405/848
f 2301/2407/850 2323/2430/872 2322/2429/871 2300/2406/849
f 2302/2408/851 2324/2431/873 2323/2430/872 2301/2407/850
f 2303/2409/852 2325/2432/874 2324/2431/873 2302/2408/851
f 2304/2410/853 2326/2433/875 2325/2432/874 2303/2409/852
f 2305/2411/854 2327/2434/876 2326/2433/875 2304/2410/853
f 2306/2412/855 2328/2435/877 2327/2434/876 2305/2411/854
f 2307/2413/856 2329/2436/878 2328/2435/877 2306/2412/855
f 2308/2414/857 2330/2437/879 2329/2436/878 2307/2413/856
f 2309/2415/858 2331/2438/880 2330/2437/879 2308/2414/857
f 2310/2394/838 2332/2417/860 2331/2438/880 2309/2415/858
f 2311/2416/859 2333/2439/881 2354/2440/882 2332/2417/860
f 2312/2418/861 2334/2441/883 2333/2442/881 2311/2419/859
f 2313/2420/862 2335/2443/884 2334/2441/883 2312/2418/861
f 2314/2421/863 2336/2444/885 2335/2443/884 2313/2420/862
f 2315/2422/864 2337/2445/886 2336/2444/885 2314/2421/863
f 2316/2423/865 2338/2446/887 2337/2445/886 2315/2422/864
f 2317/2424/866 2339/2447/888 2338/2446/887 2316/2423/865
f 2318/2425/867 2340/2448/889 2339/2447/888 2317/2424/866
f 2319/2426/868 2341/2449/890 2340/2448/889 2318/2425/867
f 2320/2427/869 2342/2450/891 2341/2449/890 2319/2426/868
f 2321/2428/870 2343/2451/892 2342/2450/891 2320/2427/869
f 2322/2429/871 2344/2452/893 2343/2451/892 2321/2428/870
f 2323/2430/872 2345/2453/894 2344/2452/893 2322/2429/871
f 2324/2431/873 2346/2454/895 2345/2453/894 2323/2430/872
f 2325/2432/874 2347/2455/896 2346/2454/895 2324/2431/873
f 2326/2433/875 2348/2456/897 2347/2455/896 2325/2432/874
f 2327/2434/876 2349/2457/898 2348/2456/897 2326/2433/875
f 2328/2435/877 2350/2458/899 2349/2457/898 2327/2434/876
f 2329/2436/878 2351/2459/900 2350/2458/899 2328/2435/877
f 2330/2437/879 2352/2460/901 2351/2459/900 2329/2436/878
f 2331/2438/880 2353/2461/902 2352/2460/901 2330/2437/879
f 2332/2417/860 2354/2440/882 2353/2461/902 2331/2438/880
f 2333/2439/881 2355/2462/903 2376/2463/904 2354/2440/882
f 2334/2441/883 2356/2464/905 2355/2465/903 2333/2442/881
f 2335/2443/884 2357/2466/906 2356/2464/905 2334/2441/883
f 2336/2444/885 2358/2467/907 2357/2466/906 2335/2443/884
f 2337/2445/886 2359/2468/908 2358/2467/907 2336/2444/885
f 2338/2446/887 2360/2469/909 2359/2468/908 2337/2445/886
f 2339/2447/888 2361/2470/910 2360/2469/909 2338/2446/887
f 2340/2448/889 2362/2471/911 2361/2470/910 2339/2447/888
f 2341/2449/890 2363/2472/912 2362/2471/911 2340/2448/889
f 2342/2450/891 2364/2473/913 2363/2472/912 2341/2449/890
f 2343/2451/892 2365/2474/914 2364/2473/913 2342/2450/891
f 2344/2452/893 2366/2475/915 2365/2474/914 2343/2451/892
f 2345/2453/894 2367/2476/916 2366/2475/915 2344/2452/893
f 2346/2454/895 2368/2477/917 2367/2476/916 2345/2453/894
f 2347/2455/896 2369/2478/918 2368/2477/917 2346/2454/895
f 2348/2456/897 2370/2479/919 2369/2478/918 2347/2455/896
f 2349/2457/898 2371/2480/920 2370/2479/919 2348/2456/897
f 2350/2458/899 2372/2481/921 2371/2480/920 2349/2457/898
f 2351/2459/900 2373/2482/922 2372/2481/921 2350/2458/899
f 2352/2460/901 2374/2483/923 2373/2482/922 2351/2459/900
f 2353/2461/902 2375/2484/924 2374/2483/923 2352/2460/901
f 2354/2440/882 2376/2463/904 2375/2484/924 2353/2461/902
o NurbsPath
v -2.671400 -1.508314 -0.000000
v -2.642524 -1.508152 0.182320
v -2.558722 -1.507676 0.346793
v -2.428197 -1.506932 0.477320
v -2.263727 -1.505995 0.561123
v -2.081410 -1.504954 0.590000
v -1.901413 -1.503927 0.590000
v -1.719096 -1.502885 0.561123
v -1.554625 -1.501945 0.477320
v -1.424100 -1.501198 0.346793
v -1.340298 -1.500717 0.182320
v -1.311422 -1.500550 0.000000
v -1.340299 -1.500712 -0.182320
v -1.424100 -1.501188 -0.346793
v -1.554625 -1.501931 -0.477320
v -1.719096 -1.502869 -0.561123
v -1.901413 -1.503909 -0.590000
v -2.081410 -1.504937 -0.590000
v -2.263727 -1.505978 -0.561123
v -2.428197 -1.506918 -0.477320
v -2.558722 -1.507665 -0.346793
v -2.642524 -1.508146 -0.182320
v -2.663286 -1.156712 -0.000000
v -2.634453 -1.158312 0.182320
v -2.550778 -1.162950 0.346793
v -2.420452 -1.170172 0.477320
v -2.256230 -1.179271 0.561123
v -2.074189 -1.189356 0.590000
v -1.894465 -1.199313 0.590000
v -1.712424 -1.209398 0.561123
v -1.548203 -1.218494 0.477320
v -1.417876 -1.225712 0.346793
v -1.334200 -1.230346 0.182320
v -1.305368 -1.231940 0.000000
v -1.334200 -1.230340 -0.182320
v -1.417875 -1.225702 -0.346793
v -1.548202 -1.218480 -0.477320
v -1.712423 -1.209381 -0.561123
v -1.894464 -1.199296 -0.590000
v -2.074188 -1.189339 -0.590000
v -2.256229 -1.179255 -0.561123
v -2.420451 -1.170158 -0.477320
v -2.550778 -1.162940 -0.346793
v -2.634453 -1.158307 -0.182320
v -2.636108 -0.849580 -0.000000
v -2.607459 -0.853203 0.182320
v -2.524317 -0.863711 0.346793
v -2.394821 -0.880077 0.477320
v -2.231645 -0.900697 0.561123
v -2.050764 -0.923554 0.590000
v -1.872184 -0.946119 0.590000
v -1.691302 -0.968976 0.561123
v -1.528126 -0.989593 0.477320
v -1.398629 -1.005955 0.346793
v -1.315486 -1.016459 0.182320
v -1.286837 -1.020076 0.000000
v -1.315486 -1.016453 -0.182320
v -1.398628 -1.005945 -0.346793
v -1.528124 -0.989580 -0.477320
v -1.691300 -0.968959 -0.561123
v -1.872181 -0.946102 -0.590000
v -2.050761 -0.923537 -0.590000
v -2.231643 -0.900681 -0.561123
v -2.394819 -0.880063 -0.477320
v -2.524316 -0.863701 -0.346793
v -2.607458 -0.853198 -0.182320
v -2.591449 -0.580000 -0.000000
v -2.563192 -0.585953 0.182320
v -2.481188 -0.603222 0.346793
v -2.353462 -0.630118 0.477320
v -2.192518 -0.664007 0.561123
v -2.014110 -0.701572 0.590000
v -1.837972 -0.738660 0.590000
v -1.659564 -0.776225 0.561123
v -1.498620 -0.810111 0.477320
v -1.370893 -0.837003 0.346793
v -1.288887 -0.854268 0.182320
v -1.260630 -0.860215 0.000000
v -1.288886 -0.854263 -0.182320
v -1.370891 -0.836993 -0.346793
v -1.498617 -0.810098 -0.477320
v -1.659561 -0.776208 -0.561123
v -1.837969 -0.738643 -0.590000
v -2.014107 -0.701556 -0.590000
v -2.192515 -0.663991 -0.561123
v -2.353459 -0.630104 -0.477320
v -2.481185 -0.603212 -0.346793
v -2.563191 -0.585948 -0.182320
v -2.530146 -0.342290 -0.000000
v -2.502578 -0.350887 0.182320
v -2.422574 -0.375833 0.346793
v -2.297964 -0.414686 0.477320
v -2.140946 -0.463643 0.561123
v -1.966890 -0.517910 0.590000
v -1.795048 -0.571487 0.590000
v -1.620991 -0.625754 0.561123
v -1.463972 -0.674708 0.477320
v -1.339361 -0.713557 0.346793
v -1.259355 -0.738499 0.182320
v -1.231787 -0.747091 0.000000
v -1.259354 -0.738494 -0.182320
v -1.339358 -0.713547 -0.346793
v -1.463968 -0.674694 -0.477320
v -1.620986 -0.625738 -0.561123
v -1.795043 -0.571470 -0.590000
v -1.966884 -0.517894 -0.590000
v -2.140941 -0.463627 -0.561123
v -2.297960 -0.414673 -0.477320
v -2.422571 -0.375824 -0.346793
v -2.502577 -0.350882 -0.182320
v -2.452425 -0.132042 -0.000000
v -2.425949 -0.143571 0.182320
v -2.349112 -0.177022 0.346793
v -2.229434 -0.229123 0.477320
v -2.078631 -0.294773 0.561123
v -1.911464 -0.367545 0.590000
v -1.746424 -0.439391 0.590000
v -1.579257 -0.512162 0.561123
v -1.428453 -0.577810 0.477320
v -1.308773 -0.629907 0.346793
v -1.231934 -0.663354 0.182320
v -1.205456 -0.674878 0.000000
v -1.231932 -0.663349 -0.182320
v -1.308769 -0.629897 -0.346793
v -1.428447 -0.577797 -0.477320
v -1.579250 -0.512147 -0.561123
v -1.746417 -0.439375 -0.590000
v -1.911457 -0.367529 -0.590000
v -2.078624 -0.294758 -0.561123
v -2.229428 -0.229110 -0.477320
v -2.349108 -0.177013 -0.346793
v -2.425947 -0.143566 -0.182320
v -2.358364 0.053372 -0.000000
v -2.333482 0.038718 0.182320
v -2.261269 -0.003805 0.346793
v -2.148793 -0.070035 0.477320
v -2.007065 -0.153489 0.561123
v -1.849957 -0.245998 0.590000
v -1.694849 -0.337329 0.590000
v -1.537741 -0.429837 0.561123
v -1.396011 -0.513288 0.477320
v -1.283534 -0.579515 0.346793
v -1.211318 -0.622035 0.182320
v -1.186433 -0.636684 0.000000
v -1.211315 -0.622030 -0.182320
v -1.283528 -0.579507 -0.346793
v -1.396004 -0.513277 -0.477320
v -1.537732 -0.429823 -0.561123
v -1.694840 -0.337314 -0.590000
v -1.849948 -0.245983 -0.590000
v -2.007056 -0.153475 -0.561123
v -2.148786 -0.070023 -0.477320
v -2.261264 -0.003797 -0.346793
v -2.333479 0.038723 -0.182320
v -2.248767 0.214547 -0.000000
v -2.226039 0.196734 0.182320
v -2.160077 0.145043 0.346793
v -2.057338 0.064532 0.477320
v -1.927878 -0.036916 0.561123
v -1.784371 -0.149371 0.590000
v -1.642689 -0.260395 0.590000
v -1.499181 -0.372849 0.561123
v -1.369720 -0.474295 0.477320
v -1.266979 -0.554802 0.346793
v -1.201014 -0.606490 0.182320
v -1.178282 -0.624299 0.000000
v -1.201010 -0.606486 -0.182320
v -1.266972 -0.554794 -0.346793
v -1.369711 -0.474284 -0.477320
v -1.499171 -0.372836 -0.561123
v -1.642678 -0.260381 -0.590000
v -1.784360 -0.149357 -0.590000
v -1.927868 -0.036903 -0.561123
v -2.057329 0.064543 -0.477320
v -2.160071 0.145051 -0.346793
v -2.226036 0.196738 -0.182320
v -2.126212 0.350471 -0.000000
v -2.106172 0.329680 0.182320
v -2.048009 0.269347 0.346793
v -1.957417 0.175377 0.477320
v -1.843264 0.056969 0.561123
v -1.716724 -0.074287 0.590000
v -1.591793 -0.203873 0.590000
v -1.465252 -0.335128 0.561123
v -1.351098 -0.453534 0.477320
v -1.260503 -0.547502 0.346793
v -1.202337 -0.607832 0.182320
v -1.182293 -0.628619 0.000000
v -1.202333 -0.607828 -0.182320
v -1.260496 -0.547495 -0.346793
v -1.351087 -0.453525 -0.477320
v -1.465240 -0.335117 -0.561123
v -1.591781 -0.203861 -0.590000
v -1.716711 -0.074275 -0.590000
v -1.843252 0.056980 -0.561123
v -1.957407 0.175387 -0.477320
v -2.048002 0.269354 -0.346793
v -2.106168 0.329684 -0.182320
v -1.995611 0.459823 -0.000000
v -1.978655 0.436449 0.182320
v -1.929441 0.368618 0.346793
v -1.852788 0.262970 0.477320
v -1.756198 0.129847 0.561123
v -1.649126 -0.017721 0.590000
v -1.543416 -0.163411 0.590000
v -1.436344 -0.310978 0.561123
v -1.339752 -0.444100 0.477320
v -1.263095 -0.549746 0.346793
v -1.213878 -0.617573 0.182320
v -1.196917 -0.640944 0.000000
v -1.213873 -0.617570 -0.182320
v -1.263087 -0.549740 -0.346793
v -1.339741 -0.444092 -0.477320
v -1.436331 -0.310969 -0.561123
v -1.543402 -0.163401 -0.590000
v -1.649112 -0.017711 -0.590000
v -1.756184 0.129856 -0.561123
v -1.852776 0.262978 -0.477320
v -1.929433 0.368624 -0.346793
v -1.978651 0.436452 -0.182320
v -1.863667 0.542559 -0.000000
v -1.849967 0.517139 0.182320
v -1.810202 0.443371 0.346793
v -1.748266 0.328475 0.477320
v -1.670220 0.183698 0.561123
v -1.583704 0.023212 0.590000
v -1.498289 -0.135231 0.590000
v -1.411773 -0.295716 0.561123
v -1.333725 -0.440492 0.477320
v -1.271785 -0.555386 0.346793
v -1.232016 -0.629152 0.182320
v -1.218311 -0.654569 0.000000
v -1.232011 -0.629150 -0.182320
v -1.271776 -0.555381 -0.346793
v -1.333713 -0.440485 -0.477320
v -1.411759 -0.295709 -0.561123
v -1.498274 -0.135223 -0.590000
v -1.583689 0.023220 -0.590000
v -1.670205 0.183706 -0.561123
v -1.748253 0.328481 -0.477320
v -1.810193 0.443375 -0.346793
v -1.849962 0.517141 -0.182320
v -1.737361 0.600828 -0.000000
v -1.726843 0.573935 0.182320
v -1.696312 0.495891 0.346793
v -1.648757 0.374336 0.477320
v -1.588833 0.221167 0.561123
v -1.522407 0.051379 0.590000
v -1.456825 -0.116249 0.590000
v -1.390397 -0.286037 0.561123
v -1.330471 -0.439205 0.477320
v -1.282913 -0.560759 0.346793
v -1.252378 -0.638801 0.182320
v -1.241854 -0.665692 0.000000
v -1.252373 -0.638799 -0.182320
v -1.282903 -0.560755 -0.346793
v -1.330458 -0.439200 -0.477320
v -1.390382 -0.286031 -0.561123
v -1.456809 -0.116243 -0.590000
v -1.522390 0.051385 -0.590000
v -1.588818 0.221173 -0.561123
v -1.648744 0.374341 -0.477320
v -1.696302 0.495895 -0.346793
v -1.726838 0.573937 -0.182320
v -1.622431 0.638689 -0.000000
v -1.614816 0.610835 0.182320
v -1.592711 0.530000 0.346793
v -1.558279 0.404096 0.477320
v -1.514892 0.245449 0.561123
v -1.466797 0.069587 0.590000
v -1.419313 -0.104037 0.590000
v -1.371216 -0.279899 0.561123
v -1.327827 -0.438546 0.477320
v -1.293392 -0.564448 0.346793
v -1.271282 -0.645283 0.182320
v -1.263662 -0.673136 0.000000
v -1.271277 -0.645281 -0.182320
v -1.293382 -0.564446 -0.346793
v -1.327813 -0.438542 -0.477320
v -1.371200 -0.279895 -0.561123
v -1.419296 -0.104033 -0.590000
v -1.466780 0.069591 -0.590000
v -1.514876 0.245453 -0.561123
v -1.558266 0.404100 -0.477320
v -1.592701 0.530002 -0.346793
v -1.614810 0.610836 -0.182320
v -1.522686 0.661084 -0.000000
v -1.517563 0.632665 0.182320
v -1.502690 0.550192 0.346793
v -1.479523 0.421738 0.477320
v -1.450329 0.259877 0.561123
v -1.417966 0.080452 0.590000
v -1.386015 -0.096690 0.590000
v -1.353651 -0.276114 0.561123
v -1.324455 -0.437976 0.477320
v -1.301284 -0.566429 0.346793
v -1.286406 -0.648901 0.182320
v -1.281277 -0.677319 0.000000
v -1.286400 -0.648900 -0.182320
v -1.301274 -0.566428 -0.346793
v -1.324441 -0.437973 -0.477320
v -1.353635 -0.276112 -0.561123
v -1.385998 -0.096687 -0.590000
v -1.417949 0.080454 -0.590000
v -1.450312 0.259879 -0.561123
v -1.479509 0.421740 -0.477320
v -1.502680 0.550194 -0.346793
v -1.517558 0.632666 -0.182320
v -1.440175 0.672822 -0.000000
v -1.437063 0.644114 0.182320
v -1.428028 0.560799 0.346793
v -1.413953 0.431033 0.477320
v -1.396216 0.267519 0.561123
v -1.376554 0.086262 0.590000
v -1.357141 -0.092688 0.590000
v -1.337479 -0.273944 0.561123
v -1.319739 -0.437458 0.477320
v -1.305661 -0.567223 0.346793
v -1.296620 -0.650538 0.182320
v -1.293503 -0.679246 0.000000
v -1.296615 -0.650537 -0.182320
v -1.305650 -0.567223 -0.346793
v -1.319725 -0.437457 -0.477320
v -1.337462 -0.273943 -0.561123
v -1.357124 -0.092686 -0.590000
v -1.376537 0.086264 -0.590000
v -1.396200 0.267521 -0.561123
v -1.413939 0.431035 -0.477320
v -1.428017 0.560800 -0.346793
v -1.437058 0.644114 -0.182320
v -1.375757 0.677981 -0.000000
v -1.374148 0.649149 0.182320
v -1.369471 0.565476 0.346793
v -1.362185 0.435153 0.477320
v -1.353004 0.270936 0.561123
v -1.342825 0.088901 0.590000
v -1.332775 -0.090819 0.590000
v -1.322595 -0.272854 0.561123
v -1.313410 -0.437071 0.477320
v -1.306121 -0.567394 0.346793
v -1.301439 -0.651066 0.182320
v -1.299824 -0.679898 0.000000
v -1.301434 -0.651066 -0.182320
v -1.306111 -0.567394 -0.346793
v -1.313396 -0.437070 -0.477320
v -1.322578 -0.272854 -0.561123
v -1.332757 -0.090818 -0.590000
v -1.342807 0.088901 -0.590000
v -1.352987 0.270937 -0.561123
v -1.362171 0.435154 -0.477320
v -1.369461 0.565477 -0.346793
v -1.374142 0.649149 -0.182320
v -1.329577 0.679670 -0.000000
v -1.328951 0.650801 0.182320
v -1.327127 0.567017 0.346793
v -1.324284 0.436521 0.477320
v -1.320702 0.272087 0.561123
v -1.316729 0.089811 0.590000
v -1.312807 -0.090147 0.590000
v -1.308833 -0.272423 0.561123
v -1.305248 -0.436858 0.477320
v -1.302402 -0.567353 0.346793
v -1.300573 -0.651137 0.182320
v -1.299941 -0.680007 0.000000
v -1.300568 -0.651137 -0.182320
v -1.302392 -0.567353 -0.346793
v -1.305234 -0.436858 -0.477320
v -1.308817 -0.272423 -0.561123
v -1.312789 -0.090147 -0.590000
v -1.316712 0.089811 -0.590000
v -1.320685 0.272087 -0.561123
v -1.324270 0.436522 -0.477320
v -1.327117 0.567017 -0.346793
v -1.328945 0.650801 -0.182320
v -1.300767 0.679985 -0.000000
v -1.300627 0.651108 0.182320
v -1.300217 0.567306 0.346793
v -1.299575 0.436781 0.477320
v -1.298766 0.272310 0.561123
v -1.297867 0.089992 0.590000
v -1.296980 -0.090006 0.590000
v -1.296081 -0.272324 0.561123
v -1.295268 -0.436795 0.477320
v -1.294623 -0.567320 0.346793
v -1.294207 -0.651122 0.182320
v -1.294062 -0.679999 0.000000
v -1.294202 -0.651123 -0.182320
v -1.294613 -0.567320 -0.346793
v -1.295254 -0.436795 -0.477320
v -1.296064 -0.272324 -0.561123
v -1.296962 -0.090006 -0.590000
v -1.297850 0.089992 -0.590000
v -1.298749 0.272309 -0.561123
v -1.299561 0.436781 -0.477320
v -1.300207 0.567306 -0.346793
v -1.300622 0.651108 -0.182320
v -1.285376 0.680000 -0.000000
v -1.285370 0.651123 0.182320
v -1.285348 0.567320 0.346793
v -1.285312 0.436793 0.477320
v -1.285265 0.272320 0.561123
v -1.285212 0.090000 0.590000
v -1.285159 -0.090000 0.590000
v -1.285105 -0.272320 0.561123
v -1.285056 -0.436793 0.477320
v -1.285016 -0.567320 0.346793
v -1.284989 -0.651123 0.182320
v -1.284978 -0.680000 0.000000
v -1.284983 -0.651123 -0.182320
v -1.285006 -0.567320 -0.346793
v -1.285042 -0.436793 -0.477320
v -1.285089 -0.272320 -0.561123
v -1.285142 -0.090000 -0.590000
v -1.285194 0.090000 -0.590000
v -1.285248 0.272320 -0.561123
v -1.285298 0.436793 -0.477320
v -1.285338 0.567320 -0.346793
v -1.285365 0.651123 -0.182320
v -1.277236 0.680000 -0.000000
v -1.277239 0.651123 0.182320
v -1.277241 0.567320 0.346793
v -1.277243 0.436793 0.477320
v -1.277245 0.272320 0.561123
v -1.277245 0.090000 0.590000
v -1.277245 -0.090000 0.590000
v -1.277245 -0.272320 0.561123
v -1.277244 -0.436793 0.477320
v -1.277242 -0.567320 0.346793
v -1.277239 -0.651123 0.182320
v -1.277237 -0.680000 0.000000
v -1.277234 -0.651123 -0.182320
v -1.277231 -0.567320 -0.346793
v -1.277229 -0.436793 -0.477320
v -1.277228 -0.272320 -0.561123
v -1.277228 -0.090000 -0.590000
v -1.277228 0.090000 -0.590000
v -1.277228 0.272320 -0.561123
v -1.277229 0.436793 -0.477320
v -1.277231 0.567320 -0.346793
v -1.277233 0.651123 -0.182320
v -1.272722 0.680000 -0.000000
v -1.272725 0.651123 0.182320
v -1.272727 0.567320 0.346793
v -1.272729 0.436793 0.477320
v -1.272731 0.272320 0.561123
v -1.272731 0.090000 0.590000
v -1.272731 -0.090000 0.590000
v -1.272731 -0.272320 0.561123
v -1.272730 -0.436793 0.477320
v -1.272728 -0.567320 0.346793
v -1.272725 -0.651123 0.182320
v -1.272723 -0.680000 0.000000
v -1.272720 -0.651123 -0.182320
v -1.272717 -0.567320 -0.346793
v -1.272716 -0.436793 -0.477320
v -1.272714 -0.272320 -0.561123
v -1.272714 -0.090000 -0.590000
v -1.272714 0.090000 -0.590000
v -1.272714 0.272320 -0.561123
v -1.272715 0.436793 -0.477320
v -1.272717 0.567320 -0.346793
v -1.272720 0.651123 -0.182320
v -1.270815 0.680000 -0.000000
v -1.270818 0.651123 0.182320
v -1.270821 0.567320 0.346793
v -1.270823 0.436793 0.477320
v -1.270824 0.272320 0.561123
v -1.270824 0.090000 0.590000
v -1.270824 -0.090000 0.590000
v -1.270824 -0.272320 0.561123
v -1.270823 -0.436793 0.477320
v -1.270821 -0.567320 0.346793
v -1.270819 -0.651123 0.182320
v -1.270816 -0.680000 0.000000
v -1.270813 -0.651123 -0.182320
v -1.270811 -0.567320 -0.346793
v -1.270809 -0.436793 -0.477320
v -1.270808 -0.272320 -0.561123
v -1.270807 -0.090000 -0.590000
v -1.270807 0.090000 -0.590000
v -1.270807 0.272320 -0.561123
v -1.270809 0.436793 -0.477320
v -1.270810 0.567320 -0.346793
v -1.270813 0.651123 -0.182320
v -1.270755 0.680000 -0.000000
v -1.270758 0.651123 0.182320
v -1.270761 0.567320 0.346793
v -1.270763 0.436793 0.477320
v -1.270764 0.272320 0.561123
v -1.270764 0.090000 0.590000
v -1.270764 -0.090000 0.590000
v -1.270764 -0.272320 0.561123
v -1.270763 -0.436793 0.477320
v -1.270761 -0.567320 0.346793
v -1.270759 -0.651123 0.182320
v -1.270756 -0.680000 0.000000
v -1.270753 -0.651123 -0.182320
v -1.270751 -0.567320 -0.346793
v -1.270749 -0.436793 -0.477320
v -1.270747 -0.272320 -0.561123
v -1.270747 -0.090000 -0.590000
v -1.270747 0.090000 -0.590000
v -1.270747 0.272320 -0.561123
v -1.270748 0.436793 -0.477320
v -1.270750 0.567320 -0.346793
v -1.270753 0.651123 -0.182320
v -1.271839 0.680000 -0.000000
v -1.271841 0.651123 0.182320
v -1.271844 0.567320 0.346793
v -1.271846 0.436793 0.477320
v -1.271847 0.272320 0.561123
v -1.271848 0.090000 0.590000
v -1.271848 -0.090000 0.590000
v -1.271847 -0.272320 0.561123
v -1.271846 -0.436793 0.477320
v -1.271844 -0.567320 0.346793
v -1.271842 -0.651123 0.182320
v -1.271839 -0.680000 0.000000
v -1.271836 -0.651123 -0.182320
v -1.271834 -0.567320 -0.346793
v -1.271832 -0.436793 -0.477320
v -1.271831 -0.272320 -0.561123
v -1.271830 -0.090000 -0.590000
v -1.271830 0.090000 -0.590000
v -1.271830 0.272320 -0.561123
v -1.271832 0.436793 -0.477320
v -1.271834 0.567320 -0.346793
v -1.271836 0.651123 -0.182320
v -1.273421 0.680000 -0.000000
v -1.273424 0.651123 0.182320
v -1.273426 0.567320 0.346793
v -1.273428 0.436793 0.477320
v -1.273429 0.272320 0.561123
v -1.273430 0.090000 0.590000
v -1.273430 -0.090000 0.590000
v -1.273430 -0.272320 0.561123
v -1.273428 -0.436793 0.477320
v -1.273427 -0.567320 0.346793
v -1.273424 -0.651123 0.182320
v -1.273421 -0.680000 0.000000
v -1.273419 -0.651123 -0.182320
v -1.273416 -0.567320 -0.346793
v -1.273414 -0.436793 -0.477320
v -1.273413 -0.272320 -0.561123
v -1.273412 -0.090000 -0.590000
v -1.273412 0.090000 -0.590000
v -1.273413 0.272320 -0.561123
v -1.273414 0.436793 -0.477320
v -1.273416 0.567320 -0.346793
v -1.273418 0.651123 -0.182320
v -1.274916 0.680000 -0.000000
v -1.274918 0.651123 0.182320
v -1.274921 0.567320 0.346793
v -1.274923 0.436793 0.477320
v -1.274924 0.272320 0.561123
v -1.274925 0.090000 0.590000
v -1.274925 -0.090000 0.590000
v -1.274924 -0.272320 0.561123
v -1.274923 -0.436793 0.477320
v -1.274921 -0.567320 0.346793
v -1.274919 -0.651123 0.182320
v -1.274916 -0.680000 0.000000
v -1.274913 -0.651123 -0.182320
v -1.274911 -0.567320 -0.346793
v -1.274909 -0.436793 -0.477320
v -1.274908 -0.272320 -0.561123
v -1.274907 -0.090000 -0.590000
v -1.274907 0.090000 -0.590000
v -1.274907 0.272320 -0.561123
v -1.274909 0.436793 -0.477320
v -1.274910 0.567320 -0.346793
v -1.274913 0.651123 -0.182320
v -1.275795 0.680000 -0.000000
v -1.275797 0.651123 0.182320
v -1.275800 0.567320 0.346793
v -1.275802 0.436793 0.477320
v -1.275803 0.272320 0.561123
v -1.275803 0.090000 0.590000
v -1.275804 -0.090000 0.590000
v -1.275803 -0.272320 0.561123
v -1.275802 -0.436793 0.477320
v -1.275800 -0.567320 0.346793
v -1.275798 -0.651123 0.182320
v -1.275795 -0.680000 0.000000
v -1.275792 -0.651123 -0.182320
v -1.275790 -0.567320 -0.346793
v -1.275788 -0.436793 -0.477320
v -1.275787 -0.272320 -0.561123
v -1.275786 -0.090000 -0.590000
v -1.275786 0.090000 -0.590000
v -1.275786 0.272320 -0.561123
v -1.275788 0.436793 -0.477320
v -1.275789 0.567320 -0.346793
v -1.275792 0.651123 -0.182320
v -1.275588 0.680000 -0.000000
v -1.275590 0.651123 0.182320
v -1.275593 0.567320 0.346793
v -1.275595 0.436793 0.477320
v -1.275596 0.272320 0.561123
v -1.275596 0.090000 0.590000
v -1.275597 -0.090000 0.590000
v -1.275596 -0.272320 0.561123
v -1.275595 -0.436793 0.477320
v -1.275593 -0.567320 0.346793
v -1.275591 -0.651123 0.182320
v -1.275588 -0.680000 0.000000
v -1.275585 -0.651123 -0.182320
v -1.275583 -0.567320 -0.346793
v -1.275581 -0.436793 -0.477320
v -1.275580 -0.272320 -0.561123
v -1.275579 -0.090000 -0.590000
v -1.275579 0.090000 -0.590000
v -1.275579 0.272320 -0.561123
v -1.275581 0.436793 -0.477320
v -1.275582 0.567320 -0.346793
v -1.275585 0.651123 -0.182320
v -1.273883 0.680000 -0.000000
v -1.273885 0.651123 0.182320
v -1.273888 0.567320 0.346793
v -1.273890 0.436793 0.477320
v -1.273891 0.272320 0.561123
v -1.273892 0.090000 0.590000
v -1.273892 -0.090000 0.590000
v -1.273891 -0.272320 0.561123
v -1.273890 -0.436793 0.477320
v -1.273888 -0.567320 0.346793
v -1.273886 -0.651123 0.182320
v -1.273883 -0.680000 0.000000
v -1.273880 -0.651123 -0.182320
v -1.273878 -0.567320 -0.346793
v -1.273876 -0.436793 -0.477320
v -1.273875 -0.272320 -0.561123
v -1.273874 -0.090000 -0.590000
v -1.273874 0.090000 -0.590000
v -1.273875 0.272320 -0.561123
v -1.273876 0.436793 -0.477320
v -1.273878 0.567320 -0.346793
v -1.273880 0.651123 -0.182320
v -1.270327 0.680000 -0.000000
v -1.270330 0.651123 0.182320
v -1.270332 0.567320 0.346793
v -1.270334 0.436793 0.477320
v -1.270335 0.272320 0.561123
v -1.270336 0.090000 0.590000
v -1.270336 -0.090000 0.590000
v -1.270336 -0.272320 0.561123
v -1.270334 -0.436793 0.477320
v -1.270332 -0.567320 0.346793
v -1.270330 -0.651123 0.182320
v -1.270327 -0.680000 0.000000
v -1.270325 -0.651123 -0.182320
v -1.270322 -0.567320 -0.346793
v -1.270320 -0.436793 -0.477320
v -1.270319 -0.272320 -0.561123
v -1.270318 -0.090000 -0.590000
v -1.270318 0.090000 -0.590000
v -1.270319 0.272320 -0.561123
v -1.270320 0.436793 -0.477320
v -1.270322 0.567320 -0.346793
v -1.270324 0.651123 -0.182320
v -1.264624 0.680000 -0.000000
v -1.264627 0.651123 0.182320
v -1.264629 0.567320 0.346793
v -1.264631 0.436793 0.477320
v -1.264632 0.272320 0.561123
v -1.264633 0.090000 0.590000
v -1.264633 -0.090000 0.590000
v -1.264633 -0.272320 0.561123
v -1.264631 -0.436793 0.477320
v -1.264629 -0.567320 0.346793
v -1.264627 -0.651123 0.182320
v -1.264624 -0.680000 0.000000
v -1.264622 -0.651123 -0.182320
v -1.264619 -0.567320 -0.346793
v -1.264617 -0.436793 -0.477320
v -1.264616 -0.272320 -0.561123
v -1.264615 -0.090000 -0.590000
v -1.264615 0.090000 -0.590000
v -1.264616 0.272320 -0.561123
v -1.264617 0.436793 -0.477320
v -1.264619 0.567320 -0.346793
v -1.264621 0.651123 -0.182320
v -1.256537 0.680000 -0.000000
v -1.256539 0.651123 0.182320
v -1.256542 0.567320 0.346793
v -1.256544 0.436793 0.477320
v -1.256545 0.272320 0.561123
v -1.256546 0.090000 0.590000
v -1.256546 -0.090000 0.590000
v -1.256545 -0.272320 0.561123
v -1.256544 -0.436793 0.477320
v -1.256542 -0.567320 0.346793
v -1.256540 -0.651123 0.182320
v -1.256537 -0.680000 0.000000
v -1.256534 -0.651123 -0.182320
v -1.256532 -0.567320 -0.346793
v -1.256530 -0.436793 -0.477320
v -1.256529 -0.272320 -0.561123
v -1.256528 -0.090000 -0.590000
v -1.256528 0.090000 -0.590000
v -1.256528 0.272320 -0.561123
v -1.256530 0.436793 -0.477320
v -1.256532 0.567320 -0.346793
v -1.256534 0.651123 -0.182320
v -1.245886 0.680000 -0.000000
v -1.245889 0.651123 0.182320
v -1.245892 0.567320 0.346793
v -1.245893 0.436793 0.477320
v -1.245895 0.272320 0.561123
v -1.245895 0.090000 0.590000
v -1.245895 -0.090000 0.590000
v -1.245895 -0.272320 0.561123
v -1.245894 -0.436793 0.477320
v -1.245892 -0.567320 0.346793
v -1.245889 -0.651123 0.182320
v -1.245887 -0.680000 0.000000
v -1.245884 -0.651123 -0.182320
v -1.245882 -0.567320 -0.346793
v -1.245880 -0.436793 -0.477320
v -1.245878 -0.272320 -0.561123
v -1.245878 -0.090000 -0.590000
v -1.245878 0.090000 -0.590000
v -1.245878 0.272320 -0.561123
v -1.245879 0.436793 -0.477320
v -1.245881 0.567320 -0.346793
v -1.245884 0.651123 -0.182320
v -1.232552 0.680000 -0.000000
v -1.232554 0.651123 0.182320
v -1.232557 0.567320 0.346793
v -1.232559 0.436793 0.477320
v -1.232560 0.272320 0.561123
v -1.232561 0.090000 0.590000
v -1.232561 -0.090000 0.590000
v -1.232560 -0.272320 0.561123
v -1.232559 -0.436793 0.477320
v -1.232557 -0.567320 0.346793
v -1.232555 -0.651123 0.182320
v -1.232552 -0.680000 0.000000
v -1.232549 -0.651123 -0.182320
v -1.232547 -0.567320 -0.346793
v -1.232545 -0.436793 -0.477320
v -1.232544 -0.272320 -0.561123
v -1.232543 -0.090000 -0.590000
v -1.232543 0.090000 -0.590000
v -1.232543 0.272320 -0.561123
v -1.232545 0.436793 -0.477320
v -1.232546 0.567320 -0.346793
v -1.232549 0.651123 -0.182320
v -1.216470 0.680000 -0.000000
v -1.216473 0.651123 0.182320
v -1.216475 0.567320 0.346793
v -1.216477 0.436793 0.477320
v -1.216478 0.272320 0.561123
v -1.216479 0.090000 0.590000
v -1.216479 -0.090000 0.590000
v -1.216479 -0.272320 0.561123
v -1.216477 -0.436793 0.477320
v -1.216476 -0.567320 0.346793
v -1.216473 -0.651123 0.182320
v -1.216470 -0.680000 0.000000
v -1.216468 -0.651123 -0.182320
v -1.216465 -0.567320 -0.346793
v -1.216463 -0.436793 -0.477320
v -1.216462 -0.272320 -0.561123
v -1.216462 -0.090000 -0.590000
v -1.216461 0.090000 -0.590000
v -1.216462 0.272320 -0.561123
v -1.216463 0.436793 -0.477320
v -1.216465 0.567320 -0.346793
v -1.216467 0.651123 -0.182320
v -1.197637 0.680000 -0.000000
v -1.197640 0.651123 0.182320
v -1.197642 0.567320 0.346793
v -1.197644 0.436793 0.477320
v -1.197646 0.272320 0.561123
v -1.197646 0.090000 0.590000
v -1.197646 -0.090000 0.590000
v -1.197646 -0.272320 0.561123
v -1.197644 -0.436793 0.477320
v -1.197643 -0.567320 0.346793
v -1.197640 -0.651123 0.182320
v -1.197638 -0.680000 0.000000
v -1.197635 -0.651123 -0.182320
v -1.197632 -0.567320 -0.346793
v -1.197630 -0.436793 -0.477320
v -1.197629 -0.272320 -0.561123
v -1.197629 -0.090000 -0.590000
v -1.197628 0.090000 -0.590000
v -1.197629 0.272320 -0.561123
v -1.197630 0.436793 -0.477320
v -1.197632 0.567320 -0.346793
v -1.197634 0.651123 -0.182320
v -1.176106 0.680000 -0.000000
v -1.176109 0.651123 0.182320
v -1.176111 0.567320 0.346793
v -1.176113 0.436793 0.477320
v -1.176115 0.272320 0.561123
v -1.176115 0.090000 0.590000
v -1.176115 -0.090000 0.590000
v -1.176115 -0.272320 0.561123
v -1.176114 -0.436793 0.477320
v -1.176112 -0.567320 0.346793
v -1.176109 -0.651123 0.182320
v -1.176107 -0.680000 0.000000
v -1.176104 -0.651123 -0.182320
v -1.176101 -0.567320 -0.346793
v -1.176100 -0.436793 -0.477320
v -1.176098 -0.272320 -0.561123
v -1.176098 -0.090000 -0.590000
v -1.176098 0.090000 -0.590000
v -1.176098 0.272320 -0.561123
v -1.176099 0.436793 -0.477320
v -1.176101 0.567320 -0.346793
v -1.176104 0.651123 -0.182320
v -1.151981 0.680000 -0.000000
v -1.151984 0.651123 0.182320
v -1.151987 0.567320 0.346793
v -1.151989 0.436793 0.477320
v -1.151990 0.272320 0.561123
v -1.151990 0.090000 0.590000
v -1.151990 -0.090000 0.590000
v -1.151990 -0.272320 0.561123
v -1.151989 -0.436793 0.477320
v -1.151987 -0.567320 0.346793
v -1.151985 -0.651123 0.182320
v -1.151982 -0.680000 0.000000
v -1.151979 -0.651123 -0.182320
v -1.151977 -0.567320 -0.346793
v -1.151975 -0.436793 -0.477320
v -1.151973 -0.272320 -0.561123
v -1.151973 -0.090000 -0.590000
v -1.151973 0.090000 -0.590000
v -1.151973 0.272320 -0.561123
v -1.151974 0.436793 -0.477320
v -1.151976 0.567320 -0.346793
v -1.151979 0.651123 -0.182320
v -1.125382 0.680000 -0.000000
v -1.125385 0.651123 0.182320
v -1.125388 0.567320 0.346793
v -1.125389 0.436793 0.477320
v -1.125391 0.272320 0.561123
v -1.125391 0.090000 0.590000
v -1.125391 -0.090000 0.590000
v -1.125391 -0.272320 0.561123
v -1.125390 -0.436793 0.477320
v -1.125388 -0.567320 0.346793
v -1.125385 -0.651123 0.182320
v -1.125383 -0.680000 0.000000
v -1.125380 -0.651123 -0.182320
v -1.125378 -0.567320 -0.346793
v -1.125376 -0.436793 -0.477320
v -1.125374 -0.272320 -0.561123
v -1.125374 -0.090000 -0.590000
v -1.125374 0.090000 -0.590000
v -1.125374 0.272320 -0.561123
v -1.125375 0.436793 -0.477320
v -1.125377 0.567320 -0.346793
v -1.125380 0.651123 -0.182320
v -1.096427 0.680000 -0.000000
v -1.096429 0.651123 0.182320
v -1.096432 0.567320 0.346793
v -1.096434 0.436793 0.477320
v -1.096435 0.272320 0.561123
v -1.096436 0.090000 0.590000
v -1.096436 -0.090000 0.590000
v -1.096435 -0.272320 0.561123
v -1.096434 -0.436793 0.477320
v -1.096432 -0.567320 0.346793
v -1.096430 -0.651123 0.182320
v -1.096427 -0.680000 0.000000
v -1.096424 -0.651123 -0.182320
v -1.096422 -0.567320 -0.346793
v -1.096420 -0.436793 -0.477320
v -1.096419 -0.272320 -0.561123
v -1.096418 -0.090000 -0.590000
v -1.096418 0.090000 -0.590000
v -1.096418 0.272320 -0.561123
v -1.096420 0.436793 -0.477320
v -1.096421 0.567320 -0.346793
v -1.096424 0.651123 -0.182320
v -1.065231 0.680000 -0.000000
v -1.065233 0.651123 0.182320
v -1.065236 0.567320 0.346793
v -1.065238 0.436793 0.477320
v -1.065239 0.272320 0.561123
v -1.065240 0.090000 0.590000
v -1.065240 -0.090000 0.590000
v -1.065239 -0.272320 0.561123
v -1.065238 -0.436793 0.477320
v -1.065236 -0.567320 0.346793
v -1.065234 -0.651123 0.182320
v -1.065231 -0.680000 0.000000
v -1.065228 -0.651123 -0.182320
v -1.065226 -0.567320 -0.346793
v -1.065224 -0.436793 -0.477320
v -1.065223 -0.272320 -0.561123
v -1.065222 -0.090000 -0.590000
v -1.065222 0.090000 -0.590000
v -1.065222 0.272320 -0.561123
v -1.065224 0.436793 -0.477320
v -1.065225 0.567320 -0.346793
v -1.065228 0.651123 -0.182320
v -1.031909 0.680000 -0.000000
v -1.031911 0.651123 0.182320
v -1.031914 0.567320 0.346793
v -1.031916 0.436793 0.477320
v -1.031917 0.272320 0.561123
v -1.031917 0.090000 0.590000
v -1.031918 -0.090000 0.590000
v -1.031917 -0.272320 0.561123
v -1.031916 -0.436793 0.477320
v -1.031914 -0.567320 0.346793
v -1.031912 -0.651123 0.182320
v -1.031909 -0.680000 0.000000
v -1.031906 -0.651123 -0.182320
v -1.031904 -0.567320 -0.346793
v -1.031902 -0.436793 -0.477320
v -1.031901 -0.272320 -0.561123
v -1.031900 -0.090000 -0.590000
v -1.031900 0.090000 -0.590000
v -1.031900 0.272320 -0.561123
v -1.031902 0.436793 -0.477320
v -1.031903 0.567320 -0.346793
v -1.031906 0.651123 -0.182320
v -0.996572 0.680000 -0.000000
v -0.996575 0.651123 0.182320
v -0.996577 0.567320 0.346793
v -0.996579 0.436793 0.477320
v -0.996581 0.272320 0.561123
v -0.996581 0.090000 0.590000
v -0.996581 -0.090000 0.590000
v -0.996581 -0.272320 0.561123
v -0.996580 -0.436793 0.477320
v -0.996578 -0.567320 0.346793
v -0.996575 -0.651123 0.182320
v -0.996573 -0.680000 0.000000
v -0.996570 -0.651123 -0.182320
v -0.996568 -0.567320 -0.346793
v -0.996566 -0.436793 -0.477320
v -0.996564 -0.272320 -0.561123
v -0.996564 -0.090000 -0.590000
v -0.996564 0.090000 -0.590000
v -0.996564 0.272320 -0.561123
v -0.996565 0.436793 -0.477320
v -0.996567 0.567320 -0.346793
v -0.996570 0.651123 -0.182320
v -0.959332 0.680000 -0.000000
v -0.959335 0.651123 0.182320
v -0.959337 0.567320 0.346793
v -0.959339 0.436793 0.477320
v -0.959340 0.272320 0.561123
v -0.959341 0.090000 0.590000
v -0.959341 -0.090000 0.590000
v -0.959341 -0.272320 0.561123
v -0.959339 -0.436793 0.477320
v -0.959337 -0.567320 0.346793
v -0.959335 -0.651123 0.182320
v -0.959332 -0.680000 0.000000
v -0.959330 -0.651123 -0.182320
v -0.959327 -0.567320 -0.346793
v -0.959325 -0.436793 -0.477320
v -0.959324 -0.272320 -0.561123
v -0.959323 -0.090000 -0.590000
v -0.959323 0.090000 -0.590000
v -0.959324 0.272320 -0.561123
v -0.959325 0.436793 -0.477320
v -0.959327 0.567320 -0.346793
v -0.959329 0.651123 -0.182320
v -0.920296 0.680000 -0.000000
v -0.920299 0.651123 0.182320
v -0.920302 0.567320 0.346793
v -0.920304 0.436793 0.477320
v -0.920305 0.272320 0.561123
v -0.920305 0.090000 0.590000
v -0.920305 -0.090000 0.590000
v -0.920305 -0.272320 0.561123
v -0.920304 -0.436793 0.477320
v -0.920302 -0.567320 0.346793
v -0.920300 -0.651123 0.182320
v -0.920297 -0.680000 0.000000
v -0.920294 -0.651123 -0.182320
v -0.920292 -0.567320 -0.346793
v -0.920290 -0.436793 -0.477320
v -0.920289 -0.272320 -0.561123
v -0.920288 -0.090000 -0.590000
v -0.920288 0.090000 -0.590000
v -0.920288 0.272320 -0.561123
v -0.920290 0.436793 -0.477320
v -0.920291 0.567320 -0.346793
v -0.920294 0.651123 -0.182320
v -0.879571 0.680000 -0.000000
v -0.879574 0.651123 0.182320
v -0.879577 0.567320 0.346793
v -0.879579 0.436793 0.477320
v -0.879580 0.272320 0.561123
v -0.879580 0.090000 0.590000
v -0.879580 -0.090000 0.590000
v -0.879580 -0.272320 0.561123
v -0.879579 -0.436793 0.477320
v -0.879577 -0.567320 0.346793
v -0.879575 -0.651123 0.182320
v -0.879572 -0.680000 0.000000
v -0.879569 -0.651123 -0.182320
v -0.879567 -0.567320 -0.346793
v -0.879565 -0.436793 -0.477320
v -0.879563 -0.272320 -0.561123
v -0.879563 -0.090000 -0.590000
v -0.879563 0.090000 -0.590000
v -0.879563 0.272320 -0.561123
v -0.879564 0.436793 -0.477320
v -0.879566 0.567320 -0.346793
v -0.879569 0.651123 -0.182320
v -0.837262 0.680000 -0.000000
v -0.837264 0.651123 0.182320
v -0.837267 0.567320 0.346793
v -0.837269 0.436793 0.477320
v -0.837270 0.272320 0.561123
v -0.837271 0.090000 0.590000
v -0.837271 -0.090000 0.590000
v -0.837270 -0.272320 0.561123
v -0.837269 -0.436793 0.477320
v -0.837267 -0.567320 0.346793
v -0.837265 -0.651123 0.182320
v -0.837262 -0.680000 0.000000
v -0.837259 -0.651123 -0.182320
v -0.837257 -0.567320 -0.346793
v -0.837255 -0.436793 -0.477320
v -0.837254 -0.272320 -0.561123
v -0.837253 -0.090000 -0.590000
v -0.837253 0.090000 -0.590000
v -0.837253 0.272320 -0.561123
v -0.837255 0.436793 -0.477320
v -0.837257 0.567320 -0.346793
v -0.837259 0.651123 -0.182320
v -0.793470 0.680000 -0.000000
v -0.793472 0.651123 0.182320
v -0.793475 0.567320 0.346793
v -0.793477 0.436793 0.477320
v -0.793478 0.272320 0.561123
v -0.793479 0.090000 0.590000
v -0.793479 -0.090000 0.590000
v -0.793478 -0.272320 0.561123
v -0.793477 -0.436793 0.477320
v -0.793475 -0.567320 0.346793
v -0.793473 -0.651123 0.182320
v -0.793470 -0.680000 0.000000
v -0.793467 -0.651123 -0.182320
v -0.793465 -0.567320 -0.346793
v -0.793463 -0.436793 -0.477320
v -0.793462 -0.272320 -0.561123
v -0.793461 -0.090000 -0.590000
v -0.793461 0.090000 -0.590000
v -0.793461 0.272320 -0.561123
v -0.793463 0.436793 -0.477320
v -0.793465 0.567320 -0.346793
v -0.793467 0.651123 -0.182320
v -0.748296 0.680000 -0.000000
v -0.748299 0.651123 0.182320
v -0.748301 0.567320 0.346793
v -0.748303 0.436793 0.477320
v -0.748304 0.272320 0.561123
v -0.748305 0.090000 0.590000
v -0.748305 -0.090000 0.590000
v -0.748305 -0.272320 0.561123
v -0.748303 -0.436793 0.477320
v -0.748301 -0.567320 0.346793
v -0.748299 -0.651123 0.182320
v -0.748296 -0.680000 0.000000
v -0.748294 -0.651123 -0.182320
v -0.748291 -0.567320 -0.346793
v -0.748289 -0.436793 -0.477320
v -0.748288 -0.272320 -0.561123
v -0.748287 -0.090000 -0.590000
v -0.748287 0.090000 -0.590000
v -0.748288 0.272320 -0.561123
v -0.748289 0.436793 -0.477320
v -0.748291 0.567320 -0.346793
v -0.748293 0.651123 -0.182320
v -0.701839 0.680000 -0.000000
v -0.701842 0.651123 0.182320
v -0.701844 0.567320 0.346793
v -0.701846 0.436793 0.477320
v -0.701847 0.272320 0.561123
v -0.701848 0.090000 0.590000
v -0.701848 -0.090000 0.590000
v -0.701848 -0.272320 0.561123
v -0.701846 -0.436793 0.477320
v -0.701844 -0.567320 0.346793
v -0.701842 -0.651123 0.182320
v -0.701839 -0.680000 0.000000
v -0.701837 -0.651123 -0.182320
v -0.701834 -0.567320 -0.346793
v -0.701832 -0.436793 -0.477320
v -0.701831 -0.272320 -0.561123
v -0.701830 -0.090000 -0.590000
v -0.701830 0.090000 -0.590000
v -0.701831 0.272320 -0.561123
v -0.701832 0.436793 -0.477320
v -0.701834 0.567320 -0.346793
v -0.701836 0.651123 -0.182320
v -0.654195 0.680000 -0.000000
v -0.654198 0.651123 0.182320
v -0.654200 0.567320 0.346793
v -0.654202 0.436793 0.477320
v -0.654204 0.272320 0.561123
v -0.654204 0.090000 0.590000
v -0.654204 -0.090000 0.590000
v -0.654204 -0.272320 0.561123
v -0.654203 -0.436793 0.477320
v -0.654201 -0.567320 0.346793
v -0.654198 -0.651123 0.182320
v -0.654196 -0.680000 0.000000
v -0.654193 -0.651123 -0.182320
v -0.654191 -0.567320 -0.346793
v -0.654189 -0.436793 -0.477320
v -0.654187 -0.272320 -0.561123
v -0.654187 -0.090000 -0.590000
v -0.654187 0.090000 -0.590000
v -0.654187 0.272320 -0.561123
v -0.654188 0.436793 -0.477320
v -0.654190 0.567320 -0.346793
v -0.654193 0.651123 -0.182320
v -0.605460 0.680000 -0.000000
v -0.605463 0.651123 0.182320
v -0.605465 0.567320 0.346793
v -0.605467 0.436793 0.477320
v -0.605468 0.272320 0.561123
v -0.605469 0.090000 0.590000
v -0.605469 -0.090000 0.590000
v -0.605469 -0.272320 0.561123
v -0.605467 -0.436793 0.477320
v -0.605466 -0.567320 0.346793
v -0.605463 -0.651123 0.182320
v -0.605460 -0.680000 0.000000
v -0.605458 -0.651123 -0.182320
v -0.605455 -0.567320 -0.346793
v -0.605453 -0.436793 -0.477320
v -0.605452 -0.272320 -0.561123
v -0.605452 -0.090000 -0.590000
v -0.605451 0.090000 -0.590000
v -0.605452 0.272320 -0.561123
v -0.605453 0.436793 -0.477320
v -0.605455 0.567320 -0.346793
v -0.605457 0.651123 -0.182320
v -0.555726 0.680000 -0.000000
v -0.555728 0.651123 0.182320
v -0.555731 0.567320 0.346793
v -0.555733 0.436793 0.477320
v -0.555734 0.272320 0.561123
v -0.555734 0.090000 0.590000
v -0.555735 -0.090000 0.590000
v -0.555734 -0.272320 0.561123
v -0.555733 -0.436793 0.477320
v -0.555731 -0.567320 0.346793
v -0.555729 -0.651123 0.182320
v -0.555726 -0.680000 0.000000
v -0.555723 -0.651123 -0.182320
v -0.555721 -0.567320 -0.346793
v -0.555719 -0.436793 -0.477320
v -0.555718 -0.272320 -0.561123
v -0.555717 -0.090000 -0.590000
v -0.555717 0.090000 -0.590000
v -0.555717 0.272320 -0.561123
v -0.555719 0.436793 -0.477320
v -0.555720 0.567320 -0.346793
v -0.555723 0.651123 -0.182320
v -0.505083 0.680000 -0.000000
v -0.505086 0.651123 0.182320
v -0.505088 0.567320 0.346793
v -0.505090 0.436793 0.477320
v -0.505091 0.272320 0.561123
v -0.505092 0.090000 0.590000
v -0.505092 -0.090000 0.590000
v -0.505092 -0.272320 0.561123
v -0.505090 -0.436793 0.477320
v -0.505089 -0.567320 0.346793
v -0.505086 -0.651123 0.182320
v -0.505083 -0.680000 0.000000
v -0.505081 -0.651123 -0.182320
v -0.505078 -0.567320 -0.346793
v -0.505076 -0.436793 -0.477320
v -0.505075 -0.272320 -0.561123
v -0.505075 -0.090000 -0.590000
v -0.505074 0.090000 -0.590000
v -0.505075 0.272320 -0.561123
v -0.505076 0.436793 -0.477320
v -0.505078 0.567320 -0.346793
v -0.505080 0.651123 -0.182320
v -0.453621 0.680000 -0.000000
v -0.453624 0.651123 0.182320
v -0.453626 0.567320 0.346793
v -0.453628 0.436793 0.477320
v -0.453630 0.272320 0.561123
v -0.453630 0.090000 0.590000
v -0.453630 -0.090000 0.590000
v -0.453630 -0.272320 0.561123
v -0.453629 -0.436793 0.477320
v -0.453627 -0.567320 0.346793
v -0.453624 -0.651123 0.182320
v -0.453622 -0.680000 0.000000
v -0.453619 -0.651123 -0.182320
v -0.453616 -0.567320 -0.346793
v -0.453614 -0.436793 -0.477320
v -0.453613 -0.272320 -0.561123
v -0.453613 -0.090000 -0.590000
v -0.453613 0.090000 -0.590000
v -0.453613 0.272320 -0.561123
v -0.453614 0.436793 -0.477320
v -0.453616 0.567320 -0.346793
v -0.453618 0.651123 -0.182320
v -0.401426 0.680000 -0.000000
v -0.401428 0.651123 0.182320
v -0.401431 0.567320 0.346793
v -0.401433 0.436793 0.477320
v -0.401434 0.272320 0.561123
v -0.401434 0.090000 0.590000
v -0.401435 -0.090000 0.590000
v -0.401434 -0.272320 0.561123
v -0.401433 -0.436793 0.477320
v -0.401431 -0.567320 0.346793
v -0.401429 -0.651123 0.182320
v -0.401426 -0.680000 0.000000
v -0.401423 -0.651123 -0.182320
v -0.401421 -0.567320 -0.346793
v -0.401419 -0.436793 -0.477320
v -0.401418 -0.272320 -0.561123
v -0.401417 -0.090000 -0.590000
v -0.401417 0.090000 -0.590000
v -0.401417 0.272320 -0.561123
v -0.401419 0.436793 -0.477320
v -0.401420 0.567320 -0.346793
v -0.401423 0.651123 -0.182320
v -0.348575 0.680000 -0.000000
v -0.348578 0.651123 0.182320
v -0.348580 0.567320 0.346793
v -0.348582 0.436793 0.477320
v -0.348584 0.272320 0.561123
v -0.348584 0.090000 0.590000
v -0.348584 -0.090000 0.590000
v -0.348584 -0.272320 0.561123
v -0.348583 -0.436793 0.477320
v -0.348581 -0.567320 0.346793
v -0.348578 -0.651123 0.182320
v -0.348576 -0.680000 0.000000
v -0.348573 -0.651123 -0.182320
v -0.348570 -0.567320 -0.346793
v -0.348568 -0.436793 -0.477320
v -0.348567 -0.272320 -0.561123
v -0.348567 -0.090000 -0.590000
v -0.348567 0.090000 -0.590000
v -0.348567 0.272320 -0.561123
v -0.348568 0.436793 -0.477320
v -0.348570 0.567320 -0.346793
v -0.348572 0.651123 -0.182320
v -0.295141 0.680000 -0.000000
v -0.295143 0.651123 0.182320
v -0.295146 0.567320 0.346793
v -0.295148 0.436793 0.477320
v -0.295149 0.272320 0.561123
v -0.295150 0.090000 0.590000
v -0.295150 -0.090000 0.590000
v -0.295149 -0.272320 0.561123
v -0.295148 -0.436793 0.477320
v -0.295146 -0.567320 0.346793
v -0.295144 -0.651123 0.182320
v -0.295141 -0.680000 0.000000
v -0.295138 -0.651123 -0.182320
v -0.295136 -0.567320 -0.346793
v -0.295134 -0.436793 -0.477320
v -0.295133 -0.272320 -0.561123
v -0.295132 -0.090000 -0.590000
v -0.295132 0.090000 -0.590000
v -0.295132 0.272320 -0.561123
v -0.295134 0.436793 -0.477320
v -0.295136 0.567320 -0.346793
v -0.295138 0.651123 -0.182320
v -0.241184 0.680000 -0.000000
v -0.241187 0.651123 0.182320
v -0.241189 0.567320 0.346793
v -0.241191 0.436793 0.477320
v -0.241193 0.272320 0.561123
v -0.241193 0.090000 0.590000
v -0.241193 -0.090000 0.590000
v -0.241193 -0.272320 0.561123
v -0.241192 -0.436793 0.477320
v -0.241190 -0.567320 0.346793
v -0.241187 -0.651123 0.182320
v -0.241185 -0.680000 0.000000
v -0.241182 -0.651123 -0.182320
v -0.241180 -0.567320 -0.346793
v -0.241178 -0.436793 -0.477320
v -0.241176 -0.272320 -0.561123
v -0.241176 -0.090000 -0.590000
v -0.241176 0.090000 -0.590000
v -0.241176 0.272320 -0.561123
v -0.241177 0.436793 -0.477320
v -0.241179 0.567320 -0.346793
v -0.241182 0.651123 -0.182320
v -0.186760 0.680000 -0.000000
v -0.186763 0.651123 0.182320
v -0.186766 0.567320 0.346793
v -0.186768 0.436793 0.477320
v -0.186769 0.272320 0.561123
v -0.186769 0.090000 0.590000
v -0.186769 -0.090000 0.590000
v -0.186769 -0.272320 0.561123
v -0.186768 -0.436793 0.477320
v -0.186766 -0.567320 0.346793
v -0.186764 -0.651123 0.182320
v -0.186761 -0.680000 0.000000
v -0.186758 -0.651123 -0.182320
v -0.186756 -0.567320 -0.346793
v -0.186754 -0.436793 -0.477320
v -0.186752 -0.272320 -0.561123
v -0.186752 -0.090000 -0.590000
v -0.186752 0.090000 -0.590000
v -0.186752 0.272320 -0.561123
v -0.186753 0.436793 -0.477320
v -0.186755 0.567320 -0.346793
v -0.186758 0.651123 -0.182320
v -0.131915 0.680000 -0.000000
v -0.131918 0.651123 0.182320
v -0.131920 0.567320 0.346793
v -0.131922 0.436793 0.477320
v -0.131924 0.272320 0.561123
v -0.131924 0.090000 0.590000
v -0.131924 -0.090000 0.590000
v -0.131924 -0.272320 0.561123
v -0.131923 -0.436793 0.477320
v -0.131921 -0.567320 0.346793
v -0.131918 -0.651123 0.182320
v -0.131916 -0.680000 0.000000
v -0.131913 -0.651123 -0.182320
v -0.131910 -0.567320 -0.346793
v -0.131909 -0.436793 -0.477320
v -0.131907 -0.272320 -0.561123
v -0.131907 -0.090000 -0.590000
v -0.131907 0.090000 -0.590000
v -0.131907 0.272320 -0.561123
v -0.131908 0.436793 -0.477320
v -0.131910 0.567320 -0.346793
v -0.131913 0.651123 -0.182320
v -0.076686 0.680000 -0.000000
v -0.076689 0.651123 0.182320
v -0.076692 0.567320 0.346793
v -0.076694 0.436793 0.477320
v -0.076695 0.272320 0.561123
v -0.076695 0.090000 0.590000
v -0.076695 -0.090000 0.590000
v -0.076695 -0.272320 0.561123
v -0.076694 -0.436793 0.477320
v -0.076692 -0.567320 0.346793
v -0.076690 -0.651123 0.182320
v -0.076687 -0.680000 0.000000
v -0.076684 -0.651123 -0.182320
v -0.076682 -0.567320 -0.346793
v -0.076680 -0.436793 -0.477320
v -0.076678 -0.272320 -0.561123
v -0.076678 -0.090000 -0.590000
v -0.076678 0.090000 -0.590000
v -0.076678 0.272320 -0.561123
v -0.076679 0.436793 -0.477320
v -0.076681 0.567320 -0.346793
v -0.076684 0.651123 -0.182320
v -0.021104 0.680000 -0.000000
v -0.021107 0.651123 0.182320
v -0.021109 0.567320 0.346793
v -0.021111 0.436793 0.477320
v -0.021112 0.272320 0.561123
v -0.021113 0.090000 0.590000
v -0.021113 -0.090000 0.590000
v -0.021113 -0.272320 0.561123
v -0.021111 -0.436793 0.477320
v -0.021110 -0.567320 0.346793
v -0.021107 -0.651123 0.182320
v -0.021105 -0.680000 0.000000
v -0.021102 -0.651123 -0.182320
v -0.021099 -0.567320 -0.346793
v -0.021097 -0.436793 -0.477320
v -0.021096 -0.272320 -0.561123
v -0.021096 -0.090000 -0.590000
v -0.021096 0.090000 -0.590000
v -0.021096 0.272320 -0.561123
v -0.021097 0.436793 -0.477320
v -0.021099 0.567320 -0.346793
v -0.021101 0.651123 -0.182320
v 0.034811 0.680000 -0.000000
v 0.034808 0.651123 0.182320
v 0.034805 0.567320 0.346793
v 0.034803 0.436793 0.477320
v 0.034802 0.272320 0.561123
v 0.034802 0.090000 0.590000
v 0.034802 -0.090000 0.590000
v 0.034802 -0.272320 0.561123
v 0.034803 -0.436793 0.477320
v 0.034805 -0.567320 0.346793
v 0.034807 -0.651123 0.182320
v 0.034810 -0.680000 0.000000
v 0.034813 -0.651123 -0.182320
v 0.034815 -0.567320 -0.346793
v 0.034817 -0.436793 -0.477320
v 0.034819 -0.272320 -0.561123
v 0.034819 -0.090000 -0.590000
v 0.034819 0.090000 -0.590000
v 0.034819 0.272320 -0.561123
v 0.034818 0.436793 -0.477320
v 0.034816 0.567320 -0.346793
v 0.034813 0.651123 -0.182320
v 0.091044 0.680000 -0.000000
v 0.091041 0.651123 0.182320
v 0.091039 0.567320 0.346793
v 0.091037 0.436793 0.477320
v 0.091035 0.272320 0.561123
v 0.091035 0.090000 0.590000
v 0.091035 -0.090000 0.590000
v 0.091035 -0.272320 0.561123
v 0.091036 -0.436793 0.477320
v 0.091038 -0.567320 0.346793
v 0.091041 -0.651123 0.182320
v 0.091043 -0.680000 0.000000
v 0.091046 -0.651123 -0.182320
v 0.091049 -0.567320 -0.346793
v 0.091050 -0.436793 -0.477320
v 0.091052 -0.272320 -0.561123
v 0.091052 -0.090000 -0.590000
v 0.091052 0.090000 -0.590000
v 0.091052 0.272320 -0.561123
v 0.091051 0.436793 -0.477320
v 0.091049 0.567320 -0.346793
v 0.091046 0.651123 -0.182320
v 0.147591 0.680000 -0.000000
v 0.147588 0.651123 0.182320
v 0.147585 0.567320 0.346793
v 0.147583 0.436793 0.477320
v 0.147582 0.272320 0.561123
v 0.147582 0.090000 0.590000
v 0.147582 -0.090000 0.590000
v 0.147582 -0.272320 0.561123
v 0.147583 -0.436793 0.477320
v 0.147585 -0.567320 0.346793
v 0.147587 -0.651123 0.182320
v 0.147590 -0.680000 0.000000
v 0.147593 -0.651123 -0.182320
v 0.147595 -0.567320 -0.346793
v 0.147597 -0.436793 -0.477320
v 0.147599 -0.272320 -0.561123
v 0.147599 -0.090000 -0.590000
v 0.147599 0.090000 -0.590000
v 0.147599 0.272320 -0.561123
v 0.147598 0.436793 -0.477320
v 0.147596 0.567320 -0.346793
v 0.147593 0.651123 -0.182320
v 0.204454 0.680000 -0.000000
v 0.204451 0.651123 0.182320
v 0.204449 0.567320 0.346793
v 0.204447 0.436793 0.477320
v 0.204445 0.272320 0.561123
v 0.204445 0.090000 0.590000
v 0.204445 -0.090000 0.590000
v 0.204445 -0.272320 0.561123
v 0.204446 -0.436793 0.477320
v 0.204448 -0.567320 0.346793
v 0.204451 -0.651123 0.182320
v 0.204453 -0.680000 0.000000
v 0.204456 -0.651123 -0.182320
v 0.204459 -0.567320 -0.346793
v 0.204460 -0.436793 -0.477320
v 0.204462 -0.272320 -0.561123
v 0.204462 -0.090000 -0.590000
v 0.204462 0.090000 -0.590000
v 0.204462 0.272320 -0.561123
v 0.204461 0.436793 -0.477320
v 0.204459 0.567320 -0.346793
v 0.204456 0.651123 -0.182320
v 0.261644 0.680000 -0.000000
v 0.261642 0.651123 0.182320
v 0.261639 0.567320 0.346793
v 0.261637 0.436793 0.477320
v 0.261636 0.272320 0.561123
v 0.261636 0.090000 0.590000
v 0.261635 -0.090000 0.590000
v 0.261636 -0.272320 0.561123
v 0.261637 -0.436793 0.477320
v 0.261639 -0.567320 0.346793
v 0.261641 -0.651123 0.182320
v 0.261644 -0.680000 0.000000
v 0.261647 -0.651123 -0.182320
v 0.261649 -0.567320 -0.346793
v 0.261651 -0.436793 -0.477320
v 0.261652 -0.272320 -0.561123
v 0.261653 -0.090000 -0.590000
v 0.261653 0.090000 -0.590000
v 0.261653 0.272320 -0.561123
v 0.261651 0.436793 -0.477320
v 0.261650 0.567320 -0.346793
v 0.261647 0.651123 -0.182320
v 0.319182 0.680000 -0.000000
v 0.319179 0.651123 0.182320
v 0.319177 0.567320 0.346793
v 0.319175 0.436793 0.477320
v 0.319173 0.272320 0.561123
v 0.319173 0.090000 0.590000
v 0.319173 -0.090000 0.590000
v 0.319173 -0.272320 0.561123
v 0.319174 -0.436793 0.477320
v 0.319176 -0.567320 0.346793
v 0.319179 -0.651123 0.182320
v 0.319181 -0.680000 0.000000
v 0.319184 -0.651123 -0.182320
v 0.319187 -0.567320 -0.346793
v 0.319189 -0.436793 -0.477320
v 0.319190 -0.272320 -0.561123
v 0.319190 -0.090000 -0.590000
v 0.319190 0.090000 -0.590000
v 0.319190 0.272320 -0.561123
v 0.319189 0.436793 -0.477320
v 0.319187 0.567320 -0.346793
v 0.319185 0.651123 -0.182320
v 0.377094 0.680000 -0.000000
v 0.377091 0.651123 0.182320
v 0.377088 0.567320 0.346793
v 0.377087 0.436793 0.477320
v 0.377085 0.272320 0.561123
v 0.377085 0.090000 0.590000
v 0.377085 -0.090000 0.590000
v 0.377085 -0.272320 0.561123
v 0.377086 -0.436793 0.477320
v 0.377088 -0.567320 0.346793
v 0.377091 -0.651123 0.182320
v 0.377093 -0.680000 0.000000
v 0.377096 -0.651123 -0.182320
v 0.377098 -0.567320 -0.346793
v 0.377100 -0.436793 -0.477320
v 0.377102 -0.272320 -0.561123
v 0.377102 -0.090000 -0.590000
v 0.377102 0.090000 -0.590000
v 0.377102 0.272320 -0.561123
v 0.377101 0.436793 -0.477320
v 0.377099 0.567320 -0.346793
v 0.377096 0.651123 -0.182320
v 0.435415 0.680000 -0.000000
v 0.435412 0.651123 0.182320
v 0.435410 0.567320 0.346793
v 0.435408 0.436793 0.477320
v 0.435407 0.272320 0.561123
v 0.435406 0.090000 0.590000
v 0.435406 -0.090000 0.590000
v 0.435407 -0.272320 0.561123
v 0.435408 -0.436793 0.477320
v 0.435410 -0.567320 0.346793
v 0.435412 -0.651123 0.182320
v 0.435415 -0.680000 0.000000
v 0.435417 -0.651123 -0.182320
v 0.435420 -0.567320 -0.346793
v 0.435422 -0.436793 -0.477320
v 0.435423 -0.272320 -0.561123
v 0.435424 -0.090000 -0.590000
v 0.435424 0.090000 -0.590000
v 0.435423 0.272320 -0.561123
v 0.435422 0.436793 -0.477320
v 0.435420 0.567320 -0.346793
v 0.435418 0.651123 -0.182320
v 0.494190 0.680000 -0.000000
v 0.494188 0.651123 0.182320
v 0.494185 0.567320 0.346793
v 0.494183 0.436793 0.477320
v 0.494182 0.272320 0.561123
v 0.494182 0.090000 0.590000
v 0.494181 -0.090000 0.590000
v 0.494182 -0.272320 0.561123
v 0.494183 -0.436793 0.477320
v 0.494185 -0.567320 0.346793
v 0.494187 -0.651123 0.182320
v 0.494190 -0.680000 0.000000
v 0.494193 -0.651123 -0.182320
v 0.494195 -0.567320 -0.346793
v 0.494197 -0.436793 -0.477320
v 0.494198 -0.272320 -0.561123
v 0.494199 -0.090000 -0.590000
v 0.494199 0.090000 -0.590000
v 0.494199 0.272320 -0.561123
v 0.494197 0.436793 -0.477320
v 0.494196 0.567320 -0.346793
v 0.494193 0.651123 -0.182320
v 0.553471 0.680000 -0.000000
v 0.553468 0.651123 0.182320
v 0.553466 0.567320 0.346793
v 0.553464 0.436793 0.477320
v 0.553462 0.272320 0.561123
v 0.553462 0.090000 0.590000
v 0.553462 -0.090000 0.590000
v 0.553462 -0.272320 0.561123
v 0.553463 -0.436793 0.477320
v 0.553465 -0.567320 0.346793
v 0.553468 -0.651123 0.182320
v 0.553470 -0.680000 0.000000
v 0.553473 -0.651123 -0.182320
v 0.553476 -0.567320 -0.346793
v 0.553478 -0.436793 -0.477320
v 0.553479 -0.272320 -0.561123
v 0.553479 -0.090000 -0.590000
v 0.553479 0.090000 -0.590000
v 0.553479 0.272320 -0.561123
v 0.553478 0.436793 -0.477320
v 0.553476 0.567320 -0.346793
v 0.553474 0.651123 -0.182320
v 0.613312 0.680000 -0.000000
v 0.613309 0.651123 0.182320
v 0.613306 0.567320 0.346793
v 0.613304 0.436793 0.477320
v 0.613303 0.272320 0.561123
v 0.613303 0.090000 0.590000
v 0.613303 -0.090000 0.590000
v 0.613303 -0.272320 0.561123
v 0.613304 -0.436793 0.477320
v 0.613306 -0.567320 0.346793
v 0.613308 -0.651123 0.182320
v 0.613311 -0.680000 0.000000
v 0.613314 -0.651123 -0.182320
v 0.613316 -0.567320 -0.346793
v 0.613318 -0.436793 -0.477320
v 0.613320 -0.272320 -0.561123
v 0.613320 -0.090000 -0.590000
v 0.613320 0.090000 -0.590000
v 0.613320 0.272320 -0.561123
v 0.613319 0.436793 -0.477320
v 0.613317 0.567320 -0.346793
v 0.613314 0.651123 -0.182320
v 0.673760 0.680000 -0.000000
v 0.673757 0.651123 0.182320
v 0.673754 0.567320 0.346793
v 0.673752 0.436793 0.477320
v 0.673751 0.272320 0.561123
v 0.673751 0.090000 0.590000
v 0.673751 -0.090000 0.590000
v 0.673751 -0.272320 0.561123
v 0.673752 -0.436793 0.477320
v 0.673754 -0.567320 0.346793
v 0.673756 -0.651123 0.182320
v 0.673759 -0.680000 0.000000
v 0.673762 -0.651123 -0.182320
v 0.673764 -0.567320 -0.346793
v 0.673766 -0.436793 -0.477320
v 0.673768 -0.272320 -0.561123
v 0.673768 -0.090000 -0.590000
v 0.673768 0.090000 -0.590000
v 0.673768 0.272320 -0.561123
v 0.673766 0.436793 -0.477320
v 0.673765 0.567320 -0.346793
v 0.673762 0.651123 -0.182320
v 0.734852 0.680000 -0.000000
v 0.734850 0.651123 0.182320
v 0.734847 0.567320 0.346793
v 0.734845 0.436793 0.477320
v 0.734844 0.272320 0.561123
v 0.734843 0.090000 0.590000
v 0.734843 -0.090000 0.590000
v 0.734844 -0.272320 0.561123
v 0.734845 -0.436793 0.477320
v 0.734847 -0.567320 0.346793
v 0.734849 -0.651123 0.182320
v 0.734852 -0.680000 0.000000
v 0.734855 -0.651123 -0.182320
v 0.734857 -0.567320 -0.346793
v 0.734859 -0.436793 -0.477320
v 0.734860 -0.272320 -0.561123
v 0.734861 -0.090000 -0.590000
v 0.734861 0.090000 -0.590000
v 0.734861 0.272320 -0.561123
v 0.734859 0.436793 -0.477320
v 0.734857 0.567320 -0.346793
v 0.734855 0.651123 -0.182320
v 0.796617 0.680000 -0.000000
v 0.796614 0.651123 0.182320
v 0.796612 0.567320 0.346793
v 0.796610 0.436793 0.477320
v 0.796609 0.272320 0.561123
v 0.796608 0.090000 0.590000
v 0.796608 -0.090000 0.590000
v 0.796608 -0.272320 0.561123
v 0.796610 -0.436793 0.477320
v 0.796612 -0.567320 0.346793
v 0.796614 -0.651123 0.182320
v 0.796617 -0.680000 0.000000
v 0.796619 -0.651123 -0.182320
v 0.796622 -0.567320 -0.346793
v 0.796624 -0.436793 -0.477320
v 0.796625 -0.272320 -0.561123
v 0.796626 -0.090000 -0.590000
v 0.796626 0.090000 -0.590000
v 0.796625 0.272320 -0.561123
v 0.796624 0.436793 -0.477320
v 0.796622 0.567320 -0.346793
v 0.796620 0.651123 -0.182320
v 0.859071 0.680000 -0.000000
v 0.859069 0.651123 0.182320
v 0.859066 0.567320 0.346793
v 0.859064 0.436793 0.477320
v 0.859063 0.272320 0.561123
v 0.859062 0.090000 0.590000
v 0.859062 -0.090000 0.590000
v 0.859063 -0.272320 0.561123
v 0.859064 -0.436793 0.477320
v 0.859066 -0.567320 0.346793
v 0.859068 -0.651123 0.182320
v 0.859071 -0.680000 0.000000
v 0.859074 -0.651123 -0.182320
v 0.859076 -0.567320 -0.346793
v 0.859078 -0.436793 -0.477320
v 0.859079 -0.272320 -0.561123
v 0.859080 -0.090000 -0.590000
v 0.859080 0.090000 -0.590000
v 0.859080 0.272320 -0.561123
v 0.859078 0.436793 -0.477320
v 0.859076 0.567320 -0.346793
v 0.859074 0.651123 -0.182320
v 0.922223 0.680000 -0.000000
v 0.922220 0.651123 0.182320
v 0.922218 0.567320 0.346793
v 0.922216 0.436793 0.477320
v 0.922214 0.272320 0.561123
v 0.922214 0.090000 0.590000
v 0.922214 -0.090000 0.590000
v 0.922214 -0.272320 0.561123
v 0.922215 -0.436793 0.477320
v 0.922217 -0.567320 0.346793
v 0.922220 -0.651123 0.182320
v 0.922222 -0.680000 0.000000
v 0.922225 -0.651123 -0.182320
v 0.922228 -0.567320 -0.346793
v 0.922229 -0.436793 -0.477320
v 0.922231 -0.272320 -0.561123
v 0.922231 -0.090000 -0.590000
v 0.922231 0.090000 -0.590000
v 0.922231 0.272320 -0.561123
v 0.922230 0.436793 -0.477320
v 0.922228 0.567320 -0.346793
v 0.922225 0.651123 -0.182320
v 0.986069 0.680000 -0.000000
v 0.986066 0.651123 0.182320
v 0.986064 0.567320 0.346793
v 0.986062 0.436793 0.477320
v 0.986060 0.272320 0.561123
v 0.986060 0.090000 0.590000
v 0.986060 -0.090000 0.590000
v 0.986060 -0.272320 0.561123
v 0.986061 -0.436793 0.477320
v 0.986063 -0.567320 0.346793
v 0.986066 -0.651123 0.182320
v 0.986068 -0.680000 0.000000
v 0.986071 -0.651123 -0.182320
v 0.986073 -0.567320 -0.346793
v 0.986075 -0.436793 -0.477320
v 0.986077 -0.272320 -0.561123
v 0.986077 -0.090000 -0.590000
v 0.986077 0.090000 -0.590000
v 0.986077 0.272320 -0.561123
v 0.986076 0.436793 -0.477320
v 0.986074 0.567320 -0.346793
v 0.986071 0.651123 -0.182320
v 1.050597 0.680000 -0.000000
v 1.050594 0.651123 0.182320
v 1.050592 0.567320 0.346793
v 1.050590 0.436793 0.477320
v 1.050589 0.272320 0.561123
v 1.050588 0.090000 0.590000
v 1.050588 -0.090000 0.590000
v 1.050588 -0.272320 0.561123
v 1.050590 -0.436793 0.477320
v 1.050591 -0.567320 0.346793
v 1.050594 -0.651123 0.182320
v 1.050597 -0.680000 0.000000
v 1.050599 -0.651123 -0.182320
v 1.050602 -0.567320 -0.346793
v 1.050604 -0.436793 -0.477320
v 1.050605 -0.272320 -0.561123
v 1.050606 -0.090000 -0.590000
v 1.050606 0.090000 -0.590000
v 1.050605 0.272320 -0.561123
v 1.050604 0.436793 -0.477320
v 1.050602 0.567320 -0.346793
v 1.050600 0.651123 -0.182320
v 1.115785 0.680000 -0.000000
v 1.115783 0.651123 0.182320
v 1.115780 0.567320 0.346793
v 1.115778 0.436793 0.477320
v 1.115777 0.272320 0.561123
v 1.115777 0.090000 0.590000
v 1.115777 -0.090000 0.590000
v 1.115777 -0.272320 0.561123
v 1.115778 -0.436793 0.477320
v 1.115780 -0.567320 0.346793
v 1.115782 -0.651123 0.182320
v 1.115785 -0.680000 0.000000
v 1.115788 -0.651123 -0.182320
v 1.115790 -0.567320 -0.346793
v 1.115792 -0.436793 -0.477320
v 1.115793 -0.272320 -0.561123
v 1.115794 -0.090000 -0.590000
v 1.115794 0.090000 -0.590000
v 1.115794 0.272320 -0.561123
v 1.115793 0.436793 -0.477320
v 1.115791 0.567320 -0.346793
v 1.115788 0.651123 -0.182320
v 1.181602 0.680000 -0.000000
v 1.181599 0.651123 0.182320
v 1.181597 0.567320 0.346793
v 1.181595 0.436793 0.477320
v 1.181593 0.272320 0.561123
v 1.181593 0.090000 0.590000
v 1.181593 -0.090000 0.590000
v 1.181593 -0.272320 0.561123
v 1.181594 -0.436793 0.477320
v 1.181596 -0.567320 0.346793
v 1.181599 -0.651123 0.182320
v 1.181601 -0.680000 0.000000
v 1.181604 -0.651123 -0.182320
v 1.181607 -0.567320 -0.346793
v 1.181609 -0.436793 -0.477320
v 1.181610 -0.272320 -0.561123
v 1.181610 -0.090000 -0.590000
v 1.181610 0.090000 -0.590000
v 1.181610 0.272320 -0.561123
v 1.181609 0.436793 -0.477320
v 1.181607 0.567320 -0.346793
v 1.181605 0.651123 -0.182320
v 1.248004 0.680000 -0.000000
v 1.248001 0.651123 0.182320
v 1.247999 0.567320 0.346793
v 1.247997 0.436793 0.477320
v 1.247996 0.272320 0.561123
v 1.247995 0.090000 0.590000
v 1.247995 -0.090000 0.590000
v 1.247995 -0.272320 0.561123
v 1.247997 -0.436793 0.477320
v 1.247998 -0.567320 0.346793
v 1.248001 -0.651123 0.182320
v 1.248004 -0.680000 0.000000
v 1.248006 -0.651123 -0.182320
v 1.248009 -0.567320 -0.346793
v 1.248011 -0.436793 -0.477320
v 1.248012 -0.272320 -0.561123
v 1.248013 -0.090000 -0.590000
v 1.248013 0.090000 -0.590000
v 1.248012 0.272320 -0.561123
v 1.248011 0.436793 -0.477320
v 1.248009 0.567320 -0.346793
v 1.248007 0.651123 -0.182320
v 1.314940 0.680000 -0.000000
v 1.314937 0.651123 0.182320
v 1.314935 0.567320 0.346793
v 1.314933 0.436793 0.477320
v 1.314932 0.272320 0.561123
v 1.314931 0.090000 0.590000
v 1.314931 -0.090000 0.590000
v 1.314932 -0.272320 0.561123
v 1.314933 -0.436793 0.477320
v 1.314935 -0.567320 0.346793
v 1.314937 -0.651123 0.182320
v 1.314940 -0.680000 0.000000
v 1.314942 -0.651123 -0.182320
v 1.314945 -0.567320 -0.346793
v 1.314947 -0.436793 -0.477320
v 1.314948 -0.272320 -0.561123
v 1.314949 -0.090000 -0.590000
v 1.314949 0.090000 -0.590000
v 1.314948 0.272320 -0.561123
v 1.314947 0.436793 -0.477320
v 1.314945 0.567320 -0.346793
v 1.314943 0.651123 -0.182320
v 1.382348 0.680000 -0.000000
v 1.382346 0.651123 0.182320
v 1.382343 0.567320 0.346793
v 1.382341 0.436793 0.477320
v 1.382340 0.272320 0.561123
v 1.382339 0.090000 0.590000
v 1.382339 -0.090000 0.590000
v 1.382340 -0.272320 0.561123
v 1.382341 -0.436793 0.477320
v 1.382343 -0.567320 0.346793
v 1.382345 -0.651123 0.182320
v 1.382348 -0.680000 0.000000
v 1.382351 -0.651123 -0.182320
v 1.382353 -0.567320 -0.346793
v 1.382355 -0.436793 -0.477320
v 1.382356 -0.272320 -0.561123
v 1.382357 -0.090000 -0.590000
v 1.382357 0.090000 -0.590000
v 1.382357 0.272320 -0.561123
v 1.382355 0.436793 -0.477320
v 1.382353 0.567320 -0.346793
v 1.382351 0.651123 -0.182320
v 1.450157 0.680000 -0.000000
v 1.450154 0.651123 0.182320
v 1.450151 0.567320 0.346793
v 1.450149 0.436793 0.477320
v 1.450148 0.272320 0.561123
v 1.450148 0.090000 0.590000
v 1.450148 -0.090000 0.590000
v 1.450148 -0.272320 0.561123
v 1.450149 -0.436793 0.477320
v 1.450151 -0.567320 0.346793
v 1.450153 -0.651123 0.182320
v 1.450156 -0.680000 0.000000
v 1.450159 -0.651123 -0.182320
v 1.450161 -0.567320 -0.346793
v 1.450163 -0.436793 -0.477320
v 1.450165 -0.272320 -0.561123
v 1.450165 -0.090000 -0.590000
v 1.450165 0.090000 -0.590000
v 1.450165 0.272320 -0.561123
v 1.450164 0.436793 -0.477320
v 1.450162 0.567320 -0.346793
v 1.450159 0.651123 -0.182320
v 1.518283 0.680000 -0.000000
v 1.518281 0.651123 0.182320
v 1.518278 0.567320 0.346793
v 1.518276 0.436793 0.477320
v 1.518275 0.272320 0.561123
v 1.518274 0.090000 0.590000
v 1.518274 -0.090000 0.590000
v 1.518275 -0.272320 0.561123
v 1.518276 -0.436793 0.477320
v 1.518278 -0.567320 0.346793
v 1.518280 -0.651123 0.182320
v 1.518283 -0.680000 0.000000
v 1.518286 -0.651123 -0.182320
v 1.518288 -0.567320 -0.346793
v 1.518290 -0.436793 -0.477320
v 1.518291 -0.272320 -0.561123
v 1.518292 -0.090000 -0.590000
v 1.518292 0.090000 -0.590000
v 1.518291 0.272320 -0.561123
v 1.518290 0.436793 -0.477320
v 1.518288 0.567320 -0.346793
v 1.518286 0.651123 -0.182320
v 1.586637 0.680000 -0.000000
v 1.586634 0.651123 0.182320
v 1.586632 0.567320 0.346793
v 1.586630 0.436793 0.477320
v 1.586628 0.272320 0.561123
v 1.586628 0.090000 0.590000
v 1.586628 -0.090000 0.590000
v 1.586628 -0.272320 0.561123
v 1.586629 -0.436793 0.477320
v 1.586631 -0.567320 0.346793
v 1.586634 -0.651123 0.182320
v 1.586636 -0.680000 0.000000
v 1.586639 -0.651123 -0.182320
v 1.586642 -0.567320 -0.346793
v 1.586643 -0.436793 -0.477320
v 1.586645 -0.272320 -0.561123
v 1.586645 -0.090000 -0.590000
v 1.586645 0.090000 -0.590000
v 1.586645 0.272320 -0.561123
v 1.586644 0.436793 -0.477320
v 1.586642 0.567320 -0.346793
v 1.586639 0.651123 -0.182320
v 1.655151 0.680000 -0.000000
v 1.655146 0.651123 0.182320
v 1.655139 0.567320 0.346793
v 1.655131 0.436793 0.477320
v 1.655121 0.272320 0.561123
v 1.655111 0.090000 0.590000
v 1.655102 -0.090000 0.590000
v 1.655093 -0.272320 0.561123
v 1.655085 -0.436793 0.477320
v 1.655080 -0.567320 0.346793
v 1.655079 -0.651123 0.182320
v 1.655080 -0.680000 0.000000
v 1.655084 -0.651123 -0.182320
v 1.655091 -0.567320 -0.346793
v 1.655100 -0.436793 -0.477320
v 1.655109 -0.272320 -0.561123
v 1.655119 -0.090000 -0.590000
v 1.655129 0.090000 -0.590000
v 1.655138 0.272320 -0.561123
v 1.655145 0.436793 -0.477320
v 1.655150 0.567320 -0.346793
v 1.655152 0.651123 -0.182320
v 1.724432 0.679992 -0.000000
v 1.724394 0.651116 0.182320
v 1.724290 0.567313 0.346793
v 1.724130 0.436786 0.477320
v 1.723929 0.272313 0.561123
v 1.723707 0.089993 0.590000
v 1.723489 -0.090007 0.590000
v 1.723268 -0.272327 0.561123
v 1.723069 -0.436800 0.477320
v 1.722913 -0.567327 0.346793
v 1.722814 -0.651130 0.182320
v 1.722781 -0.680007 0.000000
v 1.722819 -0.651130 -0.182320
v 1.722923 -0.567327 -0.346793
v 1.723083 -0.436800 -0.477320
v 1.723284 -0.272327 -0.561123
v 1.723506 -0.090007 -0.590000
v 1.723725 0.089993 -0.590000
v 1.723945 0.272313 -0.561123
v 1.724144 0.436786 -0.477320
v 1.724300 0.567312 -0.346793
v 1.724400 0.651116 -0.182320
v 1.796665 0.679818 -0.000000
v 1.796463 0.650942 0.182320
v 1.795883 0.567141 0.346793
v 1.794981 0.436617 0.477320
v 1.793845 0.272148 0.561123
v 1.792587 0.089832 0.590000
v 1.791346 -0.090164 0.590000
v 1.790089 -0.272479 0.561123
v 1.788956 -0.436949 0.477320
v 1.788058 -0.567472 0.346793
v 1.787482 -0.651274 0.182320
v 1.787286 -0.680150 0.000000
v 1.787488 -0.651274 -0.182320
v 1.788068 -0.567473 -0.346793
v 1.788970 -0.436949 -0.477320
v 1.790106 -0.272480 -0.561123
v 1.791364 -0.090164 -0.590000
v 1.792605 0.089832 -0.590000
v 1.793862 0.272147 -0.561123
v 1.794995 0.436617 -0.477320
v 1.795893 0.567140 -0.346793
v 1.796469 0.650942 -0.182320
v 1.875139 0.678886 -0.000000
v 1.874495 0.650016 0.182320
v 1.872632 0.566234 0.346793
v 1.869733 0.435739 0.477320
v 1.866080 0.271307 0.561123
v 1.862032 0.089031 0.590000
v 1.858036 -0.090924 0.590000
v 1.853989 -0.273199 0.561123
v 1.850339 -0.437632 0.477320
v 1.847444 -0.568127 0.346793
v 1.845586 -0.651909 0.182320
v 1.844947 -0.680779 0.000000
v 1.845591 -0.651910 -0.182320
v 1.847454 -0.568127 -0.346793
v 1.850354 -0.437633 -0.477320
v 1.854006 -0.273200 -0.561123
v 1.858054 -0.090925 -0.590000
v 1.862050 0.089031 -0.590000
v 1.866097 0.271306 -0.561123
v 1.869747 0.435739 -0.477320
v 1.872643 0.566233 -0.346793
v 1.874501 0.650016 -0.182320
v 1.963402 0.675884 -0.000000
v 1.961879 0.647048 0.182320
v 1.957462 0.563361 0.346793
v 1.950586 0.433016 0.477320
v 1.941922 0.268771 0.561123
v 1.932318 0.086704 0.590000
v 1.922838 -0.093046 0.590000
v 1.913236 -0.275113 0.561123
v 1.904574 -0.439358 0.477320
v 1.897701 -0.569704 0.346793
v 1.893290 -0.653391 0.182320
v 1.891772 -0.682228 0.000000
v 1.893295 -0.653392 -0.182320
v 1.897712 -0.569705 -0.346793
v 1.904588 -0.439359 -0.477320
v 1.913252 -0.275115 -0.561123
v 1.922856 -0.093048 -0.590000
v 1.932336 0.086703 -0.590000
v 1.941938 0.268770 -0.561123
v 1.950600 0.433015 -0.477320
v 1.957473 0.563360 -0.346793
v 1.961884 0.647047 -0.182320
v 2.065130 0.668288 -0.000000
v 2.062121 0.639569 0.182320
v 2.053394 0.556221 0.346793
v 2.039804 0.426404 0.477320
v 2.022680 0.262824 0.561123
v 2.003699 0.081495 0.590000
v 1.984960 -0.097527 0.590000
v 1.965980 -0.278856 0.561123
v 1.948859 -0.442436 0.477320
v 1.935273 -0.572253 0.346793
v 1.926551 -0.655602 0.182320
v 1.923547 -0.684322 0.000000
v 1.926556 -0.655602 -0.182320
v 1.935283 -0.572255 -0.346793
v 1.948873 -0.442437 -0.477320
v 1.965997 -0.278858 -0.561123
v 1.984978 -0.097529 -0.590000
v 2.003717 0.081493 -0.590000
v 2.022697 0.262822 -0.561123
v 2.039818 0.426402 -0.477320
v 2.053405 0.556220 -0.346793
v 2.062127 0.639568 -0.182320
v 2.183737 0.651635 -0.000000
v 2.178479 0.623241 0.182320
v 2.163226 0.540838 0.346793
v 2.139470 0.412491 0.477320
v 2.109536 0.250765 0.561123
v 2.076356 0.071490 0.590000
v 2.043598 -0.105505 0.590000
v 2.010418 -0.284780 0.561123
v 1.980487 -0.446507 0.477320
v 1.956735 -0.574854 0.346793
v 1.941486 -0.657259 0.182320
v 1.936234 -0.685654 0.000000
v 1.941491 -0.657260 -0.182320
v 1.956745 -0.574856 -0.346793
v 1.980501 -0.446510 -0.477320
v 2.010435 -0.284783 -0.561123
v 2.043615 -0.105508 -0.590000
v 2.076373 0.071486 -0.590000
v 2.109553 0.250762 -0.561123
v 2.139484 0.412489 -0.477320
v 2.163236 0.540836 -0.346793
v 2.178485 0.623240 -0.182320
v 2.321028 0.618852 -0.000000
v 2.312666 0.591212 0.182320
v 2.288403 0.510999 0.346793
v 2.250613 0.386062 0.477320
v 2.202997 0.228632 0.561123
v 2.150215 0.054119 0.590000
v 2.098105 -0.118173 0.590000
v 2.045324 -0.292685 0.561123
v 1.997710 -0.450116 0.477320
v 1.959924 -0.575054 0.346793
v 1.935665 -0.655269 0.182320
v 1.927308 -0.682910 0.000000
v 1.935671 -0.655271 -0.182320
v 1.959934 -0.575057 -0.346793
v 1.997723 -0.450120 -0.477320
v 2.045340 -0.292690 -0.561123
v 2.098122 -0.118178 -0.590000
v 2.150232 0.054114 -0.590000
v 2.203013 0.228627 -0.561123
v 2.250627 0.386058 -0.477320
v 2.288413 0.510995 -0.346793
v 2.312671 0.591211 -0.182320
v 2.474479 0.560693 -0.000000
v 2.462247 0.534535 0.182320
v 2.426753 0.458620 0.346793
v 2.371470 0.340379 0.477320
v 2.301811 0.191385 0.561123
v 2.224595 0.026224 0.590000
v 2.148361 -0.136836 0.590000
v 2.071145 -0.301997 0.561123
v 2.001489 -0.450992 0.477320
v 1.946210 -0.569235 0.346793
v 1.910720 -0.645153 0.182320
v 1.898492 -0.671313 0.000000
v 1.910725 -0.645155 -0.182320
v 1.946219 -0.569240 -0.346793
v 2.001502 -0.450998 -0.477320
v 2.071160 -0.302005 -0.561123
v 2.148377 -0.136843 -0.590000
v 2.224611 0.026216 -0.590000
v 2.301826 0.191378 -0.561123
v 2.371483 0.340372 -0.477320
v 2.426762 0.458616 -0.346793
v 2.462252 0.534533 -0.182320
v 2.634481 0.469009 -0.000000
v 2.618002 0.445296 0.182320
v 2.570184 0.376475 0.346793
v 2.495707 0.269281 0.477320
v 2.401861 0.134210 0.561123
v 2.297833 -0.015519 0.590000
v 2.195129 -0.163343 0.590000
v 2.091101 -0.313073 0.561123
v 1.997258 -0.448146 0.477320
v 1.922783 -0.555341 0.346793
v 1.874969 -0.624166 0.182320
v 1.858495 -0.647882 0.000000
v 1.874974 -0.624169 -0.182320
v 1.922792 -0.555347 -0.346793
v 1.997269 -0.448154 -0.477320
v 2.091115 -0.313082 -0.561123
v 2.195143 -0.163353 -0.590000
v 2.297847 -0.015530 -0.590000
v 2.401875 0.134200 -0.561123
v 2.495718 0.269273 -0.477320
v 2.570193 0.376469 -0.346793
v 2.618007 0.445293 -0.182320
v 2.785793 0.342205 -0.000000
v 2.765318 0.321842 0.182320
v 2.705901 0.262744 0.346793
v 2.613358 0.170695 0.477320
v 2.496748 0.054706 0.561123
v 2.367486 -0.073870 0.590000
v 2.239868 -0.200811 0.590000
v 2.110606 -0.329387 0.561123
v 1.993998 -0.445379 0.477320
v 1.901458 -0.537431 0.346793
v 1.842045 -0.596532 0.182320
v 1.821573 -0.616899 0.000000
v 1.842048 -0.596536 -0.182320
v 1.901465 -0.537438 -0.346793
v 1.994008 -0.445389 -0.477320
v 2.110618 -0.329399 -0.561123
v 2.239881 -0.200823 -0.590000
v 2.367498 -0.073883 -0.590000
v 2.496760 0.054694 -0.561123
v 2.613368 0.170685 -0.477320
v 2.705908 0.262737 -0.346793
v 2.765322 0.321839 -0.182320
v 2.915007 0.187057 -0.000000
v 2.891332 0.170523 0.182320
v 2.822627 0.122537 0.346793
v 2.715619 0.047795 0.477320
v 2.580781 -0.046386 0.561123
v 2.431312 -0.150788 0.590000
v 2.283745 -0.253861 0.590000
v 2.134277 -0.358264 0.561123
v 1.999440 -0.452447 0.477320
v 1.892434 -0.527192 0.346793
v 1.823732 -0.575183 0.182320
v 1.800060 -0.591721 0.000000
v 1.823735 -0.575187 -0.182320
v 1.892440 -0.527201 -0.346793
v 1.999448 -0.452459 -0.477320
v 2.134286 -0.358278 -0.561123
v 2.283755 -0.253876 -0.590000
v 2.431322 -0.150802 -0.590000
v 2.580790 -0.046400 -0.561123
v 2.715627 0.047783 -0.477320
v 2.822633 0.122528 -0.346793
v 2.891335 0.170519 -0.182320
v 3.017180 0.013022 -0.000000
v 2.991287 0.000240 0.182320
v 2.916143 -0.036860 0.346793
v 2.799105 -0.094647 0.477320
v 2.651628 -0.167463 0.561123
v 2.488150 -0.248181 0.590000
v 2.326752 -0.327872 0.590000
v 2.163274 -0.408591 0.561123
v 2.015799 -0.481409 0.477320
v 1.898762 -0.539199 0.346793
v 1.823621 -0.576303 0.182320
v 1.797729 -0.589091 0.000000
v 1.823623 -0.576308 -0.182320
v 1.898767 -0.539208 -0.346793
v 2.015805 -0.481422 -0.477320
v 2.163281 -0.408606 -0.561123
v 2.326760 -0.327888 -0.590000
v 2.488158 -0.248197 -0.590000
v 2.651636 -0.167478 -0.561123
v 2.799111 -0.094660 -0.477320
v 2.916148 -0.036870 -0.346793
v 2.991289 0.000235 -0.182320
v 3.095017 -0.174880 -0.000000
v 3.067744 -0.184372 0.182320
v 2.988599 -0.211922 0.346793
v 2.865328 -0.254835 0.477320
v 2.709998 -0.308909 0.561123
v 2.537814 -0.368852 0.590000
v 2.367821 -0.428032 0.590000
v 2.195637 -0.487975 0.561123
v 2.040307 -0.542052 0.477320
v 1.917037 -0.584968 0.346793
v 1.837894 -0.612523 0.182320
v 1.810623 -0.622020 0.000000
v 1.837896 -0.612529 -0.182320
v 1.917041 -0.584978 -0.346793
v 2.040312 -0.542065 -0.477320
v 2.195642 -0.487991 -0.561123
v 2.367826 -0.428049 -0.590000
v 2.537819 -0.368868 -0.590000
v 2.710004 -0.308925 -0.561123
v 2.865333 -0.254848 -0.477320
v 2.988603 -0.211932 -0.346793
v 3.067746 -0.184377 -0.182320
v 3.153865 -0.377930 -0.000000
v 3.125799 -0.384722 0.182320
v 3.044348 -0.404437 0.346793
v 2.917485 -0.435147 0.477320
v 2.757629 -0.473845 0.561123
v 2.580427 -0.516742 0.590000
v 2.405481 -0.559095 0.590000
v 2.228280 -0.601993 0.561123
v 2.068424 -0.640693 0.477320
v 1.941562 -0.671407 0.346793
v 1.860112 -0.691127 0.182320
v 1.832047 -0.697924 0.000000
v 1.860114 -0.691133 -0.182320
v 1.941565 -0.671417 -0.346793
v 2.068427 -0.640707 -0.477320
v 2.228283 -0.602010 -0.561123
v 2.405485 -0.559112 -0.590000
v 2.580431 -0.516760 -0.590000
v 2.757633 -0.473861 -0.561123
v 2.917488 -0.435161 -0.477320
v 3.044350 -0.404447 -0.346793
v 3.125800 -0.384727 -0.182320
v 3.198257 -0.601586 -0.000000
v 3.169757 -0.606237 0.182320
v 3.087049 -0.619739 0.346793
v 2.958228 -0.640771 0.477320
v 2.795904 -0.667274 0.561123
v 2.615967 -0.696654 0.590000
v 2.438319 -0.725661 0.590000
v 2.258382 -0.755041 0.561123
v 2.096059 -0.781547 0.477320
v 1.967238 -0.802583 0.346793
v 1.884531 -0.816090 0.182320
v 1.856032 -0.820746 0.000000
v 1.884531 -0.816096 -0.182320
v 1.967240 -0.802593 -0.346793
v 2.096061 -0.781561 -0.477320
v 2.258385 -0.755058 -0.561123
v 2.438322 -0.725678 -0.590000
v 2.615969 -0.696672 -0.590000
v 2.795907 -0.667291 -0.561123
v 2.958230 -0.640785 -0.477320
v 3.087051 -0.619749 -0.346793
v 3.169758 -0.606242 -0.182320
v 3.230998 -0.853105 -0.000000
v 3.202275 -0.856080 0.182320
v 3.118918 -0.864718 0.346793
v 2.989087 -0.878175 0.477320
v 2.825490 -0.895133 0.561123
v 2.644142 -0.913932 0.590000
v 2.465102 -0.932492 0.590000
v 2.283753 -0.951292 0.561123
v 2.120157 -0.968252 0.477320
v 1.990326 -0.981713 0.346793
v 1.906970 -0.990356 0.182320
v 1.878247 -0.993336 0.000000
v 1.906970 -0.990362 -0.182320
v 1.990327 -0.981723 -0.346793
v 2.120158 -0.968266 -0.477320
v 2.283755 -0.951308 -0.561123
v 2.465103 -0.932510 -0.590000
v 2.644144 -0.913949 -0.590000
v 2.825492 -0.895150 -0.561123
v 2.989089 -0.878190 -0.477320
v 3.118919 -0.864729 -0.346793
v 3.202276 -0.856085 -0.182320
v 3.253448 -1.140231 -0.000000
v 3.224619 -1.141896 0.182320
v 3.140956 -1.146733 0.346793
v 3.010647 -1.154268 0.477320
v 2.846448 -1.163763 0.561123
v 2.664432 -1.174291 0.590000
v 2.484732 -1.184684 0.590000
v 2.302717 -1.195212 0.561123
v 2.138518 -1.204711 0.477320
v 2.008209 -1.212250 0.346793
v 1.924546 -1.217091 0.182320
v 1.895717 -1.218761 0.000000
v 1.924546 -1.217096 -0.182320
v 2.008209 -1.212260 -0.346793
v 2.138518 -1.204725 -0.477320
v 2.302717 -1.195229 -0.561123
v 2.484733 -1.184702 -0.590000
v 2.664433 -1.174308 -0.590000
v 2.846448 -1.163780 -0.561123
v 3.010647 -1.154282 -0.477320
v 3.140956 -1.146743 -0.346793
v 3.224619 -1.141901 -0.182320
v 3.266017 -1.471254 -0.000000
v 3.237147 -1.471866 0.182320
v 3.153363 -1.473651 0.346793
v 3.022865 -1.476432 0.477320
v 2.858429 -1.479937 0.561123
v 2.676151 -1.483824 0.590000
v 2.496192 -1.487662 0.590000
v 2.313913 -1.491549 0.561123
v 2.149477 -1.495057 0.477320
v 2.018980 -1.497842 0.346793
v 1.935196 -1.499632 0.182320
v 1.906326 -1.500250 0.000000
v 1.935196 -1.499637 -0.182320
v 2.018980 -1.497853 -0.346793
v 2.149477 -1.495072 -0.477320
v 2.313913 -1.491566 -0.561123
v 2.496192 -1.487679 -0.590000
v 2.676151 -1.483842 -0.590000
v 2.858429 -1.479954 -0.561123
v 3.022865 -1.476446 -0.477320
v 3.153363 -1.473661 -0.346793
v 3.237147 -1.471872 -0.182320
vn -0.9997 0.0231 -0.0000
vn -0.9985 0.0556 -0.0000
vn -0.9499 0.0529 -0.3081
vn -0.9511 0.0219 -0.3080
vn -0.9511 0.0219 0.3080
vn -0.9499 0.0529 0.3081
vn -0.8099 0.0187 0.5862
vn -0.8089 0.0450 0.5862
vn -0.5897 0.0136 0.8075
vn -0.5890 0.0328 0.8075
vn -0.3116 0.0072 0.9502
vn -0.3115 0.0173 0.9501
vn -0.0799 0.0018 0.9968
vn -0.0800 0.0044 0.9968
vn 0.0771 -0.0018 0.9970
vn 0.0767 -0.0042 0.9970
vn 0.3065 -0.0070 0.9518
vn 0.3056 -0.0169 0.9520
vn 0.5860 -0.0133 0.8102
vn 0.5848 -0.0322 0.8105
vn 0.8080 -0.0183 0.5890
vn 0.8067 -0.0444 0.5893
vn 0.9506 -0.0214 0.3097
vn 0.9493 -0.0522 0.3100
vn 0.9997 -0.0225 -0.0000
vn 0.9985 -0.0549 -0.0000
vn 0.9506 -0.0214 -0.3097
vn 0.9493 -0.0522 -0.3100
vn 0.8080 -0.0183 -0.5889
vn 0.8067 -0.0444 -0.5893
vn 0.5860 -0.0133 -0.8102
vn 0.5848 -0.0322 -0.8105
vn 0.3065 -0.0070 -0.9518
vn 0.3056 -0.0169 -0.9520
vn 0.0771 -0.0018 -0.9970
vn 0.0767 -0.0042 -0.9970
vn -0.0799 0.0018 -0.9968
vn -0.0800 0.0044 -0.9968
vn -0.3116 0.0072 -0.9502
vn -0.3115 0.0173 -0.9501
vn -0.5897 0.0136 -0.8075
vn -0.5890 0.0328 -0.8075
vn -0.8099 0.0187 -0.5862
vn -0.8089 0.0450 -0.5862
vn -0.9920 0.1259 -0.0000
vn -0.9439 0.1197 -0.3079
vn -0.9439 0.1197 0.3079
vn -0.8039 0.1019 0.5860
vn -0.5856 0.0742 0.8072
vn -0.3100 0.0393 0.9499
vn -0.0797 0.0101 0.9968
vn 0.0760 -0.0096 0.9971
vn 0.3032 -0.0382 0.9522
vn 0.5807 -0.0731 0.8108
vn 0.8014 -0.1007 0.5896
vn 0.9433 -0.1185 0.3101
vn 0.9922 -0.1246 -0.0000
vn 0.9433 -0.1185 -0.3101
vn 0.8014 -0.1007 -0.5896
vn 0.5807 -0.0731 -0.8108
vn 0.3032 -0.0382 -0.9522
vn 0.0760 -0.0096 -0.9971
vn -0.0797 0.0101 -0.9968
vn -0.3100 0.0393 -0.9499
vn -0.5856 0.0742 -0.8072
vn -0.8039 0.1019 -0.5860
vn -0.9784 0.2068 -0.0000
vn -0.9309 0.1967 -0.3077
vn -0.9309 0.1967 0.3077
vn -0.7930 0.1675 0.5857
vn -0.5779 0.1220 0.8069
vn -0.3062 0.0646 0.9498
vn -0.0789 0.0166 0.9967
vn 0.0746 -0.0157 0.9971
vn 0.2985 -0.0627 0.9523
vn 0.5725 -0.1200 0.8111
vn 0.7904 -0.1655 0.5898
vn 0.9305 -0.1946 0.3103
vn 0.9788 -0.2047 -0.0000
vn 0.9305 -0.1946 -0.3103
vn 0.7904 -0.1655 -0.5898
vn 0.5725 -0.1201 -0.8111
vn 0.2985 -0.0627 -0.9523
vn 0.0746 -0.0157 -0.9971
vn -0.0789 0.0166 -0.9967
vn -0.3062 0.0646 -0.9498
vn -0.5779 0.1220 -0.8069
vn -0.7930 0.1675 -0.5857
vn -0.9544 0.2986 -0.0000
vn -0.9081 0.2841 -0.3075
vn -0.9081 0.2841 0.3075
vn -0.7738 0.2420 0.5854
vn -0.5642 0.1764 0.8066
vn -0.2993 0.0935 0.9496
vn -0.0773 0.0241 0.9967
vn 0.0725 -0.0226 0.9971
vn 0.2907 -0.0904 0.9525
vn 0.5582 -0.1732 0.8114
vn 0.7712 -0.2388 0.5902
vn 0.9082 -0.2808 0.3105
vn 0.9554 -0.2953 -0.0000
vn 0.9082 -0.2808 -0.3105
vn 0.7711 -0.2388 -0.5902
vn 0.5582 -0.1732 -0.8114
vn 0.2907 -0.0904 -0.9525
vn 0.0725 -0.0226 -0.9971
vn -0.0773 0.0241 -0.9967
vn -0.2993 0.0935 -0.9496
vn -0.5642 0.1764 -0.8066
vn -0.7738 0.2420 -0.5854
vn -0.9164 0.4002 -0.0000
vn -0.8721 0.3808 -0.3073
vn -0.8721 0.3808 0.3073
vn -0.7432 0.3245 0.5851
vn -0.5421 0.2366 0.8063
vn -0.2880 0.1256 0.9494
vn -0.0745 0.0325 0.9967
vn 0.0693 -0.0301 0.9971
vn 0.2787 -0.1209 0.9527
vn 0.5360 -0.2320 0.8117
vn 0.7410 -0.3198 0.5905
vn 0.8731 -0.3758 0.3107
vn 0.9187 -0.3950 -0.0000
vn 0.8731 -0.3758 -0.3107
vn 0.7410 -0.3198 -0.5905
vn 0.5360 -0.2320 -0.8117
vn 0.2787 -0.1209 -0.9527
vn 0.0693 -0.0301 -0.9971
vn -0.0745 0.0325 -0.9967
vn -0.2880 0.1256 -0.9494
vn -0.5421 0.2366 -0.8063
vn -0.7432 0.3245 -0.5851
vn -0.8611 0.5084 -0.0000
vn -0.8195 0.4838 -0.3072
vn -0.8195 0.4838 0.3072
vn -0.6986 0.4123 0.5848
vn -0.5098 0.3008 0.8060
vn -0.2711 0.1599 0.9492
vn -0.0703 0.0415 0.9967
vn 0.0649 -0.0382 0.9972
vn 0.2615 -0.1535 0.9529
vn 0.5037 -0.2947 0.8120
vn 0.6973 -0.4059 0.5908
vn 0.8227 -0.4760 0.3108
vn 0.8663 -0.4996 -0.0000
vn 0.8227 -0.4760 -0.3108
vn 0.6973 -0.4060 -0.5908
vn 0.5037 -0.2947 -0.8120
vn 0.2615 -0.1535 -0.9529
vn 0.0649 -0.0382 -0.9972
vn -0.0703 0.0415 -0.9967
vn -0.2711 0.1599 -0.9492
vn -0.5098 0.3008 -0.8060
vn -0.6986 0.4123 -0.5848
vn -0.7866 0.6174 -0.0000
vn -0.7487 0.5876 -0.3070
vn -0.7487 0.5876 0.3070
vn -0.6383 0.5009 0.5846
vn -0.4659 0.3655 0.8058
vn -0.2480 0.1945 0.9490
vn -0.0644 0.0505 0.9966
vn 0.0591 -0.0463 0.9972
vn 0.2386 -0.1865 0.9531
vn 0.4601 -0.3584 0.8123
vn 0.6396 -0.4916 0.5909
vn 0.7585 -0.4674 0.4541
vn 0.6929 0.7210 -0.0000
vn 0.7584 -0.4676 -0.4541
vn 0.6396 -0.4917 -0.5909
vn 0.4601 -0.3585 -0.8123
vn 0.2385 -0.1865 -0.9531
vn 0.0591 -0.0463 -0.9972
vn -0.0644 0.0505 -0.9966
vn -0.2480 0.1945 -0.9490
vn -0.4659 0.3656 -0.8058
vn -0.6383 0.5009 -0.5846
vn -0.6940 0.7199 -0.0000
vn -0.6605 0.6852 -0.3070
vn -0.6605 0.6852 0.3070
vn -0.5631 0.5842 0.5845
vn -0.4111 0.4264 0.8057
vn -0.2188 0.2270 0.9490
vn -0.0569 0.0590 0.9966
vn 0.0520 -0.0540 0.9972
vn 0.2100 -0.2178 0.9531
vn 0.4038 -0.4203 0.8126
vn 0.5358 -0.4566 0.7102
vn -0.6282 0.7627 -0.1539
vn -0.6875 0.7262 -0.0000
vn -0.6284 0.7625 0.1540
vn 0.5356 -0.4568 -0.7102
vn 0.4038 -0.4203 -0.8126
vn 0.2100 -0.2178 -0.9531
vn 0.0520 -0.0540 -0.9972
vn -0.0569 0.0590 -0.9966
vn -0.2188 0.2270 -0.9490
vn -0.4111 0.4264 -0.8057
vn -0.5631 0.5842 -0.5845
vn -0.5880 0.8089 -0.0000
vn -0.5596 0.7698 -0.3070
vn -0.5596 0.7698 0.3070
vn -0.4770 0.6563 0.5846
vn -0.3481 0.4791 0.8058
vn -0.1852 0.2550 0.9490
vn -0.0481 0.0662 0.9966
vn 0.0440 -0.0608 0.9972
vn 0.1770 -0.2455 0.9531
vn 0.2747 -0.3617 0.8909
vn -0.5203 0.7226 -0.4550
vn -0.5648 0.7659 -0.3071
vn -0.5924 0.8056 -0.0000
vn -0.5649 0.7659 0.3071
vn -0.5207 0.7223 0.4550
vn 0.2743 -0.3620 -0.8909
vn 0.1770 -0.2455 -0.9531
vn 0.0440 -0.0608 -0.9972
vn -0.0481 0.0662 -0.9966
vn -0.1852 0.2550 -0.9490
vn -0.3481 0.4791 -0.8058
vn -0.4770 0.6563 -0.5846
vn -0.4760 0.8794 -0.0000
vn -0.4530 0.8369 -0.3072
vn -0.4530 0.8369 0.3072
vn -0.3861 0.7134 0.5848
vn -0.2816 0.5206 0.8060
vn -0.1497 0.2769 0.9492
vn -0.0388 0.0718 0.9967
vn 0.0356 -0.0663 0.9972
vn 0.1420 -0.2677 0.9530
vn -0.4387 0.4682 0.7670
vn -0.4118 0.6989 -0.5847
vn -0.4614 0.8323 -0.3072
vn -0.4835 0.8753 -0.0000
vn -0.4614 0.8323 0.3072
vn -0.4121 0.6988 0.5847
vn -0.4398 0.4670 -0.7671
vn 0.1420 -0.2678 -0.9530
vn 0.0356 -0.0663 -0.9972
vn -0.0388 0.0718 -0.9967
vn -0.1497 0.2769 -0.9492
vn -0.2816 0.5206 -0.8060
vn -0.3861 0.7134 -0.5848
vn -0.3665 0.9304 -0.0000
vn -0.3487 0.8854 -0.3074
vn -0.3487 0.8854 0.3074
vn -0.2971 0.7546 0.5851
vn -0.2166 0.5504 0.8063
vn -0.1149 0.2924 0.9494
vn -0.0297 0.0757 0.9967
vn 0.0274 -0.0705 0.9971
vn 0.1079 -0.2840 0.9527
vn -0.3642 0.5677 0.7383
vn -0.3189 0.7457 -0.5850
vn -0.3594 0.8811 -0.3074
vn -0.3762 0.9265 -0.0000
vn -0.3594 0.8811 0.3074
vn -0.3191 0.7457 0.5850
vn -0.3650 0.5672 -0.7383
vn 0.1079 -0.2840 -0.9527
vn 0.0274 -0.0705 -0.9971
vn -0.0297 0.0757 -0.9967
vn -0.1149 0.2924 -0.9494
vn -0.2165 0.5504 -0.8063
vn -0.2971 0.7546 -0.5851
vn -0.2663 0.9639 -0.0000
vn -0.2533 0.9172 -0.3076
vn -0.2533 0.9172 0.3076
vn -0.2157 0.7815 0.5855
vn -0.1571 0.5697 0.8067
vn -0.0832 0.3021 0.9496
vn -0.0214 0.0780 0.9967
vn 0.0199 -0.0734 0.9971
vn 0.0773 -0.2947 0.9525
vn -0.3562 0.6467 0.6745
vn -0.2456 0.7729 -0.5851
vn -0.2663 0.9135 -0.3076
vn -0.2780 0.9606 -0.0000
vn -0.2663 0.9135 0.3076
vn -0.2457 0.7728 0.5851
vn -0.3572 0.6464 -0.6742
vn 0.0772 -0.2947 -0.9525
vn 0.0199 -0.0734 -0.9971
vn -0.0214 0.0780 -0.9967
vn -0.0832 0.3021 -0.9496
vn -0.1571 0.5697 -0.8067
vn -0.2157 0.7815 -0.5855
vn -0.1801 0.9837 -0.0000
vn -0.1713 0.9359 -0.3079
vn -0.1713 0.9359 0.3079
vn -0.1458 0.7972 0.5859
vn -0.1060 0.5808 0.8071
vn -0.0560 0.3075 0.9499
vn -0.0144 0.0791 0.9968
vn 0.0134 -0.0753 0.9971
vn 0.0514 -0.3011 0.9522
vn -0.2933 -0.4400 0.8487
vn -0.4683 0.7623 -0.4467
vn -0.1877 0.9327 -0.3078
vn -0.1944 0.9809 -0.0000
vn -0.1877 0.9327 0.3078
vn -0.4690 0.7619 0.4467
vn -0.2946 -0.4397 -0.8484
vn 0.0514 -0.3011 -0.9522
vn 0.0134 -0.0753 -0.9971
vn -0.0144 0.0791 -0.9968
vn -0.0560 0.3075 -0.9499
vn -0.1060 0.5808 -0.8071
vn -0.1458 0.7972 -0.5859
vn -0.1104 0.9939 -0.0000
vn -0.1049 0.9455 -0.3081
vn -0.1049 0.9455 0.3081
vn -0.0892 0.8051 0.5863
vn -0.0648 0.5862 0.8076
vn -0.0341 0.3099 0.9502
vn -0.0087 0.0795 0.9968
vn 0.0081 -0.0765 0.9970
vn 0.0308 -0.3048 0.9519
vn -0.1070 -0.5893 0.8008
vn -0.8061 0.3412 0.4835
vn -0.1322 0.9421 -0.3081
vn -0.1311 0.9914 -0.0000
vn -0.1323 0.9421 0.3081
vn -0.8071 0.3411 -0.4818
vn -0.1076 -0.5892 -0.8008
vn 0.0307 -0.3048 -0.9519
vn 0.0081 -0.0765 -0.9970
vn -0.0087 0.0795 -0.9968
vn -0.0341 0.3099 -0.9502
vn -0.0648 0.5862 -0.8076
vn -0.0892 0.8051 -0.5863
vn -0.0582 0.9983 -0.0000
vn -0.0553 0.9497 -0.3084
vn -0.0553 0.9497 0.3084
vn -0.0470 0.8084 0.5868
vn -0.0340 0.5882 0.8080
vn -0.0178 0.3105 0.9504
vn -0.0045 0.0794 0.9968
vn 0.0042 -0.0773 0.9970
vn 0.0156 -0.3068 0.9517
vn 0.0218 -0.5864 0.8097
vn -0.0526 -0.6965 0.7156
vn -0.9986 -0.0386 0.0365
vn -0.9917 -0.1286 -0.0000
vn -0.9986 -0.0387 -0.0366
vn -0.0528 -0.6965 -0.7156
vn 0.0217 -0.5864 -0.8097
vn 0.0155 -0.3068 -0.9517
vn 0.0042 -0.0773 -0.9970
vn -0.0045 0.0794 -0.9968
vn -0.0178 0.3105 -0.9504
vn -0.0340 0.5882 -0.8080
vn -0.0470 0.8084 -0.5868
vn -0.0237 0.9997 -0.0000
vn -0.0225 0.9509 -0.3086
vn -0.0225 0.9509 0.3086
vn -0.0191 0.8092 0.5872
vn -0.0137 0.5885 0.8084
vn -0.0071 0.3101 0.9507
vn -0.0018 0.0791 0.9969
vn 0.0016 -0.0778 0.9970
vn 0.0058 -0.3079 0.9514
vn 0.0090 -0.5871 0.8095
vn 0.0041 -0.8090 0.5878
vn -0.0594 -0.9496 0.3078
vn -0.1119 -0.9937 -0.0000
vn -0.0595 -0.9496 -0.3078
vn 0.0040 -0.8090 -0.5878
vn 0.0090 -0.5871 -0.8095
vn 0.0058 -0.3079 -0.9514
vn 0.0016 -0.0778 -0.9970
vn -0.0018 0.0791 -0.9969
vn -0.0071 0.3101 -0.9507
vn -0.0137 0.5885 -0.8084
vn -0.0190 0.8092 -0.5872
vn -0.0059 1.0000 -0.0000
vn -0.0056 0.9511 -0.3089
vn -0.0056 0.9511 0.3089
vn -0.0047 0.8092 0.5875
vn -0.0033 0.5881 0.8088
vn -0.0017 0.3094 0.9509
vn -0.0004 0.0787 0.9969
vn 0.0003 -0.0783 0.9969
vn 0.0012 -0.3087 0.9512
vn 0.0018 -0.5876 0.8092
vn 0.0017 -0.8090 0.5879
vn 0.0012 -0.9510 0.3090
vn 0.0008 -1.0000 -0.0000
vn 0.0012 -0.9510 -0.3090
vn 0.0017 -0.8090 -0.5879
vn 0.0018 -0.5876 -0.8092
vn 0.0012 -0.3087 -0.9512
vn 0.0003 -0.0783 -0.9969
vn -0.0004 0.0787 -0.9969
vn -0.0017 0.3094 -0.9509
vn -0.0033 0.5881 -0.8088
vn -0.0047 0.8092 -0.5875
vn -0.0005 1.0000 -0.0000
vn -0.0005 0.9511 -0.3090
vn -0.0005 0.9511 0.3090
vn -0.0004 0.8090 0.5878
vn -0.0003 0.5878 0.8090
vn -0.0001 0.3091 0.9510
vn -0.0000 0.0785 0.9969
vn -0.0000 -0.0784 0.9969
vn -0.0000 -0.3090 0.9511
vn -0.0000 -0.5878 0.8090
vn -0.0000 -0.8090 0.5878
vn -0.0000 -0.9511 0.3090
vn -0.0001 -1.0000 -0.0000
vn -0.0000 -0.9511 -0.3090
vn -0.0000 -0.8090 -0.5878
vn -0.0000 -0.5878 -0.8090
vn -0.0000 -0.3090 -0.9511
vn -0.0000 -0.0784 -0.9969
vn -0.0000 0.0785 -0.9969
vn -0.0001 0.3091 -0.9510
vn -0.0003 0.5878 -0.8090
vn -0.0004 0.8090 -0.5878
vn -0.0000 1.0000 -0.0000
vn -0.0000 0.9511 -0.3090
vn -0.0000 0.9511 0.3090
vn -0.0000 0.8090 0.5878
vn -0.0000 0.5878 0.8090
vn -0.0000 0.3090 0.9511
vn -0.0000 -0.0785 0.9969
vn -0.0000 -1.0000 -0.0000
vn -0.0000 -0.0785 -0.9969
vn -0.0000 0.3090 -0.9511
vn -0.0000 0.5878 -0.8090
vn -0.0000 0.8090 -0.5878
vn -0.0009 1.0000 -0.0001
vn -0.0011 0.9510 -0.3091
vn -0.0008 0.9510 0.3091
vn -0.0010 0.8090 0.5878
vn -0.0012 0.5879 0.8090
vn -0.0011 0.3091 0.9510
vn -0.0010 0.0785 0.9969
vn -0.0010 -0.0784 0.9969
vn -0.0010 -0.3091 0.9510
vn -0.0010 -0.5877 0.8091
vn -0.0010 -0.8089 0.5879
vn -0.0011 -0.9510 0.3091
vn -0.0009 -1.0000 0.0001
vn -0.0008 -0.9510 -0.3091
vn -0.0010 -0.8090 -0.5878
vn -0.0012 -0.5877 -0.8090
vn -0.0011 -0.3089 -0.9511
vn -0.0010 -0.0785 -0.9969
vn -0.0010 0.0784 -0.9969
vn -0.0010 0.3088 -0.9511
vn -0.0010 0.5877 -0.8091
vn -0.0010 0.8091 -0.5877
vn -0.9909 -0.1148 -0.0702
vn -0.9969 -0.0773 0.0119
vn -0.9869 -0.1608 0.0142
vn -0.9956 -0.0839 -0.0408
vn -0.9903 0.0457 -0.1311
vn -0.9895 0.0525 -0.1350
vn -0.9987 -0.0041 -0.0505
vn -0.9987 0.0212 -0.0467
vn -0.9890 -0.0449 -0.1408
vn -0.9971 0.0709 -0.0269
vn -0.9845 0.1736 0.0240
vn -0.9961 0.0874 0.0080
vn -0.9914 0.1164 0.0600
vn -0.9826 0.1771 -0.0561
vn -0.9953 0.0953 0.0183
vn -0.9942 0.0854 0.0648
vn -0.9940 0.0892 0.0633
vn -0.9987 0.0041 0.0505
vn -0.9951 -0.0926 0.0352
vn -0.9679 -0.2511 0.0118
vn -0.9879 -0.1256 0.0906
vn -0.9842 0.0161 0.1762
vn 0.0001 -0.9511 0.3090
vn 0.0001 -0.9511 -0.3090
vn 0.0001 -0.8090 -0.5878
vn 0.0001 -0.5878 -0.8090
vn 0.0001 0.3090 -0.9511
vn 0.0001 0.9511 -0.3090
vn 0.0001 0.9511 0.3090
vn 0.0001 0.8090 0.5878
vn 0.0001 0.5878 0.8090
vn 0.0001 -0.3090 0.9511
vn -0.0000 -0.9510 -0.3090
vn -0.9871 0.1210 0.1047
vn -0.9946 0.0842 0.0603
vn -0.9975 0.0600 0.0364
vn -0.9939 -0.0238 0.1081
vn -0.9904 0.0617 0.1239
vn -0.9611 0.2761 0.0113
vn -0.9873 0.1572 0.0246
vn -0.9870 0.1444 0.0705
vn -0.9595 0.2279 0.1654
vn -0.9158 -0.3353 -0.2209
vn -0.9065 -0.3692 -0.2047
vn -0.9988 -0.0417 0.0238
vn -0.9766 -0.1065 -0.1867
vn -0.9765 0.0145 -0.2151
vn -0.9761 0.0734 -0.2045
vn -0.9780 0.0783 -0.1932
vn -0.9889 -0.1095 -0.1007
vn -0.9872 -0.1572 -0.0248
vn -0.9917 -0.1103 -0.0656
vn -0.9960 -0.0376 -0.0805
vn -0.9542 -0.0607 -0.2931
vn -0.9795 -0.0671 -0.1901
vn -0.0001 1.0000 -0.0000
vn -0.0002 0.9511 -0.3090
vn -0.0002 0.9510 0.3091
vn -0.0002 0.8090 0.5878
vn -0.0002 0.5878 0.8090
vn -0.0001 0.3090 0.9510
vn -0.0001 0.0785 0.9969
vn -0.0001 -0.0784 0.9969
vn -0.0001 -0.3090 0.9511
vn -0.0001 -0.5878 0.8090
vn -0.0001 -0.8091 0.5877
vn -0.0002 -0.9511 0.3090
vn -0.0002 -0.9511 -0.3090
vn -0.0002 -0.8090 -0.5878
vn -0.0002 -0.5878 -0.8090
vn -0.0001 -0.3091 -0.9510
vn -0.0001 -0.0785 -0.9969
vn -0.0001 0.0784 -0.9969
vn -0.0001 0.3090 -0.9511
vn -0.0001 0.5878 -0.8090
vn -0.0001 0.8090 -0.5878
vn 0.0001 1.0000 -0.0000
vn 0.0013 1.0000 -0.0000
vn 0.0012 0.9511 -0.3090
vn 0.0012 0.9511 0.3090
vn 0.0010 0.8091 0.5877
vn 0.0007 0.5879 0.8090
vn 0.0004 0.3091 0.9510
vn 0.0001 0.0785 0.9969
vn -0.0004 -0.3089 0.9511
vn -0.0007 -0.5877 0.8091
vn -0.0009 -0.8090 0.5878
vn -0.0011 -0.9510 0.3090
vn -0.0012 -1.0000 -0.0000
vn -0.0011 -0.9510 -0.3090
vn -0.0009 -0.8090 -0.5878
vn -0.0007 -0.5877 -0.8091
vn -0.0004 -0.3089 -0.9511
vn -0.0001 -0.0784 -0.9969
vn 0.0001 0.0785 -0.9969
vn 0.0004 0.3091 -0.9510
vn 0.0007 0.5879 -0.8090
vn 0.0010 0.8091 -0.5877
vn 0.0071 1.0000 -0.0000
vn 0.0068 0.9511 -0.3089
vn 0.0068 0.9511 0.3089
vn 0.0058 0.8092 0.5876
vn 0.0042 0.5881 0.8088
vn 0.0022 0.3094 0.9509
vn 0.0005 0.0787 0.9969
vn -0.0005 -0.0782 0.9969
vn -0.0021 -0.3086 0.9512
vn -0.0039 -0.5875 0.8092
vn -0.0054 -0.8089 0.5880
vn -0.0063 -0.9510 0.3091
vn -0.0066 -1.0000 -0.0000
vn -0.0063 -0.9510 -0.3091
vn -0.0054 -0.8089 -0.5880
vn -0.0039 -0.5875 -0.8092
vn -0.0021 -0.3086 -0.9512
vn -0.0005 -0.0782 -0.9969
vn 0.0005 0.0787 -0.9969
vn 0.0022 0.3094 -0.9509
vn 0.0042 0.5881 -0.8088
vn 0.0058 0.8092 -0.5876
vn 0.0229 0.9997 -0.0000
vn 0.0218 0.9509 -0.3087
vn 0.0218 0.9509 0.3087
vn 0.0185 0.8092 0.5873
vn 0.0134 0.5884 0.8085
vn 0.0070 0.3099 0.9507
vn 0.0018 0.0790 0.9969
vn -0.0017 -0.0779 0.9970
vn -0.0067 -0.3080 0.9514
vn -0.0126 -0.5870 0.8095
vn -0.0171 -0.8085 0.5883
vn -0.0200 -0.9508 0.3093
vn -0.0210 -0.9998 -0.0000
vn -0.0200 -0.9508 -0.3093
vn -0.0172 -0.8085 -0.5883
vn -0.0126 -0.5870 -0.8095
vn -0.0067 -0.3080 -0.9514
vn -0.0017 -0.0779 -0.9970
vn 0.0018 0.0790 -0.9969
vn 0.0070 0.3099 -0.9507
vn 0.0134 0.5884 -0.8085
vn 0.0185 0.8092 -0.5873
vn 0.0542 0.9985 -0.0000
vn 0.0515 0.9499 -0.3084
vn 0.0515 0.9499 0.3084
vn 0.0438 0.8085 0.5868
vn 0.0317 0.5883 0.8081
vn 0.0166 0.3104 0.9505
vn 0.0042 0.0793 0.9968
vn -0.0040 -0.0774 0.9970
vn -0.0158 -0.3069 0.9516
vn -0.0296 -0.5858 0.8099
vn -0.0401 -0.8074 0.5886
vn -0.0464 -0.9498 0.3095
vn -0.0485 -0.9988 -0.0000
vn -0.0464 -0.9498 -0.3095
vn -0.0401 -0.8074 -0.5886
vn -0.0296 -0.5858 -0.8099
vn -0.0158 -0.3069 -0.9516
vn -0.0040 -0.0774 -0.9970
vn 0.0042 0.0793 -0.9968
vn 0.0166 0.3104 -0.9505
vn 0.0317 0.5883 -0.8081
vn 0.0438 0.8085 -0.5868
vn 0.1068 0.9943 -0.0000
vn 0.1015 0.9459 -0.3081
vn 0.1015 0.9459 0.3081
vn 0.0863 0.8055 0.5862
vn 0.0626 0.5866 0.8075
vn 0.0330 0.3102 0.9501
vn 0.0084 0.0796 0.9968
vn -0.0079 -0.0765 0.9970
vn -0.0309 -0.3047 0.9519
vn -0.0575 -0.5831 0.8103
vn -0.0759 -0.8046 0.5889
vn -0.0847 -0.9471 0.3095
vn -0.0868 -0.9962 -0.0000
vn -0.0847 -0.9471 -0.3095
vn -0.0759 -0.8046 -0.5889
vn -0.0575 -0.5831 -0.8103
vn -0.0309 -0.3047 -0.9519
vn -0.0079 -0.0765 -0.9970
vn 0.0084 0.0796 -0.9968
vn 0.0330 0.3102 -0.9501
vn 0.0626 0.5866 -0.8075
vn 0.0863 0.8055 -0.5862
vn 0.1858 0.9826 -0.0000
vn 0.1767 0.9350 -0.3076
vn 0.1767 0.9350 0.3076
vn 0.1504 0.7966 0.5855
vn 0.1093 0.5807 0.8068
vn 0.0578 0.3079 0.9497
vn 0.0148 0.0794 0.9967
vn -0.0136 -0.0749 0.9971
vn -0.0533 -0.3003 0.9523
vn -0.0947 -0.5779 0.8106
vn 0.1029 -0.7231 0.6830
vn 0.9380 -0.3379 0.0778
vn 0.9543 -0.2987 -0.0000
vn 0.9380 -0.3378 -0.0777
vn 0.1026 -0.7231 -0.6830
vn -0.0948 -0.5779 -0.8106
vn -0.0533 -0.3003 -0.9523
vn -0.0136 -0.0749 -0.9971
vn 0.0148 0.0794 -0.9967
vn 0.0578 0.3079 -0.9497
vn 0.1093 0.5807 -0.8068
vn 0.1504 0.7966 -0.5855
vn 0.2939 0.9558 -0.0000
vn 0.2796 0.9097 -0.3072
vn 0.2796 0.9097 0.3072
vn 0.2381 0.7755 0.5848
vn 0.1735 0.5659 0.8060
vn 0.0921 0.3010 0.9492
vn 0.0238 0.0781 0.9967
vn -0.0215 -0.0722 0.9972
vn -0.0835 -0.2919 0.9528
vn -0.0229 -0.4562 0.8896
vn 0.5283 0.7442 -0.4088
vn 0.3868 0.8710 -0.3028
vn 0.3401 0.9404 -0.0000
vn 0.3867 0.8711 0.3028
vn 0.5279 0.7444 0.4089
vn -0.0231 -0.4562 -0.8896
vn -0.0835 -0.2919 -0.9528
vn -0.0215 -0.0722 -0.9972
vn 0.0238 0.0781 -0.9967
vn 0.0921 0.3010 -0.9492
vn 0.1735 0.5659 -0.8060
vn 0.2381 0.7755 -0.5848
vn 0.4271 0.9042 -0.0000
vn 0.4064 0.8607 -0.3067
vn 0.4064 0.8607 0.3067
vn 0.3465 0.7340 0.5841
vn 0.2529 0.5363 0.8053
vn 0.1347 0.2860 0.9487
vn 0.0350 0.0746 0.9966
vn -0.0312 -0.0676 0.9972
vn -0.1215 -0.2764 0.9533
vn 0.4973 0.5811 0.6442
vn 0.3747 0.7204 -0.5837
vn 0.4218 0.8532 -0.3067
vn 0.4412 0.8974 -0.0000
vn 0.4218 0.8532 0.3067
vn 0.3746 0.7204 0.5837
vn 0.4966 0.5815 -0.6443
vn -0.1215 -0.2764 -0.9533
vn -0.0312 -0.0676 -0.9972
vn 0.0351 0.0746 -0.9966
vn 0.1347 0.2860 -0.9487
vn 0.2529 0.5362 -0.8053
vn 0.3465 0.7340 -0.5841
vn 0.5720 0.8203 -0.0000
vn 0.5444 0.7808 -0.3065
vn 0.5444 0.7808 0.3065
vn 0.4644 0.6661 0.5837
vn 0.3393 0.4869 0.8048
vn 0.1812 0.2601 0.9484
vn 0.0474 0.0680 0.9966
vn -0.0420 -0.0608 0.9973
vn -0.1678 -0.2488 0.9539
vn 0.5661 0.6999 0.4356
vn 0.4706 0.6617 -0.5837
vn 0.5490 0.7776 -0.3065
vn 0.5763 0.8172 -0.0000
vn 0.5490 0.7776 0.3065
vn 0.4705 0.6617 0.5837
vn 0.5654 0.7003 -0.4358
vn -0.1679 -0.2488 -0.9539
vn -0.0421 -0.0608 -0.9973
vn 0.0474 0.0680 -0.9966
vn 0.1812 0.2601 -0.9484
vn 0.3393 0.4869 -0.8048
vn 0.4644 0.6661 -0.5837
vn 0.7082 0.7060 -0.0000
vn 0.6741 0.6720 -0.3065
vn 0.6741 0.6720 0.3065
vn 0.5751 0.5733 0.5836
vn 0.4204 0.4190 0.8048
vn 0.2246 0.2238 0.9484
vn 0.0588 0.0585 0.9966
vn -0.0524 -0.0521 0.9973
vn -0.2137 -0.2111 0.9538
vn 0.4055 0.6600 0.6324
vn 0.5536 0.5951 -0.5825
vn 0.6690 0.6771 -0.3065
vn 0.7037 0.7105 -0.0000
vn 0.6690 0.6772 0.3065
vn 0.5535 0.5952 0.5825
vn 0.4047 0.6611 -0.6319
vn -0.2137 -0.2110 -0.9538
vn -0.0525 -0.0521 -0.9973
vn 0.0588 0.0585 -0.9966
vn 0.2246 0.2238 -0.9484
vn 0.4204 0.4190 -0.8048
vn 0.5751 0.5733 -0.5836
vn 0.8182 0.5750 -0.0000
vn 0.7788 0.5473 -0.3067
vn 0.7788 0.5473 0.3067
vn 0.6643 0.4666 0.5840
vn 0.4854 0.3408 0.8052
vn 0.2590 0.1817 0.9486
vn 0.0676 0.0474 0.9966
vn -0.0611 -0.0424 0.9972
vn -0.2486 -0.1709 0.9534
vn -0.4374 -0.1625 0.8845
vn -0.6018 0.7925 0.0989
vn 0.5158 0.8504 -0.1037
vn 0.6490 0.7608 -0.0000
vn 0.5156 0.8505 0.1037
vn -0.6019 0.7925 -0.0989
vn -0.4376 -0.1622 -0.8844
vn -0.2486 -0.1709 -0.9534
vn -0.0611 -0.0424 -0.9972
vn 0.0676 0.0474 -0.9966
vn 0.2590 0.1817 -0.9486
vn 0.4854 0.3408 -0.8052
vn 0.6643 0.4666 -0.5840
vn 0.8953 0.4455 -0.0000
vn 0.8521 0.4239 -0.3070
vn 0.8521 0.4239 0.3070
vn 0.7265 0.3613 0.5845
vn 0.5304 0.2635 0.8058
vn 0.2824 0.1401 0.9490
vn 0.0734 0.0363 0.9966
vn -0.0674 -0.0331 0.9972
vn -0.2723 -0.1328 0.9530
vn -0.5262 -0.2526 0.8120
vn -0.7358 -0.3333 0.5895
vn -0.9097 -0.0629 0.4106
vn -0.6776 0.7355 -0.0000
vn -0.9097 -0.0627 -0.4105
vn -0.7359 -0.3332 -0.5895
vn -0.5262 -0.2526 -0.8120
vn -0.2723 -0.1328 -0.9530
vn -0.0674 -0.0331 -0.9972
vn 0.0734 0.0363 -0.9966
vn 0.2824 0.1401 -0.9490
vn 0.5304 0.2635 -0.8058
vn 0.7265 0.3613 -0.5845
vn 0.9436 0.3310 -0.0000
vn 0.8980 0.3149 -0.3074
vn 0.8980 0.3149 0.3074
vn 0.7653 0.2682 0.5852
vn 0.5581 0.1954 0.8064
vn 0.2964 0.1036 0.9494
vn 0.0767 0.0268 0.9967
vn -0.0716 -0.0248 0.9971
vn -0.2875 -0.0993 0.9526
vn -0.5527 -0.1897 0.8115
vn -0.7642 -0.2602 0.5901
vn -0.9006 -0.3043 0.3104
vn -0.9477 -0.3191 -0.0000
vn -0.9006 -0.3043 -0.3104
vn -0.7642 -0.2602 -0.5901
vn -0.5527 -0.1897 -0.8115
vn -0.2875 -0.0993 -0.9526
vn -0.0716 -0.0248 -0.9971
vn 0.0767 0.0268 -0.9967
vn 0.2964 0.1036 -0.9494
vn 0.5581 0.1954 -0.8064
vn 0.7653 0.2682 -0.5852
vn 0.9716 0.2367 -0.0000
vn 0.9244 0.2252 -0.3078
vn 0.9244 0.2252 0.3078
vn 0.7875 0.1917 0.5857
vn 0.5739 0.1396 0.8070
vn 0.3040 0.0739 0.9498
vn 0.0783 0.0190 0.9967
vn -0.0742 -0.0179 0.9971
vn -0.2967 -0.0715 0.9523
vn -0.5689 -0.1366 0.8110
vn -0.7854 -0.1880 0.5897
vn -0.9247 -0.2207 0.3102
vn -0.9727 -0.2320 -0.0000
vn -0.9247 -0.2207 -0.3102
vn -0.7854 -0.1880 -0.5897
vn -0.5689 -0.1366 -0.8110
vn -0.2967 -0.0715 -0.9523
vn -0.0742 -0.0179 -0.9971
vn 0.0783 0.0190 -0.9967
vn 0.3040 0.0739 -0.9498
vn 0.5739 0.1396 -0.8070
vn 0.7875 0.1917 -0.5857
vn 0.9868 0.1620 -0.0000
vn 0.9388 0.1541 -0.3080
vn 0.9388 0.1541 0.3080
vn 0.7995 0.1311 0.5862
vn 0.5822 0.0954 0.8074
vn 0.3079 0.0504 0.9501
vn 0.0791 0.0129 0.9968
vn -0.0758 -0.0124 0.9970
vn -0.3021 -0.0492 0.9520
vn -0.5781 -0.0939 0.8106
vn -0.7975 -0.1293 0.5893
vn -0.9385 -0.1520 0.3100
vn -0.9872 -0.1598 -0.0000
vn -0.9385 -0.1520 -0.3100
vn -0.7975 -0.1293 -0.5893
vn -0.5781 -0.0939 -0.8106
vn -0.3021 -0.0492 -0.9520
vn -0.0758 -0.0124 -0.9970
vn 0.0791 0.0129 -0.9968
vn 0.3079 0.0504 -0.9501
vn 0.5822 0.0954 -0.8074
vn 0.7995 0.1311 -0.5862
vn 0.9946 0.1035 -0.0000
vn 0.9462 0.0985 -0.3083
vn 0.9462 0.0985 0.3083
vn 0.8056 0.0838 0.5866
vn 0.5863 0.0610 0.8078
vn 0.3097 0.0322 0.9503
vn 0.0793 0.0082 0.9968
vn -0.0768 -0.0079 0.9970
vn -0.3051 -0.0316 0.9518
vn -0.5830 -0.0602 0.8102
vn -0.8039 -0.0829 0.5890
vn -0.9458 -0.0975 0.3098
vn -0.9947 -0.1025 -0.0000
vn -0.9458 -0.0975 -0.3098
vn -0.8039 -0.0829 -0.5890
vn -0.5830 -0.0602 -0.8102
vn -0.3051 -0.0316 -0.9518
vn -0.0768 -0.0079 -0.9970
vn 0.0793 0.0082 -0.9968
vn 0.3097 0.0322 -0.9503
vn 0.5863 0.0610 -0.8078
vn 0.8056 0.0838 -0.5866
vn 0.9983 0.0580 -0.0000
vn 0.9496 0.0551 -0.3084
vn 0.9496 0.0551 0.3084
vn 0.8083 0.0469 0.5868
vn 0.5881 0.0341 0.8081
vn 0.3103 0.0180 0.9505
vn 0.0793 0.0046 0.9968
vn -0.0773 -0.0045 0.9970
vn -0.3067 -0.0177 0.9516
vn -0.5855 -0.0338 0.8100
vn -0.8070 -0.0465 0.5887
vn -0.9493 -0.0547 0.3096
vn -0.9983 -0.0575 -0.0000
vn -0.9493 -0.0547 -0.3096
vn -0.8070 -0.0465 -0.5887
vn -0.5855 -0.0338 -0.8100
vn -0.3067 -0.0177 -0.9516
vn -0.0773 -0.0045 -0.9970
vn 0.0793 0.0046 -0.9968
vn 0.3103 0.0180 -0.9505
vn 0.5881 0.0341 -0.8081
vn 0.8083 0.0469 -0.5868
vn 0.9993 0.0379 -0.0000
vn 0.9505 0.0361 -0.3085
vn 0.9505 0.0361 0.3085
vn 0.8091 0.0307 0.5869
vn 0.5885 0.0223 0.8082
vn 0.3103 0.0118 0.9506
vn 0.0792 0.0030 0.9969
vn -0.0776 -0.0029 0.9970
vn -0.3074 -0.0116 0.9515
vn -0.5864 -0.0221 0.8097
vn -0.8079 -0.0305 0.5885
vn -0.9502 -0.0358 0.3094
vn -0.9993 -0.0377 -0.0000
vn -0.9502 -0.0358 -0.3095
vn -0.8079 -0.0305 -0.5885
vn -0.5864 -0.0221 -0.8097
vn -0.3074 -0.0116 -0.9515
vn -0.0776 -0.0029 -0.9970
vn 0.0792 0.0030 -0.9969
vn 0.3103 0.0118 -0.9506
vn 0.5885 0.0223 -0.8082
vn 0.8090 0.0307 -0.5869
vt 0.000000 1.000000
vt 0.009346 1.000000
vt 0.009346 0.954545
vt 0.000000 0.954545
vt 0.000000 0.045455
vt 0.009346 0.045455
vt 0.009346 0.000000
vt 0.000000 0.000000
vt 0.000000 0.090909
vt 0.009346 0.090909
vt 0.000000 0.136364
vt 0.009346 0.136364
vt 0.000000 0.181818
vt 0.009346 0.181818
vt 0.000000 0.227273
vt 0.009346 0.227273
vt 0.000000 0.272727
vt 0.009346 0.272727
vt 0.000000 0.318182
vt 0.009346 0.318182
vt 0.000000 0.363636
vt 0.009346 0.363636
vt 0.000000 0.409091
vt 0.009346 0.409091
vt 0.000000 0.454545
vt 0.009346 0.454545
vt 0.000000 0.500000
vt 0.009346 0.500000
vt 0.000000 0.545455
vt 0.009346 0.545455
vt 0.000000 0.590909
vt 0.009346 0.590909
vt 0.000000 0.636364
vt 0.009346 0.636364
vt 0.000000 0.681818
vt 0.009346 0.681818
vt 0.000000 0.727273
vt 0.009346 0.727273
vt 0.000000 0.772727
vt 0.009346 0.772727
vt 0.000000 0.818182
vt 0.009346 0.818182
vt 0.000000 0.863636
vt 0.009346 0.863636
vt 0.000000 0.909091
vt 0.009346 0.909091
vt 0.018692 1.000000
vt 0.018692 0.954545
vt 0.018692 0.045455
vt 0.018692 0.000000
vt 0.018692 0.090909
vt 0.018692 0.136364
vt 0.018692 0.181818
vt 0.018692 0.227273
vt 0.018692 0.272727
vt 0.018692 0.318182
vt 0.018692 0.363636
vt 0.018692 0.409091
vt 0.018692 0.454545
vt 0.018692 0.500000
vt 0.018692 0.545455
vt 0.018692 0.590909
vt 0.018692 0.636364
vt 0.018692 0.681818
vt 0.018692 0.727273
vt 0.018692 0.772727
vt 0.018692 0.818182
vt 0.018692 0.863636
vt 0.018692 0.909091
vt 0.028037 1.000000
vt 0.028037 0.954545
vt 0.028037 0.045455
vt 0.028037 0.000000
vt 0.028037 0.090909
vt 0.028037 0.136364
vt 0.028037 0.181818
vt 0.028037 0.227273
vt 0.028037 0.272727
vt 0.028037 0.318182
vt 0.028037 0.363636
vt 0.028037 0.409091
vt 0.028037 0.454545
vt 0.028037 0.500000
vt 0.028037 0.545455
vt 0.028037 0.590909
vt 0.028037 0.636364
vt 0.028037 0.681818
vt 0.028037 0.727273
vt 0.028037 0.772727
vt 0.028037 0.818182
vt 0.028037 0.863636
vt 0.028037 0.909091
vt 0.037383 1.000000
vt 0.037383 0.954545
vt 0.037383 0.045455
vt 0.037383 0.000000
vt 0.037383 0.090909
vt 0.037383 0.136364
vt 0.037383 0.181818
vt 0.037383 0.227273
vt 0.037383 0.272727
vt 0.037383 0.318182
vt 0.037383 0.363636
vt 0.037383 0.409091
vt 0.037383 0.454545
vt 0.037383 0.500000
vt 0.037383 0.545455
vt 0.037383 0.590909
vt 0.037383 0.636364
vt 0.037383 0.681818
vt 0.037383 0.727273
vt 0.037383 0.772727
vt 0.037383 0.818182
vt 0.037383 0.863636
vt 0.037383 0.909091
vt 0.046729 1.000000
vt 0.046729 0.954545
vt 0.046729 0.045455
vt 0.046729 0.000000
vt 0.046729 0.090909
vt 0.046729 0.136364
vt 0.046729 0.181818
vt 0.046729 0.227273
vt 0.046729 0.272727
vt 0.046729 0.318182
vt 0.046729 0.363636
vt 0.046729 0.409091
vt 0.046729 0.454545
vt 0.046729 0.500000
vt 0.046729 0.545455
vt 0.046729 0.590909
vt 0.046729 0.636364
vt 0.046729 0.681818
vt 0.046729 0.727273
vt 0.046729 0.772727
vt 0.046729 0.818182
vt 0.046729 0.863636
vt 0.046729 0.909091
vt 0.056075 1.000000
vt 0.056075 0.954545
vt 0.056075 0.045455
vt 0.056075 0.000000
vt 0.056075 0.090909
vt 0.056075 0.136364
vt 0.056075 0.181818
vt 0.056075 0.227273
vt 0.056075 0.272727
vt 0.056075 0.318182
vt 0.056075 0.363636
vt 0.056075 0.409091
vt 0.056075 0.454545
vt 0.056075 0.500000
vt 0.056075 0.545455
vt 0.056075 0.590909
vt 0.056075 0.636364
vt 0.056075 0.681818
vt 0.056075 0.727273
vt 0.056075 0.772727
vt 0.056075 0.818182
vt 0.056075 0.863636
vt 0.056075 0.909091
vt 0.065421 1.000000
vt 0.065421 0.954545
vt 0.065421 0.045455
vt 0.065421 0.000000
vt 0.065421 0.090909
vt 0.065421 0.136364
vt 0.065421 0.181818
vt 0.065421 0.227273
vt 0.065421 0.272727
vt 0.065421 0.318182
vt 0.065421 0.363636
vt 0.065421 0.409091
vt 0.065421 0.454545
vt 0.065421 0.500000
vt 0.065421 0.545455
vt 0.065421 0.590909
vt 0.065421 0.636364
vt 0.065421 0.681818
vt 0.065421 0.727273
vt 0.065421 0.772727
vt 0.065421 0.818182
vt 0.065421 0.863636
vt 0.065421 0.909091
vt 0.074766 1.000000
vt 0.074766 0.954545
vt 0.074766 0.045455
vt 0.074766 0.000000
vt 0.074766 0.090909
vt 0.074766 0.136364
vt 0.074766 0.181818
vt 0.074766 0.227273
vt 0.074766 0.272727
vt 0.074766 0.318182
vt 0.074766 0.363636
vt 0.074766 0.409091
vt 0.074766 0.454545
vt 0.074766 0.500000
vt 0.074766 0.545455
vt 0.074766 0.590909
vt 0.074766 0.636364
vt 0.074766 0.681818
vt 0.074766 0.727273
vt 0.074766 0.772727
vt 0.074766 0.818182
vt 0.074766 0.863636
vt 0.074766 0.909091
vt 0.084112 1.000000
vt 0.084112 0.954545
vt 0.084112 0.045455
vt 0.084112 0.000000
vt 0.084112 0.090909
vt 0.084112 0.136364
vt 0.084112 0.181818
vt 0.084112 0.227273
vt 0.084112 0.272727
vt 0.084112 0.318182
vt 0.084112 0.363636
vt 0.084112 0.409091
vt 0.084112 0.454545
vt 0.084112 0.500000
vt 0.084112 0.545455
vt 0.084112 0.590909
vt 0.084112 0.636364
vt 0.084112 0.681818
vt 0.084112 0.727273
vt 0.084112 0.772727
vt 0.084112 0.818182
vt 0.084112 0.863636
vt 0.084112 0.909091
vt 0.093458 1.000000
vt 0.093458 0.954545
vt 0.093458 0.045455
vt 0.093458 0.000000
vt 0.093458 0.090909
vt 0.093458 0.136364
vt 0.093458 0.181818
vt 0.093458 0.227273
vt 0.093458 0.272727
vt 0.093458 0.318182
vt 0.093458 0.363636
vt 0.093458 0.409091
vt 0.093458 0.454545
vt 0.093458 0.500000
vt 0.093458 0.545455
vt 0.093458 0.590909
vt 0.093458 0.636364
vt 0.093458 0.681818
vt 0.093458 0.727273
vt 0.093458 0.772727
vt 0.093458 0.818182
vt 0.093458 0.863636
vt 0.093458 0.909091
vt 0.102804 1.000000
vt 0.102804 0.954545
vt 0.102804 0.045455
vt 0.102804 0.000000
vt 0.102804 0.090909
vt 0.102804 0.136364
vt 0.102804 0.181818
vt 0.102804 0.227273
vt 0.102804 0.272727
vt 0.102804 0.318182
vt 0.102804 0.363636
vt 0.102804 0.409091
vt 0.102804 0.454545
vt 0.102804 0.500000
vt 0.102804 0.545455
vt 0.102804 0.590909
vt 0.102804 0.636364
vt 0.102804 0.681818
vt 0.102804 0.727273
vt 0.102804 0.772727
vt 0.102804 0.818182
vt 0.102804 0.863636
vt 0.102804 0.909091
vt 0.112150 1.000000
vt 0.112150 0.954545
vt 0.112150 0.045455
vt 0.112150 0.000000
vt 0.112150 0.090909
vt 0.112150 0.136364
vt 0.112150 0.181818
vt 0.112150 0.227273
vt 0.112150 0.272727
vt 0.112150 0.318182
vt 0.112150 0.363636
vt 0.112150 0.409091
vt 0.112150 0.454545
vt 0.112150 0.500000
vt 0.112150 0.545455
vt 0.112150 0.590909
vt 0.112150 0.636364
vt 0.112150 0.681818
vt 0.112150 0.727273
vt 0.112150 0.772727
vt 0.112150 0.818182
vt 0.112150 0.863636
vt 0.112150 0.909091
vt 0.121495 1.000000
vt 0.121495 0.954545
vt 0.121495 0.045455
vt 0.121495 0.000000
vt 0.121495 0.090909
vt 0.121495 0.136364
vt 0.121495 0.181818
vt 0.121495 0.227273
vt 0.121495 0.272727
vt 0.121495 0.318182
vt 0.121495 0.363636
vt 0.121495 0.409091
vt 0.121495 0.454545
vt 0.121495 0.500000
vt 0.121495 0.545455
vt 0.121495 0.590909
vt 0.121495 0.636364
vt 0.121495 0.681818
vt 0.121495 0.727273
vt 0.121495 0.772727
vt 0.121495 0.818182
vt 0.121495 0.863636
vt 0.121495 0.909091
vt 0.130841 1.000000
vt 0.130841 0.954545
vt 0.130841 0.045455
vt 0.130841 0.000000
vt 0.130841 0.090909
vt 0.130841 0.136364
vt 0.130841 0.181818
vt 0.130841 0.227273
vt 0.130841 0.272727
vt 0.130841 0.318182
vt 0.130841 0.363636
vt 0.130841 0.409091
vt 0.130841 0.454545
vt 0.130841 0.500000
vt 0.130841 0.545455
vt 0.130841 0.590909
vt 0.130841 0.636364
vt 0.130841 0.681818
vt 0.130841 0.727273
vt 0.130841 0.772727
vt 0.130841 0.818182
vt 0.130841 0.863636
vt 0.130841 0.909091
vt 0.140187 1.000000
vt 0.140187 0.954545
vt 0.140187 0.045455
vt 0.140187 0.000000
vt 0.140187 0.090909
vt 0.140187 0.136364
vt 0.140187 0.181818
vt 0.140187 0.227273
vt 0.140187 0.272727
vt 0.140187 0.318182
vt 0.140187 0.363636
vt 0.140187 0.409091
vt 0.140187 0.454545
vt 0.140187 0.500000
vt 0.140187 0.545455
vt 0.140187 0.590909
vt 0.140187 0.636364
vt 0.140187 0.681818
vt 0.140187 0.727273
vt 0.140187 0.772727
vt 0.140187 0.818182
vt 0.140187 0.863636
vt 0.140187 0.909091
vt 0.149533 1.000000
vt 0.149533 0.954545
vt 0.149533 0.045455
vt 0.149533 0.000000
vt 0.149533 0.090909
vt 0.149533 0.136364
vt 0.149533 0.181818
vt 0.149533 0.227273
vt 0.149533 0.272727
vt 0.149533 0.318182
vt 0.149533 0.363636
vt 0.149533 0.409091
vt 0.149533 0.454545
vt 0.149533 0.500000
vt 0.149533 0.545455
vt 0.149533 0.590909
vt 0.149533 0.636364
vt 0.149533 0.681818
vt 0.149533 0.727273
vt 0.149533 0.772727
vt 0.149533 0.818182
vt 0.149533 0.863636
vt 0.149533 0.909091
vt 0.158879 1.000000
vt 0.158879 0.954545
vt 0.158879 0.045455
vt 0.158879 0.000000
vt 0.158879 0.090909
vt 0.158879 0.136364
vt 0.158879 0.181818
vt 0.158879 0.227273
vt 0.158879 0.272727
vt 0.158879 0.318182
vt 0.158879 0.363636
vt 0.158879 0.409091
vt 0.158879 0.454545
vt 0.158879 0.500000
vt 0.158879 0.545455
vt 0.158879 0.590909
vt 0.158879 0.636364
vt 0.158879 0.681818
vt 0.158879 0.727273
vt 0.158879 0.772727
vt 0.158879 0.818182
vt 0.158879 0.863636
vt 0.158879 0.909091
vt 0.168224 1.000000
vt 0.168224 0.954545
vt 0.168224 0.045455
vt 0.168224 0.000000
vt 0.168224 0.090909
vt 0.168224 0.136364
vt 0.168224 0.181818
vt 0.168224 0.227273
vt 0.168224 0.272727
vt 0.168224 0.318182
vt 0.168224 0.363636
vt 0.168224 0.409091
vt 0.168224 0.454545
vt 0.168224 0.500000
vt 0.168224 0.545455
vt 0.168224 0.590909
vt 0.168224 0.636364
vt 0.168224 0.681818
vt 0.168224 0.727273
vt 0.168224 0.772727
vt 0.168224 0.818182
vt 0.168224 0.863636
vt 0.168224 0.909091
vt 0.177570 1.000000
vt 0.177570 0.954545
vt 0.177570 0.045455
vt 0.177570 0.000000
vt 0.177570 0.090909
vt 0.177570 0.136364
vt 0.177570 0.181818
vt 0.177570 0.227273
vt 0.177570 0.272727
vt 0.177570 0.318182
vt 0.177570 0.363636
vt 0.177570 0.409091
vt 0.177570 0.454545
vt 0.177570 0.500000
vt 0.177570 0.545455
vt 0.177570 0.590909
vt 0.177570 0.636364
vt 0.177570 0.681818
vt 0.177570 0.727273
vt 0.177570 0.772727
vt 0.177570 0.818182
vt 0.177570 0.863636
vt 0.177570 0.909091
vt 0.186916 1.000000
vt 0.186916 0.954545
vt 0.186916 0.045455
vt 0.186916 0.000000
vt 0.186916 0.090909
vt 0.186916 0.136364
vt 0.186916 0.181818
vt 0.186916 0.227273
vt 0.186916 0.272727
vt 0.186916 0.318182
vt 0.186916 0.363636
vt 0.186916 0.409091
vt 0.186916 0.454545
vt 0.186916 0.500000
vt 0.186916 0.545455
vt 0.186916 0.590909
vt 0.186916 0.636364
vt 0.186916 0.681818
vt 0.186916 0.727273
vt 0.186916 0.772727
vt 0.186916 0.818182
vt 0.186916 0.863636
vt 0.186916 0.909091
vt 0.196262 1.000000
vt 0.196262 0.954545
vt 0.196262 0.045455
vt 0.196262 0.000000
vt 0.196262 0.090909
vt 0.196262 0.136364
vt 0.196262 0.181818
vt 0.196262 0.227273
vt 0.196262 0.272727
vt 0.196262 0.318182
vt 0.196262 0.363636
vt 0.196262 0.409091
vt 0.196262 0.454545
vt 0.196262 0.500000
vt 0.196262 0.545455
vt 0.196262 0.590909
vt 0.196262 0.636364
vt 0.196262 0.681818
vt 0.196262 0.727273
vt 0.196262 0.772727
vt 0.196262 0.818182
vt 0.196262 0.863636
vt 0.196262 0.909091
vt 0.205607 1.000000
vt 0.205607 0.954545
vt 0.205607 0.045455
vt 0.205607 0.000000
vt 0.205607 0.090909
vt 0.205607 0.136364
vt 0.205607 0.181818
vt 0.205607 0.227273
vt 0.205607 0.272727
vt 0.205607 0.318182
vt 0.205607 0.363636
vt 0.205607 0.409091
vt 0.205607 0.454545
vt 0.205607 0.500000
vt 0.205607 0.545455
vt 0.205607 0.590909
vt 0.205607 0.636364
vt 0.205607 0.681818
vt 0.205607 0.727273
vt 0.205607 0.772727
vt 0.205607 0.818182
vt 0.205607 0.863636
vt 0.205607 0.909091
vt 0.214953 1.000000
vt 0.214953 0.954545
vt 0.214953 0.045455
vt 0.214953 0.000000
vt 0.214953 0.090909
vt 0.214953 0.136364
vt 0.214953 0.181818
vt 0.214953 0.227273
vt 0.214953 0.272727
vt 0.214953 0.318182
vt 0.214953 0.363636
vt 0.214953 0.409091
vt 0.214953 0.454545
vt 0.214953 0.500000
vt 0.214953 0.545455
vt 0.214953 0.590909
vt 0.214953 0.636364
vt 0.214953 0.681818
vt 0.214953 0.727273
vt 0.214953 0.772727
vt 0.214953 0.818182
vt 0.214953 0.863636
vt 0.214953 0.909091
vt 0.224299 1.000000
vt 0.224299 0.954545
vt 0.224299 0.045455
vt 0.224299 0.000000
vt 0.224299 0.090909
vt 0.224299 0.136364
vt 0.224299 0.181818
vt 0.224299 0.227273
vt 0.224299 0.272727
vt 0.224299 0.318182
vt 0.224299 0.363636
vt 0.224299 0.409091
vt 0.224299 0.454545
vt 0.224299 0.500000
vt 0.224299 0.545455
vt 0.224299 0.590909
vt 0.224299 0.636364
vt 0.224299 0.681818
vt 0.224299 0.727273
vt 0.224299 0.772727
vt 0.224299 0.818182
vt 0.224299 0.863636
vt 0.224299 0.909091
vt 0.233645 1.000000
vt 0.233645 0.954545
vt 0.233645 0.045455
vt 0.233645 0.000000
vt 0.233645 0.090909
vt 0.233645 0.136364
vt 0.233645 0.181818
vt 0.233645 0.227273
vt 0.233645 0.272727
vt 0.233645 0.318182
vt 0.233645 0.363636
vt 0.233645 0.409091
vt 0.233645 0.454545
vt 0.233645 0.500000
vt 0.233645 0.545455
vt 0.233645 0.590909
vt 0.233645 0.636364
vt 0.233645 0.681818
vt 0.233645 0.727273
vt 0.233645 0.772727
vt 0.233645 0.818182
vt 0.233645 0.863636
vt 0.233645 0.909091
vt 0.242991 1.000000
vt 0.242991 0.954545
vt 0.242991 0.045455
vt 0.242991 0.000000
vt 0.242991 0.090909
vt 0.242991 0.136364
vt 0.242991 0.181818
vt 0.242991 0.227273
vt 0.242991 0.272727
vt 0.242991 0.318182
vt 0.242991 0.363636
vt 0.242991 0.409091
vt 0.242991 0.454545
vt 0.242991 0.500000
vt 0.242991 0.545455
vt 0.242991 0.590909
vt 0.242991 0.636364
vt 0.242991 0.681818
vt 0.242991 0.727273
vt 0.242991 0.772727
vt 0.242991 0.818182
vt 0.242991 0.863636
vt 0.242991 0.909091
vt 0.252336 1.000000
vt 0.252336 0.954545
vt 0.252336 0.045455
vt 0.252336 0.000000
vt 0.252336 0.090909
vt 0.252336 0.136364
vt 0.252336 0.181818
vt 0.252336 0.227273
vt 0.252336 0.272727
vt 0.252336 0.318182
vt 0.252336 0.363636
vt 0.252336 0.409091
vt 0.252336 0.454545
vt 0.252336 0.500000
vt 0.252336 0.545455
vt 0.252336 0.590909
vt 0.252336 0.636364
vt 0.252336 0.681818
vt 0.252336 0.727273
vt 0.252336 0.772727
vt 0.252336 0.818182
vt 0.252336 0.863636
vt 0.252336 0.909091
vt 0.261682 1.000000
vt 0.261682 0.954545
vt 0.261682 0.045455
vt 0.261682 0.000000
vt 0.261682 0.090909
vt 0.261682 0.136364
vt 0.261682 0.181818
vt 0.261682 0.227273
vt 0.261682 0.272727
vt 0.261682 0.318182
vt 0.261682 0.363636
vt 0.261682 0.409091
vt 0.261682 0.454545
vt 0.261682 0.500000
vt 0.261682 0.545455
vt 0.261682 0.590909
vt 0.261682 0.636364
vt 0.261682 0.681818
vt 0.261682 0.727273
vt 0.261682 0.772727
vt 0.261682 0.818182
vt 0.261682 0.863636
vt 0.261682 0.909091
vt 0.271028 1.000000
vt 0.271028 0.954545
vt 0.271028 0.045455
vt 0.271028 0.000000
vt 0.271028 0.090909
vt 0.271028 0.136364
vt 0.271028 0.181818
vt 0.271028 0.227273
vt 0.271028 0.272727
vt 0.271028 0.318182
vt 0.271028 0.363636
vt 0.271028 0.409091
vt 0.271028 0.454545
vt 0.271028 0.500000
vt 0.271028 0.545455
vt 0.271028 0.590909
vt 0.271028 0.636364
vt 0.271028 0.681818
vt 0.271028 0.727273
vt 0.271028 0.772727
vt 0.271028 0.818182
vt 0.271028 0.863636
vt 0.271028 0.909091
vt 0.280374 1.000000
vt 0.280374 0.954545
vt 0.280374 0.045455
vt 0.280374 0.000000
vt 0.280374 0.090909
vt 0.280374 0.136364
vt 0.280374 0.181818
vt 0.280374 0.227273
vt 0.280374 0.272727
vt 0.280374 0.318182
vt 0.280374 0.363636
vt 0.280374 0.409091
vt 0.280374 0.454545
vt 0.280374 0.500000
vt 0.280374 0.545455
vt 0.280374 0.590909
vt 0.280374 0.636364
vt 0.280374 0.681818
vt 0.280374 0.727273
vt 0.280374 0.772727
vt 0.280374 0.818182
vt 0.280374 0.863636
vt 0.280374 0.909091
vt 0.289720 1.000000
vt 0.289720 0.954545
vt 0.289720 0.045455
vt 0.289720 0.000000
vt 0.289720 0.090909
vt 0.289720 0.136364
vt 0.289720 0.181818
vt 0.289720 0.227273
vt 0.289720 0.272727
vt 0.289720 0.318182
vt 0.289720 0.363636
vt 0.289720 0.409091
vt 0.289720 0.454545
vt 0.289720 0.500000
vt 0.289720 0.545455
vt 0.289720 0.590909
vt 0.289720 0.636364
vt 0.289720 0.681818
vt 0.289720 0.727273
vt 0.289720 0.772727
vt 0.289720 0.818182
vt 0.289720 0.863636
vt 0.289720 0.909091
vt 0.299065 1.000000
vt 0.299065 0.954545
vt 0.299065 0.045455
vt 0.299065 0.000000
vt 0.299065 0.090909
vt 0.299065 0.136364
vt 0.299065 0.181818
vt 0.299065 0.227273
vt 0.299065 0.272727
vt 0.299065 0.318182
vt 0.299065 0.363636
vt 0.299065 0.409091
vt 0.299065 0.454545
vt 0.299065 0.500000
vt 0.299065 0.545455
vt 0.299065 0.590909
vt 0.299065 0.636364
vt 0.299065 0.681818
vt 0.299065 0.727273
vt 0.299065 0.772727
vt 0.299065 0.818182
vt 0.299065 0.863636
vt 0.299065 0.909091
vt 0.308411 1.000000
vt 0.308411 0.954545
vt 0.308411 0.045455
vt 0.308411 0.000000
vt 0.308411 0.090909
vt 0.308411 0.136364
vt 0.308411 0.181818
vt 0.308411 0.227273
vt 0.308411 0.272727
vt 0.308411 0.318182
vt 0.308411 0.363636
vt 0.308411 0.409091
vt 0.308411 0.454545
vt 0.308411 0.500000
vt 0.308411 0.545455
vt 0.308411 0.590909
vt 0.308411 0.636364
vt 0.308411 0.681818
vt 0.308411 0.727273
vt 0.308411 0.772727
vt 0.308411 0.818182
vt 0.308411 0.863636
vt 0.308411 0.909091
vt 0.317757 1.000000
vt 0.317757 0.954545
vt 0.317757 0.045455
vt 0.317757 0.000000
vt 0.317757 0.090909
vt 0.317757 0.136364
vt 0.317757 0.181818
vt 0.317757 0.227273
vt 0.317757 0.272727
vt 0.317757 0.318182
vt 0.317757 0.363636
vt 0.317757 0.409091
vt 0.317757 0.454545
vt 0.317757 0.500000
vt 0.317757 0.545455
vt 0.317757 0.590909
vt 0.317757 0.636364
vt 0.317757 0.681818
vt 0.317757 0.727273
vt 0.317757 0.772727
vt 0.317757 0.818182
vt 0.317757 0.863636
vt 0.317757 0.909091
vt 0.327103 1.000000
vt 0.327103 0.954545
vt 0.327103 0.045455
vt 0.327103 0.000000
vt 0.327103 0.090909
vt 0.327103 0.136364
vt 0.327103 0.181818
vt 0.327103 0.227273
vt 0.327103 0.272727
vt 0.327103 0.318182
vt 0.327103 0.363636
vt 0.327103 0.409091
vt 0.327103 0.454545
vt 0.327103 0.500000
vt 0.327103 0.545455
vt 0.327103 0.590909
vt 0.327103 0.636364
vt 0.327103 0.681818
vt 0.327103 0.727273
vt 0.327103 0.772727
vt 0.327103 0.818182
vt 0.327103 0.863636
vt 0.327103 0.909091
vt 0.336449 1.000000
vt 0.336449 0.954545
vt 0.336449 0.045455
vt 0.336449 0.000000
vt 0.336449 0.090909
vt 0.336449 0.136364
vt 0.336449 0.181818
vt 0.336449 0.227273
vt 0.336449 0.272727
vt 0.336449 0.318182
vt 0.336449 0.363636
vt 0.336449 0.409091
vt 0.336449 0.454545
vt 0.336449 0.500000
vt 0.336449 0.545455
vt 0.336449 0.590909
vt 0.336449 0.636364
vt 0.336449 0.681818
vt 0.336449 0.727273
vt 0.336449 0.772727
vt 0.336449 0.818182
vt 0.336449 0.863636
vt 0.336449 0.909091
vt 0.345794 1.000000
vt 0.345794 0.954545
vt 0.345794 0.045455
vt 0.345794 0.000000
vt 0.345794 0.090909
vt 0.345794 0.136364
vt 0.345794 0.181818
vt 0.345794 0.227273
vt 0.345794 0.272727
vt 0.345794 0.318182
vt 0.345794 0.363636
vt 0.345794 0.409091
vt 0.345794 0.454545
vt 0.345794 0.500000
vt 0.345794 0.545455
vt 0.345794 0.590909
vt 0.345794 0.636364
vt 0.345794 0.681818
vt 0.345794 0.727273
vt 0.345794 0.772727
vt 0.345794 0.818182
vt 0.345794 0.863636
vt 0.345794 0.909091
vt 0.355140 1.000000
vt 0.355140 0.954545
vt 0.355140 0.045455
vt 0.355140 0.000000
vt 0.355140 0.090909
vt 0.355140 0.136364
vt 0.355140 0.181818
vt 0.355140 0.227273
vt 0.355140 0.272727
vt 0.355140 0.318182
vt 0.355140 0.363636
vt 0.355140 0.409091
vt 0.355140 0.454545
vt 0.355140 0.500000
vt 0.355140 0.545455
vt 0.355140 0.590909
vt 0.355140 0.636364
vt 0.355140 0.681818
vt 0.355140 0.727273
vt 0.355140 0.772727
vt 0.355140 0.818182
vt 0.355140 0.863636
vt 0.355140 0.909091
vt 0.364486 1.000000
vt 0.364486 0.954545
vt 0.364486 0.045455
vt 0.364486 0.000000
vt 0.364486 0.090909
vt 0.364486 0.136364
vt 0.364486 0.181818
vt 0.364486 0.227273
vt 0.364486 0.272727
vt 0.364486 0.318182
vt 0.364486 0.363636
vt 0.364486 0.409091
vt 0.364486 0.454545
vt 0.364486 0.500000
vt 0.364486 0.545455
vt 0.364486 0.590909
vt 0.364486 0.636364
vt 0.364486 0.681818
vt 0.364486 0.727273
vt 0.364486 0.772727
vt 0.364486 0.818182
vt 0.364486 0.863636
vt 0.364486 0.909091
vt 0.373832 1.000000
vt 0.373832 0.954545
vt 0.373832 0.045455
vt 0.373832 0.000000
vt 0.373832 0.090909
vt 0.373832 0.136364
vt 0.373832 0.181818
vt 0.373832 0.227273
vt 0.373832 0.272727
vt 0.373832 0.318182
vt 0.373832 0.363636
vt 0.373832 0.409091
vt 0.373832 0.454545
vt 0.373832 0.500000
vt 0.373832 0.545455
vt 0.373832 0.590909
vt 0.373832 0.636364
vt 0.373832 0.681818
vt 0.373832 0.727273
vt 0.373832 0.772727
vt 0.373832 0.818182
vt 0.373832 0.863636
vt 0.373832 0.909091
vt 0.383178 1.000000
vt 0.383178 0.954545
vt 0.383178 0.045455
vt 0.383178 0.000000
vt 0.383178 0.090909
vt 0.383178 0.136364
vt 0.383178 0.181818
vt 0.383178 0.227273
vt 0.383178 0.272727
vt 0.383178 0.318182
vt 0.383178 0.363636
vt 0.383178 0.409091
vt 0.383178 0.454545
vt 0.383178 0.500000
vt 0.383178 0.545455
vt 0.383178 0.590909
vt 0.383178 0.636364
vt 0.383178 0.681818
vt 0.383178 0.727273
vt 0.383178 0.772727
vt 0.383178 0.818182
vt 0.383178 0.863636
vt 0.383178 0.909091
vt 0.392523 1.000000
vt 0.392523 0.954545
vt 0.392523 0.045455
vt 0.392523 0.000000
vt 0.392523 0.090909
vt 0.392523 0.136364
vt 0.392523 0.181818
vt 0.392523 0.227273
vt 0.392523 0.272727
vt 0.392523 0.318182
vt 0.392523 0.363636
vt 0.392523 0.409091
vt 0.392523 0.454545
vt 0.392523 0.500000
vt 0.392523 0.545455
vt 0.392523 0.590909
vt 0.392523 0.636364
vt 0.392523 0.681818
vt 0.392523 0.727273
vt 0.392523 0.772727
vt 0.392523 0.818182
vt 0.392523 0.863636
vt 0.392523 0.909091
vt 0.401869 1.000000
vt 0.401869 0.954545
vt 0.401869 0.045455
vt 0.401869 0.000000
vt 0.401869 0.090909
vt 0.401869 0.136364
vt 0.401869 0.181818
vt 0.401869 0.227273
vt 0.401869 0.272727
vt 0.401869 0.318182
vt 0.401869 0.363636
vt 0.401869 0.409091
vt 0.401869 0.454545
vt 0.401869 0.500000
vt 0.401869 0.545455
vt 0.401869 0.590909
vt 0.401869 0.636364
vt 0.401869 0.681818
vt 0.401869 0.727273
vt 0.401869 0.772727
vt 0.401869 0.818182
vt 0.401869 0.863636
vt 0.401869 0.909091
vt 0.411215 1.000000
vt 0.411215 0.954545
vt 0.411215 0.045455
vt 0.411215 0.000000
vt 0.411215 0.090909
vt 0.411215 0.136364
vt 0.411215 0.181818
vt 0.411215 0.227273
vt 0.411215 0.272727
vt 0.411215 0.318182
vt 0.411215 0.363636
vt 0.411215 0.409091
vt 0.411215 0.454545
vt 0.411215 0.500000
vt 0.411215 0.545455
vt 0.411215 0.590909
vt 0.411215 0.636364
vt 0.411215 0.681818
vt 0.411215 0.727273
vt 0.411215 0.772727
vt 0.411215 0.818182
vt 0.411215 0.863636
vt 0.411215 0.909091
vt 0.420561 1.000000
vt 0.420561 0.954545
vt 0.420561 0.045455
vt 0.420561 0.000000
vt 0.420561 0.090909
vt 0.420561 0.136364
vt 0.420561 0.181818
vt 0.420561 0.227273
vt 0.420561 0.272727
vt 0.420561 0.318182
vt 0.420561 0.363636
vt 0.420561 0.409091
vt 0.420561 0.454545
vt 0.420561 0.500000
vt 0.420561 0.545455
vt 0.420561 0.590909
vt 0.420561 0.636364
vt 0.420561 0.681818
vt 0.420561 0.727273
vt 0.420561 0.772727
vt 0.420561 0.818182
vt 0.420561 0.863636
vt 0.420561 0.909091
vt 0.429907 1.000000
vt 0.429907 0.954545
vt 0.429907 0.045455
vt 0.429907 0.000000
vt 0.429907 0.090909
vt 0.429907 0.136364
vt 0.429907 0.181818
vt 0.429907 0.227273
vt 0.429907 0.272727
vt 0.429907 0.318182
vt 0.429907 0.363636
vt 0.429907 0.409091
vt 0.429907 0.454545
vt 0.429907 0.500000
vt 0.429907 0.545455
vt 0.429907 0.590909
vt 0.429907 0.636364
vt 0.429907 0.681818
vt 0.429907 0.727273
vt 0.429907 0.772727
vt 0.429907 0.818182
vt 0.429907 0.863636
vt 0.429907 0.909091
vt 0.439252 1.000000
vt 0.439252 0.954545
vt 0.439252 0.045455
vt 0.439252 0.000000
vt 0.439252 0.090909
vt 0.439252 0.136364
vt 0.439252 0.181818
vt 0.439252 0.227273
vt 0.439252 0.272727
vt 0.439252 0.318182
vt 0.439252 0.363636
vt 0.439252 0.409091
vt 0.439252 0.454545
vt 0.439252 0.500000
vt 0.439252 0.545455
vt 0.439252 0.590909
vt 0.439252 0.636364
vt 0.439252 0.681818
vt 0.439252 0.727273
vt 0.439252 0.772727
vt 0.439252 0.818182
vt 0.439252 0.863636
vt 0.439252 0.909091
vt 0.448598 1.000000
vt 0.448598 0.954545
vt 0.448598 0.045455
vt 0.448598 0.000000
vt 0.448598 0.090909
vt 0.448598 0.136364
vt 0.448598 0.181818
vt 0.448598 0.227273
vt 0.448598 0.272727
vt 0.448598 0.318182
vt 0.448598 0.363636
vt 0.448598 0.409091
vt 0.448598 0.454545
vt 0.448598 0.500000
vt 0.448598 0.545455
vt 0.448598 0.590909
vt 0.448598 0.636364
vt 0.448598 0.681818
vt 0.448598 0.727273
vt 0.448598 0.772727
vt 0.448598 0.818182
vt 0.448598 0.863636
vt 0.448598 0.909091
vt 0.457944 1.000000
vt 0.457944 0.954545
vt 0.457944 0.045455
vt 0.457944 0.000000
vt 0.457944 0.090909
vt 0.457944 0.136364
vt 0.457944 0.181818
vt 0.457944 0.227273
vt 0.457944 0.272727
vt 0.457944 0.318182
vt 0.457944 0.363636
vt 0.457944 0.409091
vt 0.457944 0.454545
vt 0.457944 0.500000
vt 0.457944 0.545455
vt 0.457944 0.590909
vt 0.457944 0.636364
vt 0.457944 0.681818
vt 0.457944 0.727273
vt 0.457944 0.772727
vt 0.457944 0.818182
vt 0.457944 0.863636
vt 0.457944 0.909091
vt 0.467290 1.000000
vt 0.467290 0.954545
vt 0.467290 0.045455
vt 0.467290 0.000000
vt 0.467290 0.090909
vt 0.467290 0.136364
vt 0.467290 0.181818
vt 0.467290 0.227273
vt 0.467290 0.272727
vt 0.467290 0.318182
vt 0.467290 0.363636
vt 0.467290 0.409091
vt 0.467290 0.454545
vt 0.467290 0.500000
vt 0.467290 0.545455
vt 0.467290 0.590909
vt 0.467290 0.636364
vt 0.467290 0.681818
vt 0.467290 0.727273
vt 0.467290 0.772727
vt 0.467290 0.818182
vt 0.467290 0.863636
vt 0.467290 0.909091
vt 0.476636 1.000000
vt 0.476636 0.954545
vt 0.476636 0.045455
vt 0.476636 0.000000
vt 0.476636 0.090909
vt 0.476636 0.136364
vt 0.476636 0.181818
vt 0.476636 0.227273
vt 0.476636 0.272727
vt 0.476636 0.318182
vt 0.476636 0.363636
vt 0.476636 0.409091
vt 0.476636 0.454545
vt 0.476636 0.500000
vt 0.476636 0.545455
vt 0.476636 0.590909
vt 0.476636 0.636364
vt 0.476636 0.681818
vt 0.476636 0.727273
vt 0.476636 0.772727
vt 0.476636 0.818182
vt 0.476636 0.863636
vt 0.476636 0.909091
vt 0.485981 1.000000
vt 0.485981 0.954545
vt 0.485981 0.045455
vt 0.485981 0.000000
vt 0.485981 0.090909
vt 0.485981 0.136364
vt 0.485981 0.181818
vt 0.485981 0.227273
vt 0.485981 0.272727
vt 0.485981 0.318182
vt 0.485981 0.363636
vt 0.485981 0.409091
vt 0.485981 0.454545
vt 0.485981 0.500000
vt 0.485981 0.545455
vt 0.485981 0.590909
vt 0.485981 0.636364
vt 0.485981 0.681818
vt 0.485981 0.727273
vt 0.485981 0.772727
vt 0.485981 0.818182
vt 0.485981 0.863636
vt 0.485981 0.909091
vt 0.495327 1.000000
vt 0.495327 0.954545
vt 0.495327 0.045455
vt 0.495327 0.000000
vt 0.495327 0.090909
vt 0.495327 0.136364
vt 0.495327 0.181818
vt 0.495327 0.227273
vt 0.495327 0.272727
vt 0.495327 0.318182
vt 0.495327 0.363636
vt 0.495327 0.409091
vt 0.495327 0.454545
vt 0.495327 0.500000
vt 0.495327 0.545455
vt 0.495327 0.590909
vt 0.495327 0.636364
vt 0.495327 0.681818
vt 0.495327 0.727273
vt 0.495327 0.772727
vt 0.495327 0.818182
vt 0.495327 0.863636
vt 0.495327 0.909091
vt 0.504673 1.000000
vt 0.504673 0.954545
vt 0.504673 0.045455
vt 0.504673 0.000000
vt 0.504673 0.090909
vt 0.504673 0.136364
vt 0.504673 0.181818
vt 0.504673 0.227273
vt 0.504673 0.272727
vt 0.504673 0.318182
vt 0.504673 0.363636
vt 0.504673 0.409091
vt 0.504673 0.454545
vt 0.504673 0.500000
vt 0.504673 0.545455
vt 0.504673 0.590909
vt 0.504673 0.636364
vt 0.504673 0.681818
vt 0.504673 0.727273
vt 0.504673 0.772727
vt 0.504673 0.818182
vt 0.504673 0.863636
vt 0.504673 0.909091
vt 0.514019 1.000000
vt 0.514019 0.954545
vt 0.514019 0.045455
vt 0.514019 0.000000
vt 0.514019 0.090909
vt 0.514019 0.136364
vt 0.514019 0.181818
vt 0.514019 0.227273
vt 0.514019 0.272727
vt 0.514019 0.318182
vt 0.514019 0.363636
vt 0.514019 0.409091
vt 0.514019 0.454545
vt 0.514019 0.500000
vt 0.514019 0.545455
vt 0.514019 0.590909
vt 0.514019 0.636364
vt 0.514019 0.681818
vt 0.514019 0.727273
vt 0.514019 0.772727
vt 0.514019 0.818182
vt 0.514019 0.863636
vt 0.514019 0.909091
vt 0.523364 1.000000
vt 0.523364 0.954545
vt 0.523364 0.045455
vt 0.523364 0.000000
vt 0.523364 0.090909
vt 0.523364 0.136364
vt 0.523364 0.181818
vt 0.523364 0.227273
vt 0.523364 0.272727
vt 0.523364 0.318182
vt 0.523364 0.363636
vt 0.523364 0.409091
vt 0.523364 0.454545
vt 0.523364 0.500000
vt 0.523364 0.545455
vt 0.523364 0.590909
vt 0.523364 0.636364
vt 0.523364 0.681818
vt 0.523364 0.727273
vt 0.523364 0.772727
vt 0.523364 0.818182
vt 0.523364 0.863636
vt 0.523364 0.909091
vt 0.532710 1.000000
vt 0.532710 0.954545
vt 0.532710 0.045455
vt 0.532710 0.000000
vt 0.532710 0.090909
vt 0.532710 0.136364
vt 0.532710 0.181818
vt 0.532710 0.227273
vt 0.532710 0.272727
vt 0.532710 0.318182
vt 0.532710 0.363636
vt 0.532710 0.409091
vt 0.532710 0.454545
vt 0.532710 0.500000
vt 0.532710 0.545455
vt 0.532710 0.590909
vt 0.532710 0.636364
vt 0.532710 0.681818
vt 0.532710 0.727273
vt 0.532710 0.772727
vt 0.532710 0.818182
vt 0.532710 0.863636
vt 0.532710 0.909091
vt 0.542056 1.000000
vt 0.542056 0.954545
vt 0.542056 0.045455
vt 0.542056 0.000000
vt 0.542056 0.090909
vt 0.542056 0.136364
vt 0.542056 0.181818
vt 0.542056 0.227273
vt 0.542056 0.272727
vt 0.542056 0.318182
vt 0.542056 0.363636
vt 0.542056 0.409091
vt 0.542056 0.454545
vt 0.542056 0.500000
vt 0.542056 0.545455
vt 0.542056 0.590909
vt 0.542056 0.636364
vt 0.542056 0.681818
vt 0.542056 0.727273
vt 0.542056 0.772727
vt 0.542056 0.818182
vt 0.542056 0.863636
vt 0.542056 0.909091
vt 0.551402 1.000000
vt 0.551402 0.954545
vt 0.551402 0.045455
vt 0.551402 0.000000
vt 0.551402 0.090909
vt 0.551402 0.136364
vt 0.551402 0.181818
vt 0.551402 0.227273
vt 0.551402 0.272727
vt 0.551402 0.318182
vt 0.551402 0.363636
vt 0.551402 0.409091
vt 0.551402 0.454545
vt 0.551402 0.500000
vt 0.551402 0.545455
vt 0.551402 0.590909
vt 0.551402 0.636364
vt 0.551402 0.681818
vt 0.551402 0.727273
vt 0.551402 0.772727
vt 0.551402 0.818182
vt 0.551402 0.863636
vt 0.551402 0.909091
vt 0.560748 1.000000
vt 0.560748 0.954545
vt 0.560748 0.045455
vt 0.560748 0.000000
vt 0.560748 0.090909
vt 0.560748 0.136364
vt 0.560748 0.181818
vt 0.560748 0.227273
vt 0.560748 0.272727
vt 0.560748 0.318182
vt 0.560748 0.363636
vt 0.560748 0.409091
vt 0.560748 0.454545
vt 0.560748 0.500000
vt 0.560748 0.545455
vt 0.560748 0.590909
vt 0.560748 0.636364
vt 0.560748 0.681818
vt 0.560748 0.727273
vt 0.560748 0.772727
vt 0.560748 0.818182
vt 0.560748 0.863636
vt 0.560748 0.909091
vt 0.570093 1.000000
vt 0.570093 0.954545
vt 0.570093 0.045455
vt 0.570093 0.000000
vt 0.570093 0.090909
vt 0.570093 0.136364
vt 0.570093 0.181818
vt 0.570093 0.227273
vt 0.570093 0.272727
vt 0.570093 0.318182
vt 0.570093 0.363636
vt 0.570093 0.409091
vt 0.570093 0.454545
vt 0.570093 0.500000
vt 0.570093 0.545455
vt 0.570093 0.590909
vt 0.570093 0.636364
vt 0.570093 0.681818
vt 0.570093 0.727273
vt 0.570093 0.772727
vt 0.570093 0.818182
vt 0.570093 0.863636
vt 0.570093 0.909091
vt 0.579439 1.000000
vt 0.579439 0.954545
vt 0.579439 0.045455
vt 0.579439 0.000000
vt 0.579439 0.090909
vt 0.579439 0.136364
vt 0.579439 0.181818
vt 0.579439 0.227273
vt 0.579439 0.272727
vt 0.579439 0.318182
vt 0.579439 0.363636
vt 0.579439 0.409091
vt 0.579439 0.454545
vt 0.579439 0.500000
vt 0.579439 0.545455
vt 0.579439 0.590909
vt 0.579439 0.636364
vt 0.579439 0.681818
vt 0.579439 0.727273
vt 0.579439 0.772727
vt 0.579439 0.818182
vt 0.579439 0.863636
vt 0.579439 0.909091
vt 0.588785 1.000000
vt 0.588785 0.954545
vt 0.588785 0.045455
vt 0.588785 0.000000
vt 0.588785 0.090909
vt 0.588785 0.136364
vt 0.588785 0.181818
vt 0.588785 0.227273
vt 0.588785 0.272727
vt 0.588785 0.318182
vt 0.588785 0.363636
vt 0.588785 0.409091
vt 0.588785 0.454545
vt 0.588785 0.500000
vt 0.588785 0.545455
vt 0.588785 0.590909
vt 0.588785 0.636364
vt 0.588785 0.681818
vt 0.588785 0.727273
vt 0.588785 0.772727
vt 0.588785 0.818182
vt 0.588785 0.863636
vt 0.588785 0.909091
vt 0.598131 1.000000
vt 0.598131 0.954545
vt 0.598131 0.045455
vt 0.598131 0.000000
vt 0.598131 0.090909
vt 0.598131 0.136364
vt 0.598131 0.181818
vt 0.598131 0.227273
vt 0.598131 0.272727
vt 0.598131 0.318182
vt 0.598131 0.363636
vt 0.598131 0.409091
vt 0.598131 0.454545
vt 0.598131 0.500000
vt 0.598131 0.545455
vt 0.598131 0.590909
vt 0.598131 0.636364
vt 0.598131 0.681818
vt 0.598131 0.727273
vt 0.598131 0.772727
vt 0.598131 0.818182
vt 0.598131 0.863636
vt 0.598131 0.909091
vt 0.607477 1.000000
vt 0.607477 0.954545
vt 0.607477 0.045455
vt 0.607477 0.000000
vt 0.607477 0.090909
vt 0.607477 0.136364
vt 0.607477 0.181818
vt 0.607477 0.227273
vt 0.607477 0.272727
vt 0.607477 0.318182
vt 0.607477 0.363636
vt 0.607477 0.409091
vt 0.607477 0.454545
vt 0.607477 0.500000
vt 0.607477 0.545455
vt 0.607477 0.590909
vt 0.607477 0.636364
vt 0.607477 0.681818
vt 0.607477 0.727273
vt 0.607477 0.772727
vt 0.607477 0.818182
vt 0.607477 0.863636
vt 0.607477 0.909091
vt 0.616822 1.000000
vt 0.616822 0.954545
vt 0.616822 0.045455
vt 0.616822 0.000000
vt 0.616822 0.090909
vt 0.616822 0.136364
vt 0.616822 0.181818
vt 0.616822 0.227273
vt 0.616822 0.272727
vt 0.616822 0.318182
vt 0.616822 0.363636
vt 0.616822 0.409091
vt 0.616822 0.454545
vt 0.616822 0.500000
vt 0.616822 0.545455
vt 0.616822 0.590909
vt 0.616822 0.636364
vt 0.616822 0.681818
vt 0.616822 0.727273
vt 0.616822 0.772727
vt 0.616822 0.818182
vt 0.616822 0.863636
vt 0.616822 0.909091
vt 0.626168 1.000000
vt 0.626168 0.954545
vt 0.626168 0.045455
vt 0.626168 0.000000
vt 0.626168 0.090909
vt 0.626168 0.136364
vt 0.626168 0.181818
vt 0.626168 0.227273
vt 0.626168 0.272727
vt 0.626168 0.318182
vt 0.626168 0.363636
vt 0.626168 0.409091
vt 0.626168 0.454545
vt 0.626168 0.500000
vt 0.626168 0.545455
vt 0.626168 0.590909
vt 0.626168 0.636364
vt 0.626168 0.681818
vt 0.626168 0.727273
vt 0.626168 0.772727
vt 0.626168 0.818182
vt 0.626168 0.863636
vt 0.626168 0.909091
vt 0.635514 1.000000
vt 0.635514 0.954545
vt 0.635514 0.045455
vt 0.635514 0.000000
vt 0.635514 0.090909
vt 0.635514 0.136364
vt 0.635514 0.181818
vt 0.635514 0.227273
vt 0.635514 0.272727
vt 0.635514 0.318182
vt 0.635514 0.363636
vt 0.635514 0.409091
vt 0.635514 0.454545
vt 0.635514 0.500000
vt 0.635514 0.545455
vt 0.635514 0.590909
vt 0.635514 0.636364
vt 0.635514 0.681818
vt 0.635514 0.727273
vt 0.635514 0.772727
vt 0.635514 0.818182
vt 0.635514 0.863636
vt 0.635514 0.909091
vt 0.644860 1.000000
vt 0.644860 0.954545
vt 0.644860 0.045455
vt 0.644860 0.000000
vt 0.644860 0.090909
vt 0.644860 0.136364
vt 0.644860 0.181818
vt 0.644860 0.227273
vt 0.644860 0.272727
vt 0.644860 0.318182
vt 0.644860 0.363636
vt 0.644860 0.409091
vt 0.644860 0.454545
vt 0.644860 0.500000
vt 0.644860 0.545455
vt 0.644860 0.590909
vt 0.644860 0.636364
vt 0.644860 0.681818
vt 0.644860 0.727273
vt 0.644860 0.772727
vt 0.644860 0.818182
vt 0.644860 0.863636
vt 0.644860 0.909091
vt 0.654206 1.000000
vt 0.654206 0.954545
vt 0.654206 0.045455
vt 0.654206 0.000000
vt 0.654206 0.090909
vt 0.654206 0.136364
vt 0.654206 0.181818
vt 0.654206 0.227273
vt 0.654206 0.272727
vt 0.654206 0.318182
vt 0.654206 0.363636
vt 0.654206 0.409091
vt 0.654206 0.454545
vt 0.654206 0.500000
vt 0.654206 0.545455
vt 0.654206 0.590909
vt 0.654206 0.636364
vt 0.654206 0.681818
vt 0.654206 0.727273
vt 0.654206 0.772727
vt 0.654206 0.818182
vt 0.654206 0.863636
vt 0.654206 0.909091
vt 0.663551 1.000000
vt 0.663551 0.954545
vt 0.663551 0.045455
vt 0.663551 0.000000
vt 0.663551 0.090909
vt 0.663551 0.136364
vt 0.663551 0.181818
vt 0.663551 0.227273
vt 0.663551 0.272727
vt 0.663551 0.318182
vt 0.663551 0.363636
vt 0.663551 0.409091
vt 0.663551 0.454545
vt 0.663551 0.500000
vt 0.663551 0.545455
vt 0.663551 0.590909
vt 0.663551 0.636364
vt 0.663551 0.681818
vt 0.663551 0.727273
vt 0.663551 0.772727
vt 0.663551 0.818182
vt 0.663551 0.863636
vt 0.663551 0.909091
vt 0.672897 1.000000
vt 0.672897 0.954545
vt 0.672897 0.045455
vt 0.672897 0.000000
vt 0.672897 0.090909
vt 0.672897 0.136364
vt 0.672897 0.181818
vt 0.672897 0.227273
vt 0.672897 0.272727
vt 0.672897 0.318182
vt 0.672897 0.363636
vt 0.672897 0.409091
vt 0.672897 0.454545
vt 0.672897 0.500000
vt 0.672897 0.545455
vt 0.672897 0.590909
vt 0.672897 0.636364
vt 0.672897 0.681818
vt 0.672897 0.727273
vt 0.672897 0.772727
vt 0.672897 0.818182
vt 0.672897 0.863636
vt 0.672897 0.909091
vt 0.682243 1.000000
vt 0.682243 0.954545
vt 0.682243 0.045455
vt 0.682243 0.000000
vt 0.682243 0.090909
vt 0.682243 0.136364
vt 0.682243 0.181818
vt 0.682243 0.227273
vt 0.682243 0.272727
vt 0.682243 0.318182
vt 0.682243 0.363636
vt 0.682243 0.409091
vt 0.682243 0.454545
vt 0.682243 0.500000
vt 0.682243 0.545455
vt 0.682243 0.590909
vt 0.682243 0.636364
vt 0.682243 0.681818
vt 0.682243 0.727273
vt 0.682243 0.772727
vt 0.682243 0.818182
vt 0.682243 0.863636
vt 0.682243 0.909091
vt 0.691589 1.000000
vt 0.691589 0.954545
vt 0.691589 0.045455
vt 0.691589 0.000000
vt 0.691589 0.090909
vt 0.691589 0.136364
vt 0.691589 0.181818
vt 0.691589 0.227273
vt 0.691589 0.272727
vt 0.691589 0.318182
vt 0.691589 0.363636
vt 0.691589 0.409091
vt 0.691589 0.454545
vt 0.691589 0.500000
vt 0.691589 0.545455
vt 0.691589 0.590909
vt 0.691589 0.636364
vt 0.691589 0.681818
vt 0.691589 0.727273
vt 0.691589 0.772727
vt 0.691589 0.818182
vt 0.691589 0.863636
vt 0.691589 0.909091
vt 0.700935 1.000000
vt 0.700935 0.954545
vt 0.700935 0.045455
vt 0.700935 0.000000
vt 0.700935 0.090909
vt 0.700935 0.136364
vt 0.700935 0.181818
vt 0.700935 0.227273
vt 0.700935 0.272727
vt 0.700935 0.318182
vt 0.700935 0.363636
vt 0.700935 0.409091
vt 0.700935 0.454545
vt 0.700935 0.500000
vt 0.700935 0.545455
vt 0.700935 0.590909
vt 0.700935 0.636364
vt 0.700935 0.681818
vt 0.700935 0.727273
vt 0.700935 0.772727
vt 0.700935 0.818182
vt 0.700935 0.863636
vt 0.700935 0.909091
vt 0.710280 1.000000
vt 0.710280 0.954545
vt 0.710280 0.045455
vt 0.710280 0.000000
vt 0.710280 0.090909
vt 0.710280 0.136364
vt 0.710280 0.181818
vt 0.710280 0.227273
vt 0.710280 0.272727
vt 0.710280 0.318182
vt 0.710280 0.363636
vt 0.710280 0.409091
vt 0.710280 0.454545
vt 0.710280 0.500000
vt 0.710280 0.545455
vt 0.710280 0.590909
vt 0.710280 0.636364
vt 0.710280 0.681818
vt 0.710280 0.727273
vt 0.710280 0.772727
vt 0.710280 0.818182
vt 0.710280 0.863636
vt 0.710280 0.909091
vt 0.719626 1.000000
vt 0.719626 0.954545
vt 0.719626 0.045455
vt 0.719626 0.000000
vt 0.719626 0.090909
vt 0.719626 0.136364
vt 0.719626 0.181818
vt 0.719626 0.227273
vt 0.719626 0.272727
vt 0.719626 0.318182
vt 0.719626 0.363636
vt 0.719626 0.409091
vt 0.719626 0.454545
vt 0.719626 0.500000
vt 0.719626 0.545455
vt 0.719626 0.590909
vt 0.719626 0.636364
vt 0.719626 0.681818
vt 0.719626 0.727273
vt 0.719626 0.772727
vt 0.719626 0.818182
vt 0.719626 0.863636
vt 0.719626 0.909091
vt 0.728972 1.000000
vt 0.728972 0.954545
vt 0.728972 0.045455
vt 0.728972 0.000000
vt 0.728972 0.090909
vt 0.728972 0.136364
vt 0.728972 0.181818
vt 0.728972 0.227273
vt 0.728972 0.272727
vt 0.728972 0.318182
vt 0.728972 0.363636
vt 0.728972 0.409091
vt 0.728972 0.454545
vt 0.728972 0.500000
vt 0.728972 0.545455
vt 0.728972 0.590909
vt 0.728972 0.636364
vt 0.728972 0.681818
vt 0.728972 0.727273
vt 0.728972 0.772727
vt 0.728972 0.818182
vt 0.728972 0.863636
vt 0.728972 0.909091
vt 0.738318 1.000000
vt 0.738318 0.954545
vt 0.738318 0.045455
vt 0.738318 0.000000
vt 0.738318 0.090909
vt 0.738318 0.136364
vt 0.738318 0.181818
vt 0.738318 0.227273
vt 0.738318 0.272727
vt 0.738318 0.318182
vt 0.738318 0.363636
vt 0.738318 0.409091
vt 0.738318 0.454545
vt 0.738318 0.500000
vt 0.738318 0.545455
vt 0.738318 0.590909
vt 0.738318 0.636364
vt 0.738318 0.681818
vt 0.738318 0.727273
vt 0.738318 0.772727
vt 0.738318 0.818182
vt 0.738318 0.863636
vt 0.738318 0.909091
vt 0.747664 1.000000
vt 0.747664 0.954545
vt 0.747664 0.045455
vt 0.747664 0.000000
vt 0.747664 0.090909
vt 0.747664 0.136364
vt 0.747664 0.181818
vt 0.747664 0.227273
vt 0.747664 0.272727
vt 0.747664 0.318182
vt 0.747664 0.363636
vt 0.747664 0.409091
vt 0.747664 0.454545
vt 0.747664 0.500000
vt 0.747664 0.545455
vt 0.747664 0.590909
vt 0.747664 0.636364
vt 0.747664 0.681818
vt 0.747664 0.727273
vt 0.747664 0.772727
vt 0.747664 0.818182
vt 0.747664 0.863636
vt 0.747664 0.909091
vt 0.757009 1.000000
vt 0.757009 0.954545
vt 0.757009 0.045455
vt 0.757009 0.000000
vt 0.757009 0.090909
vt 0.757009 0.136364
vt 0.757009 0.181818
vt 0.757009 0.227273
vt 0.757009 0.272727
vt 0.757009 0.318182
vt 0.757009 0.363636
vt 0.757009 0.409091
vt 0.757009 0.454545
vt 0.757009 0.500000
vt 0.757009 0.545455
vt 0.757009 0.590909
vt 0.757009 0.636364
vt 0.757009 0.681818
vt 0.757009 0.727273
vt 0.757009 0.772727
vt 0.757009 0.818182
vt 0.757009 0.863636
vt 0.757009 0.909091
vt 0.766355 1.000000
vt 0.766355 0.954545
vt 0.766355 0.045455
vt 0.766355 0.000000
vt 0.766355 0.090909
vt 0.766355 0.136364
vt 0.766355 0.181818
vt 0.766355 0.227273
vt 0.766355 0.272727
vt 0.766355 0.318182
vt 0.766355 0.363636
vt 0.766355 0.409091
vt 0.766355 0.454545
vt 0.766355 0.500000
vt 0.766355 0.545455
vt 0.766355 0.590909
vt 0.766355 0.636364
vt 0.766355 0.681818
vt 0.766355 0.727273
vt 0.766355 0.772727
vt 0.766355 0.818182
vt 0.766355 0.863636
vt 0.766355 0.909091
vt 0.775701 1.000000
vt 0.775701 0.954545
vt 0.775701 0.045455
vt 0.775701 0.000000
vt 0.775701 0.090909
vt 0.775701 0.136364
vt 0.775701 0.181818
vt 0.775701 0.227273
vt 0.775701 0.272727
vt 0.775701 0.318182
vt 0.775701 0.363636
vt 0.775701 0.409091
vt 0.775701 0.454545
vt 0.775701 0.500000
vt 0.775701 0.545455
vt 0.775701 0.590909
vt 0.775701 0.636364
vt 0.775701 0.681818
vt 0.775701 0.727273
vt 0.775701 0.772727
vt 0.775701 0.818182
vt 0.775701 0.863636
vt 0.775701 0.909091
vt 0.785047 1.000000
vt 0.785047 0.954545
vt 0.785047 0.045455
vt 0.785047 0.000000
vt 0.785047 0.090909
vt 0.785047 0.136364
vt 0.785047 0.181818
vt 0.785047 0.227273
vt 0.785047 0.272727
vt 0.785047 0.318182
vt 0.785047 0.363636
vt 0.785047 0.409091
vt 0.785047 0.454545
vt 0.785047 0.500000
vt 0.785047 0.545455
vt 0.785047 0.590909
vt 0.785047 0.636364
vt 0.785047 0.681818
vt 0.785047 0.727273
vt 0.785047 0.772727
vt 0.785047 0.818182
vt 0.785047 0.863636
vt 0.785047 0.909091
vt 0.794393 1.000000
vt 0.794393 0.954545
vt 0.794393 0.045455
vt 0.794393 0.000000
vt 0.794393 0.090909
vt 0.794393 0.136364
vt 0.794393 0.181818
vt 0.794393 0.227273
vt 0.794393 0.272727
vt 0.794393 0.318182
vt 0.794393 0.363636
vt 0.794393 0.409091
vt 0.794393 0.454545
vt 0.794393 0.500000
vt 0.794393 0.545455
vt 0.794393 0.590909
vt 0.794393 0.636364
vt 0.794393 0.681818
vt 0.794393 0.727273
vt 0.794393 0.772727
vt 0.794393 0.818182
vt 0.794393 0.863636
vt 0.794393 0.909091
vt 0.803738 1.000000
vt 0.803738 0.954545
vt 0.803738 0.045455
vt 0.803738 0.000000
vt 0.803738 0.090909
vt 0.803738 0.136364
vt 0.803738 0.181818
vt 0.803738 0.227273
vt 0.803738 0.272727
vt 0.803738 0.318182
vt 0.803738 0.363636
vt 0.803738 0.409091
vt 0.803738 0.454545
vt 0.803738 0.500000
vt 0.803738 0.545455
vt 0.803738 0.590909
vt 0.803738 0.636364
vt 0.803738 0.681818
vt 0.803738 0.727273
vt 0.803738 0.772727
vt 0.803738 0.818182
vt 0.803738 0.863636
vt 0.803738 0.909091
vt 0.813084 1.000000
vt 0.813084 0.954545
vt 0.813084 0.045455
vt 0.813084 0.000000
vt 0.813084 0.090909
vt 0.813084 0.136364
vt 0.813084 0.181818
vt 0.813084 0.227273
vt 0.813084 0.272727
vt 0.813084 0.318182
vt 0.813084 0.363636
vt 0.813084 0.409091
vt 0.813084 0.454545
vt 0.813084 0.500000
vt 0.813084 0.545455
vt 0.813084 0.590909
vt 0.813084 0.636364
vt 0.813084 0.681818
vt 0.813084 0.727273
vt 0.813084 0.772727
vt 0.813084 0.818182
vt 0.813084 0.863636
vt 0.813084 0.909091
vt 0.822430 1.000000
vt 0.822430 0.954545
vt 0.822430 0.045455
vt 0.822430 0.000000
vt 0.822430 0.090909
vt 0.822430 0.136364
vt 0.822430 0.181818
vt 0.822430 0.227273
vt 0.822430 0.272727
vt 0.822430 0.318182
vt 0.822430 0.363636
vt 0.822430 0.409091
vt 0.822430 0.454545
vt 0.822430 0.500000
vt 0.822430 0.545455
vt 0.822430 0.590909
vt 0.822430 0.636364
vt 0.822430 0.681818
vt 0.822430 0.727273
vt 0.822430 0.772727
vt 0.822430 0.818182
vt 0.822430 0.863636
vt 0.822430 0.909091
vt 0.831776 1.000000
vt 0.831776 0.954545
vt 0.831776 0.045455
vt 0.831776 0.000000
vt 0.831776 0.090909
vt 0.831776 0.136364
vt 0.831776 0.181818
vt 0.831776 0.227273
vt 0.831776 0.272727
vt 0.831776 0.318182
vt 0.831776 0.363636
vt 0.831776 0.409091
vt 0.831776 0.454545
vt 0.831776 0.500000
vt 0.831776 0.545455
vt 0.831776 0.590909
vt 0.831776 0.636364
vt 0.831776 0.681818
vt 0.831776 0.727273
vt 0.831776 0.772727
vt 0.831776 0.818182
vt 0.831776 0.863636
vt 0.831776 0.909091
vt 0.841121 1.000000
vt 0.841121 0.954545
vt 0.841121 0.045455
vt 0.841121 0.000000
vt 0.841121 0.090909
vt 0.841121 0.136364
vt 0.841121 0.181818
vt 0.841121 0.227273
vt 0.841121 0.272727
vt 0.841121 0.318182
vt 0.841121 0.363636
vt 0.841121 0.409091
vt 0.841121 0.454545
vt 0.841121 0.500000
vt 0.841121 0.545455
vt 0.841121 0.590909
vt 0.841121 0.636364
vt 0.841121 0.681818
vt 0.841121 0.727273
vt 0.841121 0.772727
vt 0.841121 0.818182
vt 0.841121 0.863636
vt 0.841121 0.909091
vt 0.850467 1.000000
vt 0.850467 0.954545
vt 0.850467 0.045455
vt 0.850467 0.000000
vt 0.850467 0.090909
vt 0.850467 0.136364
vt 0.850467 0.181818
vt 0.850467 0.227273
vt 0.850467 0.272727
vt 0.850467 0.318182
vt 0.850467 0.363636
vt 0.850467 0.409091
vt 0.850467 0.454545
vt 0.850467 0.500000
vt 0.850467 0.545455
vt 0.850467 0.590909
vt 0.850467 0.636364
vt 0.850467 0.681818
vt 0.850467 0.727273
vt 0.850467 0.772727
vt 0.850467 0.818182
vt 0.850467 0.863636
vt 0.850467 0.909091
vt 0.859813 1.000000
vt 0.859813 0.954545
vt 0.859813 0.045455
vt 0.859813 0.000000
vt 0.859813 0.090909
vt 0.859813 0.136364
vt 0.859813 0.181818
vt 0.859813 0.227273
vt 0.859813 0.272727
vt 0.859813 0.318182
vt 0.859813 0.363636
vt 0.859813 0.409091
vt 0.859813 0.454545
vt 0.859813 0.500000
vt 0.859813 0.545455
vt 0.859813 0.590909
vt 0.859813 0.636364
vt 0.859813 0.681818
vt 0.859813 0.727273
vt 0.859813 0.772727
vt 0.859813 0.818182
vt 0.859813 0.863636
vt 0.859813 0.909091
vt 0.869159 1.000000
vt 0.869159 0.954545
vt 0.869159 0.045455
vt 0.869159 0.000000
vt 0.869159 0.090909
vt 0.869159 0.136364
vt 0.869159 0.181818
vt 0.869159 0.227273
vt 0.869159 0.272727
vt 0.869159 0.318182
vt 0.869159 0.363636
vt 0.869159 0.409091
vt 0.869159 0.454545
vt 0.869159 0.500000
vt 0.869159 0.545455
vt 0.869159 0.590909
vt 0.869159 0.636364
vt 0.869159 0.681818
vt 0.869159 0.727273
vt 0.869159 0.772727
vt 0.869159 0.818182
vt 0.869159 0.863636
vt 0.869159 0.909091
vt 0.878505 1.000000
vt 0.878505 0.954545
vt 0.878505 0.045455
vt 0.878505 0.000000
vt 0.878505 0.090909
vt 0.878505 0.136364
vt 0.878505 0.181818
vt 0.878505 0.227273
vt 0.878505 0.272727
vt 0.878505 0.318182
vt 0.878505 0.363636
vt 0.878505 0.409091
vt 0.878505 0.454545
vt 0.878505 0.500000
vt 0.878505 0.545455
vt 0.878505 0.590909
vt 0.878505 0.636364
vt 0.878505 0.681818
vt 0.878505 0.727273
vt 0.878505 0.772727
vt 0.878505 0.818182
vt 0.878505 0.863636
vt 0.878505 0.909091
vt 0.887850 1.000000
vt 0.887850 0.954545
vt 0.887850 0.045455
vt 0.887850 0.000000
vt 0.887850 0.090909
vt 0.887850 0.136364
vt 0.887850 0.181818
vt 0.887850 0.227273
vt 0.887850 0.272727
vt 0.887850 0.318182
vt 0.887850 0.363636
vt 0.887850 0.409091
vt 0.887850 0.454545
vt 0.887850 0.500000
vt 0.887850 0.545455
vt 0.887850 0.590909
vt 0.887850 0.636364
vt 0.887850 0.681818
vt 0.887850 0.727273
vt 0.887850 0.772727
vt 0.887850 0.818182
vt 0.887850 0.863636
vt 0.887850 0.909091
vt 0.897196 1.000000
vt 0.897196 0.954545
vt 0.897196 0.045455
vt 0.897196 0.000000
vt 0.897196 0.090909
vt 0.897196 0.136364
vt 0.897196 0.181818
vt 0.897196 0.227273
vt 0.897196 0.272727
vt 0.897196 0.318182
vt 0.897196 0.363636
vt 0.897196 0.409091
vt 0.897196 0.454545
vt 0.897196 0.500000
vt 0.897196 0.545455
vt 0.897196 0.590909
vt 0.897196 0.636364
vt 0.897196 0.681818
vt 0.897196 0.727273
vt 0.897196 0.772727
vt 0.897196 0.818182
vt 0.897196 0.863636
vt 0.897196 0.909091
vt 0.906542 1.000000
vt 0.906542 0.954545
vt 0.906542 0.045455
vt 0.906542 0.000000
vt 0.906542 0.090909
vt 0.906542 0.136364
vt 0.906542 0.181818
vt 0.906542 0.227273
vt 0.906542 0.272727
vt 0.906542 0.318182
vt 0.906542 0.363636
vt 0.906542 0.409091
vt 0.906542 0.454545
vt 0.906542 0.500000
vt 0.906542 0.545455
vt 0.906542 0.590909
vt 0.906542 0.636364
vt 0.906542 0.681818
vt 0.906542 0.727273
vt 0.906542 0.772727
vt 0.906542 0.818182
vt 0.906542 0.863636
vt 0.906542 0.909091
vt 0.915888 1.000000
vt 0.915888 0.954545
vt 0.915888 0.045455
vt 0.915888 0.000000
vt 0.915888 0.090909
vt 0.915888 0.136364
vt 0.915888 0.181818
vt 0.915888 0.227273
vt 0.915888 0.272727
vt 0.915888 0.318182
vt 0.915888 0.363636
vt 0.915888 0.409091
vt 0.915888 0.454545
vt 0.915888 0.500000
vt 0.915888 0.545455
vt 0.915888 0.590909
vt 0.915888 0.636364
vt 0.915888 0.681818
vt 0.915888 0.727273
vt 0.915888 0.772727
vt 0.915888 0.818182
vt 0.915888 0.863636
vt 0.915888 0.909091
vt 0.925234 1.000000
vt 0.925234 0.954545
vt 0.925234 0.045455
vt 0.925234 0.000000
vt 0.925234 0.090909
vt 0.925234 0.136364
vt 0.925234 0.181818
vt 0.925234 0.227273
vt 0.925234 0.272727
vt 0.925234 0.318182
vt 0.925234 0.363636
vt 0.925234 0.409091
vt 0.925234 0.454545
vt 0.925234 0.500000
vt 0.925234 0.545455
vt 0.925234 0.590909
vt 0.925234 0.636364
vt 0.925234 0.681818
vt 0.925234 0.727273
vt 0.925234 0.772727
vt 0.925234 0.818182
vt 0.925234 0.863636
vt 0.925234 0.909091
vt 0.934579 1.000000
vt 0.934579 0.954545
vt 0.934579 0.045455
vt 0.934579 0.000000
vt 0.934579 0.090909
vt 0.934579 0.136364
vt 0.934579 0.181818
vt 0.934579 0.227273
vt 0.934579 0.272727
vt 0.934579 0.318182
vt 0.934579 0.363636
vt 0.934579 0.409091
vt 0.934579 0.454545
vt 0.934579 0.500000
vt 0.934579 0.545455
vt 0.934579 0.590909
vt 0.934579 0.636364
vt 0.934579 0.681818
vt 0.934579 0.727273
vt 0.934579 0.772727
vt 0.934579 0.818182
vt 0.934579 0.863636
vt 0.934579 0.909091
vt 0.943925 1.000000
vt 0.943925 0.954545
vt 0.943925 0.045455
vt 0.943925 0.000000
vt 0.943925 0.090909
vt 0.943925 0.136364
vt 0.943925 0.181818
vt 0.943925 0.227273
vt 0.943925 0.272727
vt 0.943925 0.318182
vt 0.943925 0.363636
vt 0.943925 0.409091
vt 0.943925 0.454545
vt 0.943925 0.500000
vt 0.943925 0.545455
vt 0.943925 0.590909
vt 0.943925 0.636364
vt 0.943925 0.681818
vt 0.943925 0.727273
vt 0.943925 0.772727
vt 0.943925 0.818182
vt 0.943925 0.863636
vt 0.943925 0.909091
vt 0.953271 1.000000
vt 0.953271 0.954545
vt 0.953271 0.045455
vt 0.953271 0.000000
vt 0.953271 0.090909
vt 0.953271 0.136364
vt 0.953271 0.181818
vt 0.953271 0.227273
vt 0.953271 0.272727
vt 0.953271 0.318182
vt 0.953271 0.363636
vt 0.953271 0.409091
vt 0.953271 0.454545
vt 0.953271 0.500000
vt 0.953271 0.545455
vt 0.953271 0.590909
vt 0.953271 0.636364
vt 0.953271 0.681818
vt 0.953271 0.727273
vt 0.953271 0.772727
vt 0.953271 0.818182
vt 0.953271 0.863636
vt 0.953271 0.909091
vt 0.962617 1.000000
vt 0.962617 0.954545
vt 0.962617 0.045455
vt 0.962617 0.000000
vt 0.962617 0.090909
vt 0.962617 0.136364
vt 0.962617 0.181818
vt 0.962617 0.227273
vt 0.962617 0.272727
vt 0.962617 0.318182
vt 0.962617 0.363636
vt 0.962617 0.409091
vt 0.962617 0.454545
vt 0.962617 0.500000
vt 0.962617 0.545455
vt 0.962617 0.590909
vt 0.962617 0.636364
vt 0.962617 0.681818
vt 0.962617 0.727273
vt 0.962617 0.772727
vt 0.962617 0.818182
vt 0.962617 0.863636
vt 0.962617 0.909091
vt 0.971963 1.000000
vt 0.971963 0.954545
vt 0.971963 0.045455
vt 0.971963 0.000000
vt 0.971963 0.090909
vt 0.971963 0.136364
vt 0.971963 0.181818
vt 0.971963 0.227273
vt 0.971963 0.272727
vt 0.971963 0.318182
vt 0.971963 0.363636
vt 0.971963 0.409091
vt 0.971963 0.454545
vt 0.971963 0.500000
vt 0.971963 0.545455
vt 0.971963 0.590909
vt 0.971963 0.636364
vt 0.971963 0.681818
vt 0.971963 0.727273
vt 0.971963 0.772727
vt 0.971963 0.818182
vt 0.971963 0.863636
vt 0.971963 0.909091
vt 0.981308 1.000000
vt 0.981308 0.954545
vt 0.981308 0.045455
vt 0.981308 0.000000
vt 0.981308 0.090909
vt 0.981308 0.136364
vt 0.981308 0.181818
vt 0.981308 0.227273
vt 0.981308 0.272727
vt 0.981308 0.318182
vt 0.981308 0.363636
vt 0.981308 0.409091
vt 0.981308 0.454545
vt 0.981308 0.500000
vt 0.981308 0.545455
vt 0.981308 0.590909
vt 0.981308 0.636364
vt 0.981308 0.681818
vt 0.981308 0.727273
vt 0.981308 0.772727
vt 0.981308 0.818182
vt 0.981308 0.863636
vt 0.981308 0.909091
vt 0.990654 1.000000
vt 0.990654 0.954545
vt 0.990654 0.045455
vt 0.990654 0.000000
vt 0.990654 0.090909
vt 0.990654 0.136364
vt 0.990654 0.181818
vt 0.990654 0.227273
vt 0.990654 0.272727
vt 0.990654 0.318182
vt 0.990654 0.363636
vt 0.990654 0.409091
vt 0.990654 0.454545
vt 0.990654 0.500000
vt 0.990654 0.545455
vt 0.990654 0.590909
vt 0.990654 0.636364
vt 0.990654 0.681818
vt 0.990654 0.727273
vt 0.990654 0.772727
vt 0.990654 0.818182
vt 0.990654 0.863636
vt 0.990654 0.909091
vt 1.000000 1.000000
vt 1.000000 0.954545
vt 1.000000 0.045455
vt 1.000000 0.000000
vt 1.000000 0.090909
vt 1.000000 0.136364
vt 1.000000 0.181818
vt 1.000000 0.227273
vt 1.000000 0.272727
vt 1.000000 0.318182
vt 1.000000 0.363636
vt 1.000000 0.409091
vt 1.000000 0.454545
vt 1.000000 0.500000
vt 1.000000 0.545455
vt 1.000000 0.590909
vt 1.000000 0.636364
vt 1.000000 0.681818
vt 1.000000 0.727273
vt 1.000000 0.772727
vt 1.000000 0.818182
vt 1.000000 0.863636
vt 1.000000 0.909091
s 1
f 2377/2485/925 2399/2486/926 2420/2487/927 2398/2488/928
f 2378/2489/929 2400/2490/930 2399/2491/926 2377/2492/925
f 2379/2493/931 2401/2494/932 2400/2490/930 2378/2489/929
f 2380/2495/933 2402/2496/934 2401/2494/932 2379/2493/931
f 2381/2497/935 2403/2498/936 2402/2496/934 2380/2495/933
f 2382/2499/937 2404/2500/938 2403/2498/936 2381/2497/935
f 2383/2501/939 2405/2502/940 2404/2500/938 2382/2499/937
f 2384/2503/941 2406/2504/942 2405/2502/940 2383/2501/939
f 2385/2505/943 2407/2506/944 2406/2504/942 2384/2503/941
f 2386/2507/945 2408/2508/946 2407/2506/944 2385/2505/943
f 2387/2509/947 2409/2510/948 2408/2508/946 2386/2507/945
f 2388/2511/949 2410/2512/950 2409/2510/948 2387/2509/947
f 2389/2513/951 2411/2514/952 2410/2512/950 2388/2511/949
f 2390/2515/953 2412/2516/954 2411/2514/952 2389/2513/951
f 2391/2517/955 2413/2518/956 2412/2516/954 2390/2515/953
f 2392/2519/957 2414/2520/958 2413/2518/956 2391/2517/955
f 2393/2521/959 2415/2522/960 2414/2520/958 2392/2519/957
f 2394/2523/961 2416/2524/962 2415/2522/960 2393/2521/959
f 2395/2525/963 2417/2526/964 2416/2524/962 2394/2523/961
f 2396/2527/965 2418/2528/966 2417/2526/964 2395/2525/963
f 2397/2529/967 2419/2530/968 2418/2528/966 2396/2527/965
f 2398/2488/928 2420/2487/927 2419/2530/968 2397/2529/967
f 2399/2486/926 2421/2531/969 2442/2532/970 2420/2487/927
f 2400/2490/930 2422/2533/971 2421/2534/969 2399/2491/926
f 2401/2494/932 2423/2535/972 2422/2533/971 2400/2490/930
f 2402/2496/934 2424/2536/973 2423/2535/972 2401/2494/932
f 2403/2498/936 2425/2537/974 2424/2536/973 2402/2496/934
f 2404/2500/938 2426/2538/975 2425/2537/974 2403/2498/936
f 2405/2502/940 2427/2539/976 2426/2538/975 2404/2500/938
f 2406/2504/942 2428/2540/977 2427/2539/976 2405/2502/940
f 2407/2506/944 2429/2541/978 2428/2540/977 2406/2504/942
f 2408/2508/946 2430/2542/979 2429/2541/978 2407/2506/944
f 2409/2510/948 2431/2543/980 2430/2542/979 2408/2508/946
f 2410/2512/950 2432/2544/981 2431/2543/980 2409/2510/948
f 2411/2514/952 2433/2545/982 2432/2544/981 2410/2512/950
f 2412/2516/954 2434/2546/983 2433/2545/982 2411/2514/952
f 2413/2518/956 2435/2547/984 2434/2546/983 2412/2516/954
f 2414/2520/958 2436/2548/985 2435/2547/984 2413/2518/956
f 2415/2522/960 2437/2549/986 2436/2548/985 2414/2520/958
f 2416/2524/962 2438/2550/987 2437/2549/986 2415/2522/960
f 2417/2526/964 2439/2551/988 2438/2550/987 2416/2524/962
f 2418/2528/966 2440/2552/989 2439/2551/988 2417/2526/964
f 2419/2530/968 2441/2553/990 2440/2552/989 2418/2528/966
f 2420/2487/927 2442/2532/970 2441/2553/990 2419/2530/968
f 2421/2531/969 2443/2554/991 2464/2555/992 2442/2532/970
f 2422/2533/971 2444/2556/993 2443/2557/991 2421/2534/969
f 2423/2535/972 2445/2558/994 2444/2556/993 2422/2533/971
f 2424/2536/973 2446/2559/995 2445/2558/994 2423/2535/972
f 2425/2537/974 2447/2560/996 2446/2559/995 2424/2536/973
f 2426/2538/975 2448/2561/997 2447/2560/996 2425/2537/974
f 2427/2539/976 2449/2562/998 2448/2561/997 2426/2538/975
f 2428/2540/977 2450/2563/999 2449/2562/998 2427/2539/976
f 2429/2541/978 2451/2564/1000 2450/2563/999 2428/2540/977
f 2430/2542/979 2452/2565/1001 2451/2564/1000 2429/2541/978
f 2431/2543/980 2453/2566/1002 2452/2565/1001 2430/2542/979
f 2432/2544/981 2454/2567/1003 2453/2566/1002 2431/2543/980
f 2433/2545/982 2455/2568/1004 2454/2567/1003 2432/2544/981
f 2434/2546/983 2456/2569/1005 2455/2568/1004 2433/2545/982
f 2435/2547/984 2457/2570/1006 2456/2569/1005 2434/2546/983
f 2436/2548/985 2458/2571/1007 2457/2570/1006 2435/2547/984
f 2437/2549/986 2459/2572/1008 2458/2571/1007 2436/2548/985
f 2438/2550/987 2460/2573/1009 2459/2572/1008 2437/2549/986
f 2439/2551/988 2461/2574/1010 2460/2573/1009 2438/2550/987
f 2440/2552/989 2462/2575/1011 2461/2574/1010 2439/2551/988
f 2441/2553/990 2463/2576/1012 2462/2575/1011 2440/2552/989
f 2442/2532/970 2464/2555/992 2463/2576/1012 2441/2553/990
f 2443/2554/991 2465/2577/1013 2486/2578/1014 2464/2555/992
f 2444/2556/993 2466/2579/1015 2465/2580/1013 2443/2557/991
f 2445/2558/994 2467/2581/1016 2466/2579/1015 2444/2556/993
f 2446/2559/995 2468/2582/1017 2467/2581/1016 2445/2558/994
f 2447/2560/996 2469/2583/1018 2468/2582/1017 2446/2559/995
f 2448/2561/997 2470/2584/1019 2469/2583/1018 2447/2560/996
f 2449/2562/998 2471/2585/1020 2470/2584/1019 2448/2561/997
f 2450/2563/999 2472/2586/1021 2471/2585/1020 2449/2562/998
f 2451/2564/1000 2473/2587/1022 2472/2586/1021 2450/2563/999
f 2452/2565/1001 2474/2588/1023 2473/2587/1022 2451/2564/1000
f 2453/2566/1002 2475/2589/1024 2474/2588/1023 2452/2565/1001
f 2454/2567/1003 2476/2590/1025 2475/2589/1024 2453/2566/1002
f 2455/2568/1004 2477/2591/1026 2476/2590/1025 2454/2567/1003
f 2456/2569/1005 2478/2592/1027 2477/2591/1026 2455/2568/1004
f 2457/2570/1006 2479/2593/1028 2478/2592/1027 2456/2569/1005
f 2458/2571/1007 2480/2594/1029 2479/2593/1028 2457/2570/1006
f 2459/2572/1008 2481/2595/1030 2480/2594/1029 2458/2571/1007
f 2460/2573/1009 2482/2596/1031 2481/2595/1030 2459/2572/1008
f 2461/2574/1010 2483/2597/1032 2482/2596/1031 2460/2573/1009
f 2462/2575/1011 2484/2598/1033 2483/2597/1032 2461/2574/1010
f 2463/2576/1012 2485/2599/1034 2484/2598/1033 2462/2575/1011
f 2464/2555/992 2486/2578/1014 2485/2599/1034 2463/2576/1012
f 2465/2577/1013 2487/2600/1035 2508/2601/1036 2486/2578/1014
f 2466/2579/1015 2488/2602/1037 2487/2603/1035 2465/2580/1013
f 2467/2581/1016 2489/2604/1038 2488/2602/1037 2466/2579/1015
f 2468/2582/1017 2490/2605/1039 2489/2604/1038 2467/2581/1016
f 2469/2583/1018 2491/2606/1040 2490/2605/1039 2468/2582/1017
f 2470/2584/1019 2492/2607/1041 2491/2606/1040 2469/2583/1018
f 2471/2585/1020 2493/2608/1042 2492/2607/1041 2470/2584/1019
f 2472/2586/1021 2494/2609/1043 2493/2608/1042 2471/2585/1020
f 2473/2587/1022 2495/2610/1044 2494/2609/1043 2472/2586/1021
f 2474/2588/1023 2496/2611/1045 2495/2610/1044 2473/2587/1022
f 2475/2589/1024 2497/2612/1046 2496/2611/1045 2474/2588/1023
f 2476/2590/1025 2498/2613/1047 2497/2612/1046 2475/2589/1024
f 2477/2591/1026 2499/2614/1048 2498/2613/1047 2476/2590/1025
f 2478/2592/1027 2500/2615/1049 2499/2614/1048 2477/2591/1026
f 2479/2593/1028 2501/2616/1050 2500/2615/1049 2478/2592/1027
f 2480/2594/1029 2502/2617/1051 2501/2616/1050 2479/2593/1028
f 2481/2595/1030 2503/2618/1052 2502/2617/1051 2480/2594/1029
f 2482/2596/1031 2504/2619/1053 2503/2618/1052 2481/2595/1030
f 2483/2597/1032 2505/2620/1054 2504/2619/1053 2482/2596/1031
f 2484/2598/1033 2506/2621/1055 2505/2620/1054 2483/2597/1032
f 2485/2599/1034 2507/2622/1056 2506/2621/1055 2484/2598/1033
f 2486/2578/1014 2508/2601/1036 2507/2622/1056 2485/2599/1034
f 2487/2600/1035 2509/2623/1057 2530/2624/1058 2508/2601/1036
f 2488/2602/1037 2510/2625/1059 2509/2626/1057 2487/2603/1035
f 2489/2604/1038 2511/2627/1060 2510/2625/1059 2488/2602/1037
f 2490/2605/1039 2512/2628/1061 2511/2627/1060 2489/2604/1038
f 2491/2606/1040 2513/2629/1062 2512/2628/1061 2490/2605/1039
f 2492/2607/1041 2514/2630/1063 2513/2629/1062 2491/2606/1040
f 2493/2608/1042 2515/2631/1064 2514/2630/1063 2492/2607/1041
f 2494/2609/1043 2516/2632/1065 2515/2631/1064 2493/2608/1042
f 2495/2610/1044 2517/2633/1066 2516/2632/1065 2494/2609/1043
f 2496/2611/1045 2518/2634/1067 2517/2633/1066 2495/2610/1044
f 2497/2612/1046 2519/2635/1068 2518/2634/1067 2496/2611/1045
f 2498/2613/1047 2520/2636/1069 2519/2635/1068 2497/2612/1046
f 2499/2614/1048 2521/2637/1070 2520/2636/1069 2498/2613/1047
f 2500/2615/1049 2522/2638/1071 2521/2637/1070 2499/2614/1048
f 2501/2616/1050 2523/2639/1072 2522/2638/1071 2500/2615/1049
f 2502/2617/1051 2524/2640/1073 2523/2639/1072 2501/2616/1050
f 2503/2618/1052 2525/2641/1074 2524/2640/1073 2502/2617/1051
f 2504/2619/1053 2526/2642/1075 2525/2641/1074 2503/2618/1052
f 2505/2620/1054 2527/2643/1076 2526/2642/1075 2504/2619/1053
f 2506/2621/1055 2528/2644/1077 2527/2643/1076 2505/2620/1054
f 2507/2622/1056 2529/2645/1078 2528/2644/1077 2506/2621/1055
f 2508/2601/1036 2530/2624/1058 2529/2645/1078 2507/2622/1056
f 2509/2623/1057 2531/2646/1079 2552/2647/1080 2530/2624/1058
f 2510/2625/1059 2532/2648/1081 2531/2649/1079 2509/2626/1057
f 2511/2627/1060 2533/2650/1082 2532/2648/1081 2510/2625/1059
f 2512/2628/1061 2534/2651/1083 2533/2650/1082 2511/2627/1060
f 2513/2629/1062 2535/2652/1084 2534/2651/1083 2512/2628/1061
f 2514/2630/1063 2536/2653/1085 2535/2652/1084 2513/2629/1062
f 2515/2631/1064 2537/2654/1086 2536/2653/1085 2514/2630/1063
f 2516/2632/1065 2538/2655/1087 2537/2654/1086 2515/2631/1064
f 2517/2633/1066 2539/2656/1088 2538/2655/1087 2516/2632/1065
f 2518/2634/1067 2540/2657/1089 2539/2656/1088 2517/2633/1066
f 2519/2635/1068 2541/2658/1090 2540/2657/1089 2518/2634/1067
f 2520/2636/1069 2542/2659/1091 2541/2658/1090 2519/2635/1068
f 2521/2637/1070 2543/2660/1092 2542/2659/1091 2520/2636/1069
f 2522/2638/1071 2544/2661/1093 2543/2660/1092 2521/2637/1070
f 2523/2639/1072 2545/2662/1094 2544/2661/1093 2522/2638/1071
f 2524/2640/1073 2546/2663/1095 2545/2662/1094 2523/2639/1072
f 2525/2641/1074 2547/2664/1096 2546/2663/1095 2524/2640/1073
f 2526/2642/1075 2548/2665/1097 2547/2664/1096 2525/2641/1074
f 2527/2643/1076 2549/2666/1098 2548/2665/1097 2526/2642/1075
f 2528/2644/1077 2550/2667/1099 2549/2666/1098 2527/2643/1076
f 2529/2645/1078 2551/2668/1100 2550/2667/1099 2528/2644/1077
f 2530/2624/1058 2552/2647/1080 2551/2668/1100 2529/2645/1078
f 2531/2646/1079 2553/2669/1101 2574/2670/1102 2552/2647/1080
f 2532/2648/1081 2554/2671/1103 2553/2672/1101 2531/2649/1079
f 2533/2650/1082 2555/2673/1104 2554/2671/1103 2532/2648/1081
f 2534/2651/1083 2556/2674/1105 2555/2673/1104 2533/2650/1082
f 2535/2652/1084 2557/2675/1106 2556/2674/1105 2534/2651/1083
f 2536/2653/1085 2558/2676/1107 2557/2675/1106 2535/2652/1084
f 2537/2654/1086 2559/2677/1108 2558/2676/1107 2536/2653/1085
f 2538/2655/1087 2560/2678/1109 2559/2677/1108 2537/2654/1086
f 2539/2656/1088 2561/2679/1110 2560/2678/1109 2538/2655/1087
f 2540/2657/1089 2562/2680/1111 2561/2679/1110 2539/2656/1088
f 2541/2658/1090 2563/2681/1112 2562/2680/1111 2540/2657/1089
f 2542/2659/1091 2564/2682/1113 2563/2681/1112 2541/2658/1090
f 2543/2660/1092 2565/2683/1114 2564/2682/1113 2542/2659/1091
f 2544/2661/1093 2566/2684/1115 2565/2683/1114 2543/2660/1092
f 2545/2662/1094 2567/2685/1116 2566/2684/1115 2544/2661/1093
f 2546/2663/1095 2568/2686/1117 2567/2685/1116 2545/2662/1094
f 2547/2664/1096 2569/2687/1118 2568/2686/1117 2546/2663/1095
f 2548/2665/1097 2570/2688/1119 2569/2687/1118 2547/2664/1096
f 2549/2666/1098 2571/2689/1120 2570/2688/1119 2548/2665/1097
f 2550/2667/1099 2572/2690/1121 2571/2689/1120 2549/2666/1098
f 2551/2668/1100 2573/2691/1122 2572/2690/1121 2550/2667/1099
f 2552/2647/1080 2574/2670/1102 2573/2691/1122 2551/2668/1100
f 2553/2669/1101 2575/2692/1123 2596/2693/1124 2574/2670/1102
f 2554/2671/1103 2576/2694/1125 2575/2695/1123 2553/2672/1101
f 2555/2673/1104 2577/2696/1126 2576/2694/1125 2554/2671/1103
f 2556/2674/1105 2578/2697/1127 2577/2696/1126 2555/2673/1104
f 2557/2675/1106 2579/2698/1128 2578/2697/1127 2556/2674/1105
f 2558/2676/1107 2580/2699/1129 2579/2698/1128 2557/2675/1106
f 2559/2677/1108 2581/2700/1130 2580/2699/1129 2558/2676/1107
f 2560/2678/1109 2582/2701/1131 2581/2700/1130 2559/2677/1108
f 2561/2679/1110 2583/2702/1132 2582/2701/1131 2560/2678/1109
f 2562/2680/1111 2584/2703/1133 2583/2702/1132 2561/2679/1110
f 2563/2681/1112 2585/2704/1134 2584/2703/1133 2562/2680/1111
f 2564/2682/1113 2586/2705/1135 2585/2704/1134 2563/2681/1112
f 2565/2683/1114 2587/2706/1136 2586/2705/1135 2564/2682/1113
f 2566/2684/1115 2588/2707/1137 2587/2706/1136 2565/2683/1114
f 2567/2685/1116 2589/2708/1138 2588/2707/1137 2566/2684/1115
f 2568/2686/1117 2590/2709/1139 2589/2708/1138 2567/2685/1116
f 2569/2687/1118 2591/2710/1140 2590/2709/1139 2568/2686/1117
f 2570/2688/1119 2592/2711/1141 2591/2710/1140 2569/2687/1118
f 2571/2689/1120 2593/2712/1142 2592/2711/1141 2570/2688/1119
f 2572/2690/1121 2594/2713/1143 2593/2712/1142 2571/2689/1120
f 2573/2691/1122 2595/2714/1144 2594/2713/1143 2572/2690/1121
f 2574/2670/1102 2596/2693/1124 2595/2714/1144 2573/2691/1122
f 2575/2692/1123 2597/2715/1145 2618/2716/1146 2596/2693/1124
f 2576/2694/1125 2598/2717/1147 2597/2718/1145 2575/2695/1123
f 2577/2696/1126 2599/2719/1148 2598/2717/1147 2576/2694/1125
f 2578/2697/1127 2600/2720/1149 2599/2719/1148 2577/2696/1126
f 2579/2698/1128 2601/2721/1150 2600/2720/1149 2578/2697/1127
f 2580/2699/1129 2602/2722/1151 2601/2721/1150 2579/2698/1128
f 2581/2700/1130 2603/2723/1152 2602/2722/1151 2580/2699/1129
f 2582/2701/1131 2604/2724/1153 2603/2723/1152 2581/2700/1130
f 2583/2702/1132 2605/2725/1154 2604/2724/1153 2582/2701/1131
f 2584/2703/1133 2606/2726/1155 2605/2725/1154 2583/2702/1132
f 2585/2704/1134 2607/2727/1156 2606/2726/1155 2584/2703/1133
f 2586/2705/1135 2608/2728/1157 2607/2727/1156 2585/2704/1134
f 2587/2706/1136 2609/2729/1158 2608/2728/1157 2586/2705/1135
f 2588/2707/1137 2610/2730/1159 2609/2729/1158 2587/2706/1136
f 2589/2708/1138 2611/2731/1160 2610/2730/1159 2588/2707/1137
f 2590/2709/1139 2612/2732/1161 2611/2731/1160 2589/2708/1138
f 2591/2710/1140 2613/2733/1162 2612/2732/1161 2590/2709/1139
f 2592/2711/1141 2614/2734/1163 2613/2733/1162 2591/2710/1140
f 2593/2712/1142 2615/2735/1164 2614/2734/1163 2592/2711/1141
f 2594/2713/1143 2616/2736/1165 2615/2735/1164 2593/2712/1142
f 2595/2714/1144 2617/2737/1166 2616/2736/1165 2594/2713/1143
f 2596/2693/1124 2618/2716/1146 2617/2737/1166 2595/2714/1144
f 2597/2715/1145 2619/2738/1167 2640/2739/1168 2618/2716/1146
f 2598/2717/1147 2620/2740/1169 2619/2741/1167 2597/2718/1145
f 2599/2719/1148 2621/2742/1170 2620/2740/1169 2598/2717/1147
f 2600/2720/1149 2622/2743/1171 2621/2742/1170 2599/2719/1148
f 2601/2721/1150 2623/2744/1172 2622/2743/1171 2600/2720/1149
f 2602/2722/1151 2624/2745/1173 2623/2744/1172 2601/2721/1150
f 2603/2723/1152 2625/2746/1174 2624/2745/1173 2602/2722/1151
f 2604/2724/1153 2626/2747/1175 2625/2746/1174 2603/2723/1152
f 2605/2725/1154 2627/2748/1176 2626/2747/1175 2604/2724/1153
f 2606/2726/1155 2628/2749/1177 2627/2748/1176 2605/2725/1154
f 2607/2727/1156 2629/2750/1178 2628/2749/1177 2606/2726/1155
f 2608/2728/1157 2630/2751/1179 2629/2750/1178 2607/2727/1156
f 2609/2729/1158 2631/2752/1180 2630/2751/1179 2608/2728/1157
f 2610/2730/1159 2632/2753/1181 2631/2752/1180 2609/2729/1158
f 2611/2731/1160 2633/2754/1182 2632/2753/1181 2610/2730/1159
f 2612/2732/1161 2634/2755/1183 2633/2754/1182 2611/2731/1160
f 2613/2733/1162 2635/2756/1184 2634/2755/1183 2612/2732/1161
f 2614/2734/1163 2636/2757/1185 2635/2756/1184 2613/2733/1162
f 2615/2735/1164 2637/2758/1186 2636/2757/1185 2614/2734/1163
f 2616/2736/1165 2638/2759/1187 2637/2758/1186 2615/2735/1164
f 2617/2737/1166 2639/2760/1188 2638/2759/1187 2616/2736/1165
f 2618/2716/1146 2640/2739/1168 2639/2760/1188 2617/2737/1166
f 2619/2738/1167 2641/2761/1189 2662/2762/1190 2640/2739/1168
f 2620/2740/1169 2642/2763/1191 2641/2764/1189 2619/2741/1167
f 2621/2742/1170 2643/2765/1192 2642/2763/1191 2620/2740/1169
f 2622/2743/1171 2644/2766/1193 2643/2765/1192 2621/2742/1170
f 2623/2744/1172 2645/2767/1194 2644/2766/1193 2622/2743/1171
f 2624/2745/1173 2646/2768/1195 2645/2767/1194 2623/2744/1172
f 2625/2746/1174 2647/2769/1196 2646/2768/1195 2624/2745/1173
f 2626/2747/1175 2648/2770/1197 2647/2769/1196 2625/2746/1174
f 2627/2748/1176 2649/2771/1198 2648/2770/1197 2626/2747/1175
f 2628/2749/1177 2650/2772/1199 2649/2771/1198 2627/2748/1176
f 2629/2750/1178 2651/2773/1200 2650/2772/1199 2628/2749/1177
f 2630/2751/1179 2652/2774/1201 2651/2773/1200 2629/2750/1178
f 2631/2752/1180 2653/2775/1202 2652/2774/1201 2630/2751/1179
f 2632/2753/1181 2654/2776/1203 2653/2775/1202 2631/2752/1180
f 2633/2754/1182 2655/2777/1204 2654/2776/1203 2632/2753/1181
f 2634/2755/1183 2656/2778/1205 2655/2777/1204 2633/2754/1182
f 2635/2756/1184 2657/2779/1206 2656/2778/1205 2634/2755/1183
f 2636/2757/1185 2658/2780/1207 2657/2779/1206 2635/2756/1184
f 2637/2758/1186 2659/2781/1208 2658/2780/1207 2636/2757/1185
f 2638/2759/1187 2660/2782/1209 2659/2781/1208 2637/2758/1186
f 2639/2760/1188 2661/2783/1210 2660/2782/1209 2638/2759/1187
f 2640/2739/1168 2662/2762/1190 2661/2783/1210 2639/2760/1188
f 2641/2761/1189 2663/2784/1211 2684/2785/1212 2662/2762/1190
f 2642/2763/1191 2664/2786/1213 2663/2787/1211 2641/2764/1189
f 2643/2765/1192 2665/2788/1214 2664/2786/1213 2642/2763/1191
f 2644/2766/1193 2666/2789/1215 2665/2788/1214 2643/2765/1192
f 2645/2767/1194 2667/2790/1216 2666/2789/1215 2644/2766/1193
f 2646/2768/1195 2668/2791/1217 2667/2790/1216 2645/2767/1194
f 2647/2769/1196 2669/2792/1218 2668/2791/1217 2646/2768/1195
f 2648/2770/1197 2670/2793/1219 2669/2792/1218 2647/2769/1196
f 2649/2771/1198 2671/2794/1220 2670/2793/1219 2648/2770/1197
f 2650/2772/1199 2672/2795/1221 2671/2794/1220 2649/2771/1198
f 2651/2773/1200 2673/2796/1222 2672/2795/1221 2650/2772/1199
f 2652/2774/1201 2674/2797/1223 2673/2796/1222 2651/2773/1200
f 2653/2775/1202 2675/2798/1224 2674/2797/1223 2652/2774/1201
f 2654/2776/1203 2676/2799/1225 2675/2798/1224 2653/2775/1202
f 2655/2777/1204 2677/2800/1226 2676/2799/1225 2654/2776/1203
f 2656/2778/1205 2678/2801/1227 2677/2800/1226 2655/2777/1204
f 2657/2779/1206 2679/2802/1228 2678/2801/1227 2656/2778/1205
f 2658/2780/1207 2680/2803/1229 2679/2802/1228 2657/2779/1206
f 2659/2781/1208 2681/2804/1230 2680/2803/1229 2658/2780/1207
f 2660/2782/1209 2682/2805/1231 2681/2804/1230 2659/2781/1208
f 2661/2783/1210 2683/2806/1232 2682/2805/1231 2660/2782/1209
f 2662/2762/1190 2684/2785/1212 2683/2806/1232 2661/2783/1210
f 2663/2784/1211 2685/2807/1233 2706/2808/1234 2684/2785/1212
f 2664/2786/1213 2686/2809/1235 2685/2810/1233 2663/2787/1211
f 2665/2788/1214 2687/2811/1236 2686/2809/1235 2664/2786/1213
f 2666/2789/1215 2688/2812/1237 2687/2811/1236 2665/2788/1214
f 2667/2790/1216 2689/2813/1238 2688/2812/1237 2666/2789/1215
f 2668/2791/1217 2690/2814/1239 2689/2813/1238 2667/2790/1216
f 2669/2792/1218 2691/2815/1240 2690/2814/1239 2668/2791/1217
f 2670/2793/1219 2692/2816/1241 2691/2815/1240 2669/2792/1218
f 2671/2794/1220 2693/2817/1242 2692/2816/1241 2670/2793/1219
f 2672/2795/1221 2694/2818/1243 2693/2817/1242 2671/2794/1220
f 2673/2796/1222 2695/2819/1244 2694/2818/1243 2672/2795/1221
f 2674/2797/1223 2696/2820/1245 2695/2819/1244 2673/2796/1222
f 2675/2798/1224 2697/2821/1246 2696/2820/1245 2674/2797/1223
f 2676/2799/1225 2698/2822/1247 2697/2821/1246 2675/2798/1224
f 2677/2800/1226 2699/2823/1248 2698/2822/1247 2676/2799/1225
f 2678/2801/1227 2700/2824/1249 2699/2823/1248 2677/2800/1226
f 2679/2802/1228 2701/2825/1250 2700/2824/1249 2678/2801/1227
f 2680/2803/1229 2702/2826/1251 2701/2825/1250 2679/2802/1228
f 2681/2804/1230 2703/2827/1252 2702/2826/1251 2680/2803/1229
f 2682/2805/1231 2704/2828/1253 2703/2827/1252 2681/2804/1230
f 2683/2806/1232 2705/2829/1254 2704/2828/1253 2682/2805/1231
f 2684/2785/1212 2706/2808/1234 2705/2829/1254 2683/2806/1232
f 2685/2807/1233 2707/2830/1255 2728/2831/1256 2706/2808/1234
f 2686/2809/1235 2708/2832/1257 2707/2833/1255 2685/2810/1233
f 2687/2811/1236 2709/2834/1258 2708/2832/1257 2686/2809/1235
f 2688/2812/1237 2710/2835/1259 2709/2834/1258 2687/2811/1236
f 2689/2813/1238 2711/2836/1260 2710/2835/1259 2688/2812/1237
f 2690/2814/1239 2712/2837/1261 2711/2836/1260 2689/2813/1238
f 2691/2815/1240 2713/2838/1262 2712/2837/1261 2690/2814/1239
f 2692/2816/1241 2714/2839/1263 2713/2838/1262 2691/2815/1240
f 2693/2817/1242 2715/2840/1264 2714/2839/1263 2692/2816/1241
f 2694/2818/1243 2716/2841/1265 2715/2840/1264 2693/2817/1242
f 2695/2819/1244 2717/2842/1266 2716/2841/1265 2694/2818/1243
f 2696/2820/1245 2718/2843/1267 2717/2842/1266 2695/2819/1244
f 2697/2821/1246 2719/2844/1268 2718/2843/1267 2696/2820/1245
f 2698/2822/1247 2720/2845/1269 2719/2844/1268 2697/2821/1246
f 2699/2823/1248 2721/2846/1270 2720/2845/1269 2698/2822/1247
f 2700/2824/1249 2722/2847/1271 2721/2846/1270 2699/2823/1248
f 2701/2825/1250 2723/2848/1272 2722/2847/1271 2700/2824/1249
f 2702/2826/1251 2724/2849/1273 2723/2848/1272 2701/2825/1250
f 2703/2827/1252 2725/2850/1274 2724/2849/1273 2702/2826/1251
f 2704/2828/1253 2726/2851/1275 2725/2850/1274 2703/2827/1252
f 2705/2829/1254 2727/2852/1276 2726/2851/1275 2704/2828/1253
f 2706/2808/1234 2728/2831/1256 2727/2852/1276 2705/2829/1254
f 2707/2830/1255 2729/2853/1277 2750/2854/1278 2728/2831/1256
f 2708/2832/1257 2730/2855/1279 2729/2856/1277 2707/2833/1255
f 2709/2834/1258 2731/2857/1280 2730/2855/1279 2708/2832/1257
f 2710/2835/1259 2732/2858/1281 2731/2857/1280 2709/2834/1258
f 2711/2836/1260 2733/2859/1282 2732/2858/1281 2710/2835/1259
f 2712/2837/1261 2734/2860/1283 2733/2859/1282 2711/2836/1260
f 2713/2838/1262 2735/2861/1284 2734/2860/1283 2712/2837/1261
f 2714/2839/1263 2736/2862/1285 2735/2861/1284 2713/2838/1262
f 2715/2840/1264 2737/2863/1286 2736/2862/1285 2714/2839/1263
f 2716/2841/1265 2738/2864/1287 2737/2863/1286 2715/2840/1264
f 2717/2842/1266 2739/2865/1288 2738/2864/1287 2716/2841/1265
f 2718/2843/1267 2740/2866/1289 2739/2865/1288 2717/2842/1266
f 2719/2844/1268 2741/2867/1290 2740/2866/1289 2718/2843/1267
f 2720/2845/1269 2742/2868/1291 2741/2867/1290 2719/2844/1268
f 2721/2846/1270 2743/2869/1292 2742/2868/1291 2720/2845/1269
f 2722/2847/1271 2744/2870/1293 2743/2869/1292 2721/2846/1270
f 2723/2848/1272 2745/2871/1294 2744/2870/1293 2722/2847/1271
f 2724/2849/1273 2746/2872/1295 2745/2871/1294 2723/2848/1272
f 2725/2850/1274 2747/2873/1296 2746/2872/1295 2724/2849/1273
f 2726/2851/1275 2748/2874/1297 2747/2873/1296 2725/2850/1274
f 2727/2852/1276 2749/2875/1298 2748/2874/1297 2726/2851/1275
f 2728/2831/1256 2750/2854/1278 2749/2875/1298 2727/2852/1276
f 2729/2853/1277 2751/2876/1299 2772/2877/1300 2750/2854/1278
f 2730/2855/1279 2752/2878/1301 2751/2879/1299 2729/2856/1277
f 2731/2857/1280 2753/2880/1302 2752/2878/1301 2730/2855/1279
f 2732/2858/1281 2754/2881/1303 2753/2880/1302 2731/2857/1280
f 2733/2859/1282 2755/2882/1304 2754/2881/1303 2732/2858/1281
f 2734/2860/1283 2756/2883/1305 2755/2882/1304 2733/2859/1282
f 2735/2861/1284 2757/2884/1306 2756/2883/1305 2734/2860/1283
f 2736/2862/1285 2758/2885/1307 2757/2884/1306 2735/2861/1284
f 2737/2863/1286 2759/2886/1308 2758/2885/1307 2736/2862/1285
f 2738/2864/1287 2760/2887/1309 2759/2886/1308 2737/2863/1286
f 2739/2865/1288 2761/2888/1310 2760/2887/1309 2738/2864/1287
f 2740/2866/1289 2762/2889/1311 2761/2888/1310 2739/2865/1288
f 2741/2867/1290 2763/2890/1312 2762/2889/1311 2740/2866/1289
f 2742/2868/1291 2764/2891/1313 2763/2890/1312 2741/2867/1290
f 2743/2869/1292 2765/2892/1314 2764/2891/1313 2742/2868/1291
f 2744/2870/1293 2766/2893/1315 2765/2892/1314 2743/2869/1292
f 2745/2871/1294 2767/2894/1316 2766/2893/1315 2744/2870/1293
f 2746/2872/1295 2768/2895/1317 2767/2894/1316 2745/2871/1294
f 2747/2873/1296 2769/2896/1318 2768/2895/1317 2746/2872/1295
f 2748/2874/1297 2770/2897/1319 2769/2896/1318 2747/2873/1296
f 2749/2875/1298 2771/2898/1320 2770/2897/1319 2748/2874/1297
f 2750/2854/1278 2772/2877/1300 2771/2898/1320 2749/2875/1298
f 2751/2876/1299 2773/2899/1321 2794/2900/1322 2772/2877/1300
f 2752/2878/1301 2774/2901/1323 2773/2902/1321 2751/2879/1299
f 2753/2880/1302 2775/2903/1324 2774/2901/1323 2752/2878/1301
f 2754/2881/1303 2776/2904/1325 2775/2903/1324 2753/2880/1302
f 2755/2882/1304 2777/2905/1326 2776/2904/1325 2754/2881/1303
f 2756/2883/1305 2778/2906/1327 2777/2905/1326 2755/2882/1304
f 2757/2884/1306 2779/2907/1328 2778/2906/1327 2756/2883/1305
f 2758/2885/1307 2780/2908/1329 2779/2907/1328 2757/2884/1306
f 2759/2886/1308 2781/2909/1330 2780/2908/1329 2758/2885/1307
f 2760/2887/1309 2782/2910/1331 2781/2909/1330 2759/2886/1308
f 2761/2888/1310 2783/2911/1332 2782/2910/1331 2760/2887/1309
f 2762/2889/1311 2784/2912/1333 2783/2911/1332 2761/2888/1310
f 2763/2890/1312 2785/2913/1334 2784/2912/1333 2762/2889/1311
f 2764/2891/1313 2786/2914/1335 2785/2913/1334 2763/2890/1312
f 2765/2892/1314 2787/2915/1336 2786/2914/1335 2764/2891/1313
f 2766/2893/1315 2788/2916/1337 2787/2915/1336 2765/2892/1314
f 2767/2894/1316 2789/2917/1338 2788/2916/1337 2766/2893/1315
f 2768/2895/1317 2790/2918/1339 2789/2917/1338 2767/2894/1316
f 2769/2896/1318 2791/2919/1340 2790/2918/1339 2768/2895/1317
f 2770/2897/1319 2792/2920/1341 2791/2919/1340 2769/2896/1318
f 2771/2898/1320 2793/2921/1342 2792/2920/1341 2770/2897/1319
f 2772/2877/1300 2794/2900/1322 2793/2921/1342 2771/2898/1320
f 2773/2899/1321 2795/2922/1343 2816/2923/1344 2794/2900/1322
f 2774/2901/1323 2796/2924/1345 2795/2925/1343 2773/2902/1321
f 2775/2903/1324 2797/2926/1346 2796/2924/1345 2774/2901/1323
f 2776/2904/1325 2798/2927/1347 2797/2926/1346 2775/2903/1324
f 2777/2905/1326 2799/2928/1348 2798/2927/1347 2776/2904/1325
f 2778/2906/1327 2800/2929/1327 2799/2928/1348 2777/2905/1326
f 2779/2907/1328 2801/2930/1349 2800/2929/1327 2778/2906/1327
f 2780/2908/1329 2802/2931/1329 2801/2930/1349 2779/2907/1328
f 2781/2909/1330 2803/2932/1330 2802/2931/1329 2780/2908/1329
f 2782/2910/1331 2804/2933/1331 2803/2932/1330 2781/2909/1330
f 2783/2911/1332 2805/2934/1332 2804/2933/1331 2782/2910/1331
f 2784/2912/1333 2806/2935/1350 2805/2934/1332 2783/2911/1332
f 2785/2913/1334 2807/2936/1334 2806/2935/1350 2784/2912/1333
f 2786/2914/1335 2808/2937/1335 2807/2936/1334 2785/2913/1334
f 2787/2915/1336 2809/2938/1336 2808/2937/1335 2786/2914/1335
f 2788/2916/1337 2810/2939/1337 2809/2938/1336 2787/2915/1336
f 2789/2917/1338 2811/2940/1351 2810/2939/1337 2788/2916/1337
f 2790/2918/1339 2812/2941/1339 2811/2940/1351 2789/2917/1338
f 2791/2919/1340 2813/2942/1352 2812/2941/1339 2790/2918/1339
f 2792/2920/1341 2814/2943/1353 2813/2942/1352 2791/2919/1340
f 2793/2921/1342 2815/2944/1354 2814/2943/1353 2792/2920/1341
f 2794/2900/1322 2816/2923/1344 2815/2944/1354 2793/2921/1342
f 2795/2922/1343 2817/2945/1343 2838/2946/1344 2816/2923/1344
f 2796/2924/1345 2818/2947/1345 2817/2948/1343 2795/2925/1343
f 2797/2926/1346 2819/2949/1346 2818/2947/1345 2796/2924/1345
f 2798/2927/1347 2820/2950/1347 2819/2949/1346 2797/2926/1346
f 2799/2928/1348 2821/2951/1348 2820/2950/1347 2798/2927/1347
f 2800/2929/1327 2822/2952/1327 2821/2951/1348 2799/2928/1348
f 2801/2930/1349 2823/2953/1349 2822/2952/1327 2800/2929/1327
f 2802/2931/1329 2824/2954/1329 2823/2953/1349 2801/2930/1349
f 2803/2932/1330 2825/2955/1330 2824/2954/1329 2802/2931/1329
f 2804/2933/1331 2826/2956/1331 2825/2955/1330 2803/2932/1330
f 2805/2934/1332 2827/2957/1332 2826/2956/1331 2804/2933/1331
f 2806/2935/1350 2828/2958/1350 2827/2957/1332 2805/2934/1332
f 2807/2936/1334 2829/2959/1334 2828/2958/1350 2806/2935/1350
f 2808/2937/1335 2830/2960/1335 2829/2959/1334 2807/2936/1334
f 2809/2938/1336 2831/2961/1336 2830/2960/1335 2808/2937/1335
f 2810/2939/1337 2832/2962/1337 2831/2961/1336 2809/2938/1336
f 2811/2940/1351 2833/2963/1351 2832/2962/1337 2810/2939/1337
f 2812/2941/1339 2834/2964/1339 2833/2963/1351 2811/2940/1351
f 2813/2942/1352 2835/2965/1352 2834/2964/1339 2812/2941/1339
f 2814/2943/1353 2836/2966/1353 2835/2965/1352 2813/2942/1352
f 2815/2944/1354 2837/2967/1354 2836/2966/1353 2814/2943/1353
f 2816/2923/1344 2838/2946/1344 2837/2967/1354 2815/2944/1354
f 2817/2945/1343 2839/2968/1355 2860/2969/1356 2838/2946/1344
f 2818/2947/1345 2840/2970/1357 2839/2971/1355 2817/2948/1343
f 2819/2949/1346 2841/2972/1358 2840/2970/1357 2818/2947/1345
f 2820/2950/1347 2842/2973/1359 2841/2972/1358 2819/2949/1346
f 2821/2951/1348 2843/2974/1360 2842/2973/1359 2820/2950/1347
f 2822/2952/1327 2844/2975/1361 2843/2974/1360 2821/2951/1348
f 2823/2953/1349 2845/2976/1362 2844/2975/1361 2822/2952/1327
f 2824/2954/1329 2846/2977/1363 2845/2976/1362 2823/2953/1349
f 2825/2955/1330 2847/2978/1364 2846/2977/1363 2824/2954/1329
f 2826/2956/1331 2848/2979/1365 2847/2978/1364 2825/2955/1330
f 2827/2957/1332 2849/2980/1366 2848/2979/1365 2826/2956/1331
f 2828/2958/1350 2850/2981/1367 2849/2980/1366 2827/2957/1332
f 2829/2959/1334 2851/2982/1368 2850/2981/1367 2828/2958/1350
f 2830/2960/1335 2852/2983/1369 2851/2982/1368 2829/2959/1334
f 2831/2961/1336 2853/2984/1370 2852/2983/1369 2830/2960/1335
f 2832/2962/1337 2854/2985/1371 2853/2984/1370 2831/2961/1336
f 2833/2963/1351 2855/2986/1372 2854/2985/1371 2832/2962/1337
f 2834/2964/1339 2856/2987/1373 2855/2986/1372 2833/2963/1351
f 2835/2965/1352 2857/2988/1374 2856/2987/1373 2834/2964/1339
f 2836/2966/1353 2858/2989/1375 2857/2988/1374 2835/2965/1352
f 2837/2967/1354 2859/2990/1376 2858/2989/1375 2836/2966/1353
f 2838/2946/1344 2860/2969/1356 2859/2990/1376 2837/2967/1354
f 2839/2968/1355 2861/2991/1377 2882/2992/1378 2860/2969/1356
f 2840/2970/1357 2862/2993/1379 2861/2994/1377 2839/2971/1355
f 2841/2972/1358 2863/2995/1380 2862/2993/1379 2840/2970/1357
f 2842/2973/1359 2864/2996/1381 2863/2995/1380 2841/2972/1358
f 2843/2974/1360 2865/2997/1382 2864/2996/1381 2842/2973/1359
f 2844/2975/1361 2866/2998/1383 2865/2997/1382 2843/2974/1360
f 2845/2976/1362 2867/2999/1384 2866/2998/1383 2844/2975/1361
f 2846/2977/1363 2868/3000/1385 2867/2999/1384 2845/2976/1362
f 2847/2978/1364 2869/3001/1386 2868/3000/1385 2846/2977/1363
f 2848/2979/1365 2870/3002/1387 2869/3001/1386 2847/2978/1364
f 2849/2980/1366 2871/3003/1388 2870/3002/1387 2848/2979/1365
f 2850/2981/1367 2872/3004/1389 2871/3003/1388 2849/2980/1366
f 2851/2982/1368 2873/3005/1390 2872/3004/1389 2850/2981/1367
f 2852/2983/1369 2874/3006/1391 2873/3005/1390 2851/2982/1368
f 2853/2984/1370 2875/3007/1392 2874/3006/1391 2852/2983/1369
f 2854/2985/1371 2876/3008/1393 2875/3007/1392 2853/2984/1370
f 2855/2986/1372 2877/3009/1394 2876/3008/1393 2854/2985/1371
f 2856/2987/1373 2878/3010/1395 2877/3009/1394 2855/2986/1372
f 2857/2988/1374 2879/3011/1396 2878/3010/1395 2856/2987/1373
f 2858/2989/1375 2880/3012/1397 2879/3011/1396 2857/2988/1374
f 2859/2990/1376 2881/3013/1398 2880/3012/1397 2858/2989/1375
f 2860/2969/1356 2882/2992/1378 2881/3013/1398 2859/2990/1376
f 2861/2991/1377 2883/3014/1350 2904/3015/1399 2882/2992/1378
f 2862/2993/1379 2884/3016/1400 2883/3017/1350 2861/2994/1377
f 2863/2995/1380 2885/3018/1401 2884/3016/1400 2862/2993/1379
f 2864/2996/1381 2886/3019/1402 2885/3018/1401 2863/2995/1380
f 2865/2997/1382 2887/3020/1337 2886/3019/1402 2864/2996/1381
f 2866/2998/1383 2888/3021/1351 2887/3020/1337 2865/2997/1382
f 2867/2999/1384 2889/3022/1339 2888/3021/1351 2866/2998/1383
f 2868/3000/1385 2890/3023/1403 2889/3022/1339 2867/2999/1384
f 2869/3001/1386 2891/3024/1353 2890/3023/1403 2868/3000/1385
f 2870/3002/1387 2892/3025/1354 2891/3024/1353 2869/3001/1386
f 2871/3003/1388 2893/3026/1404 2892/3025/1354 2870/3002/1387
f 2872/3004/1389 2894/3027/1343 2893/3026/1404 2871/3003/1388
f 2873/3005/1390 2895/3028/1405 2894/3027/1343 2872/3004/1389
f 2874/3006/1391 2896/3029/1406 2895/3028/1405 2873/3005/1390
f 2875/3007/1392 2897/3030/1407 2896/3029/1406 2874/3006/1391
f 2876/3008/1393 2898/3031/1348 2897/3030/1407 2875/3007/1392
f 2877/3009/1394 2899/3032/1327 2898/3031/1348 2876/3008/1393
f 2878/3010/1395 2900/3033/1349 2899/3032/1327 2877/3009/1394
f 2879/3011/1396 2901/3034/1408 2900/3033/1349 2878/3010/1395
f 2880/3012/1397 2902/3035/1330 2901/3034/1408 2879/3011/1396
f 2881/3013/1398 2903/3036/1331 2902/3035/1330 2880/3012/1397
f 2882/2992/1378 2904/3015/1399 2903/3036/1331 2881/3013/1398
f 2883/3014/1350 2905/3037/1350 2926/3038/1332 2904/3015/1399
f 2884/3016/1400 2906/3039/1334 2905/3040/1350 2883/3017/1350
f 2885/3018/1401 2907/3041/1335 2906/3039/1334 2884/3016/1400
f 2886/3019/1402 2908/3042/1336 2907/3041/1335 2885/3018/1401
f 2887/3020/1337 2909/3043/1337 2908/3042/1336 2886/3019/1402
f 2888/3021/1351 2910/3044/1351 2909/3043/1337 2887/3020/1337
f 2889/3022/1339 2911/3045/1339 2910/3044/1351 2888/3021/1351
f 2890/3023/1403 2912/3046/1352 2911/3045/1339 2889/3022/1339
f 2891/3024/1353 2913/3047/1353 2912/3046/1352 2890/3023/1403
f 2892/3025/1354 2914/3048/1354 2913/3047/1353 2891/3024/1353
f 2893/3026/1404 2915/3049/1344 2914/3048/1354 2892/3025/1354
f 2894/3027/1343 2916/3050/1343 2915/3049/1344 2893/3026/1404
f 2895/3028/1405 2917/3051/1345 2916/3050/1343 2894/3027/1343
f 2896/3029/1406 2918/3052/1346 2917/3051/1345 2895/3028/1405
f 2897/3030/1407 2919/3053/1347 2918/3052/1346 2896/3029/1406
f 2898/3031/1348 2920/3054/1348 2919/3053/1347 2897/3030/1407
f 2899/3032/1327 2921/3055/1327 2920/3054/1348 2898/3031/1348
f 2900/3033/1349 2922/3056/1349 2921/3055/1327 2899/3032/1327
f 2901/3034/1408 2923/3057/1329 2922/3056/1349 2900/3033/1349
f 2902/3035/1330 2924/3058/1330 2923/3057/1329 2901/3034/1408
f 2903/3036/1331 2925/3059/1331 2924/3058/1330 2902/3035/1330
f 2904/3015/1399 2926/3038/1332 2925/3059/1331 2903/3036/1331
f 2905/3037/1350 2927/3060/1350 2948/3061/1332 2926/3038/1332
f 2906/3039/1334 2928/3062/1409 2927/3063/1350 2905/3040/1350
f 2907/3041/1335 2929/3064/1335 2928/3062/1409 2906/3039/1334
f 2908/3042/1336 2930/3065/1336 2929/3064/1335 2907/3041/1335
f 2909/3043/1337 2931/3066/1337 2930/3065/1336 2908/3042/1336
f 2910/3044/1351 2932/3067/1351 2931/3066/1337 2909/3043/1337
f 2911/3045/1339 2933/3068/1339 2932/3067/1351 2910/3044/1351
f 2912/3046/1352 2934/3069/1352 2933/3068/1339 2911/3045/1339
f 2913/3047/1353 2935/3070/1353 2934/3069/1352 2912/3046/1352
f 2914/3048/1354 2936/3071/1354 2935/3070/1353 2913/3047/1353
f 2915/3049/1344 2937/3072/1344 2936/3071/1354 2914/3048/1354
f 2916/3050/1343 2938/3073/1343 2937/3072/1344 2915/3049/1344
f 2917/3051/1345 2939/3074/1345 2938/3073/1343 2916/3050/1343
f 2918/3052/1346 2940/3075/1346 2939/3074/1345 2917/3051/1345
f 2919/3053/1347 2941/3076/1347 2940/3075/1346 2918/3052/1346
f 2920/3054/1348 2942/3077/1348 2941/3076/1347 2919/3053/1347
f 2921/3055/1327 2943/3078/1327 2942/3077/1348 2920/3054/1348
f 2922/3056/1349 2944/3079/1349 2943/3078/1327 2921/3055/1327
f 2923/3057/1329 2945/3080/1329 2944/3079/1349 2922/3056/1349
f 2924/3058/1330 2946/3081/1330 2945/3080/1329 2923/3057/1329
f 2925/3059/1331 2947/3082/1331 2946/3081/1330 2924/3058/1330
f 2926/3038/1332 2948/3061/1332 2947/3082/1331 2925/3059/1331
f 2927/3060/1350 2949/3083/1410 2970/3084/1411 2948/3061/1332
f 2928/3062/1409 2950/3085/1412 2949/3086/1410 2927/3063/1350
f 2929/3064/1335 2951/3087/1413 2950/3085/1412 2928/3062/1409
f 2930/3065/1336 2952/3088/1414 2951/3087/1413 2929/3064/1335
f 2931/3066/1337 2953/3089/1415 2952/3088/1414 2930/3065/1336
f 2932/3067/1351 2954/3090/1416 2953/3089/1415 2931/3066/1337
f 2933/3068/1339 2955/3091/1417 2954/3090/1416 2932/3067/1351
f 2934/3069/1352 2956/3092/1418 2955/3091/1417 2933/3068/1339
f 2935/3070/1353 2957/3093/1419 2956/3092/1418 2934/3069/1352
f 2936/3071/1354 2958/3094/1420 2957/3093/1419 2935/3070/1353
f 2937/3072/1344 2959/3095/1421 2958/3094/1420 2936/3071/1354
f 2938/3073/1343 2960/3096/1422 2959/3095/1421 2937/3072/1344
f 2939/3074/1345 2961/3097/1423 2960/3096/1422 2938/3073/1343
f 2940/3075/1346 2962/3098/1424 2961/3097/1423 2939/3074/1345
f 2941/3076/1347 2963/3099/1425 2962/3098/1424 2940/3075/1346
f 2942/3077/1348 2964/3100/1426 2963/3099/1425 2941/3076/1347
f 2943/3078/1327 2965/3101/1427 2964/3100/1426 2942/3077/1348
f 2944/3079/1349 2966/3102/1428 2965/3101/1427 2943/3078/1327
f 2945/3080/1329 2967/3103/1429 2966/3102/1428 2944/3079/1349
f 2946/3081/1330 2968/3104/1430 2967/3103/1429 2945/3080/1329
f 2947/3082/1331 2969/3105/1431 2968/3104/1430 2946/3081/1330
f 2948/3061/1332 2970/3084/1411 2969/3105/1431 2947/3082/1331
f 2949/3083/1410 2971/3106/1432 2992/3107/1433 2970/3084/1411
f 2950/3085/1412 2972/3108/1434 2971/3109/1432 2949/3086/1410
f 2951/3087/1413 2973/3110/1435 2972/3108/1434 2950/3085/1412
f 2952/3088/1414 2974/3111/1436 2973/3110/1435 2951/3087/1413
f 2953/3089/1415 2975/3112/1437 2974/3111/1436 2952/3088/1414
f 2954/3090/1416 2976/3113/1438 2975/3112/1437 2953/3089/1415
f 2955/3091/1417 2977/3114/1439 2976/3113/1438 2954/3090/1416
f 2956/3092/1418 2978/3115/1440 2977/3114/1439 2955/3091/1417
f 2957/3093/1419 2979/3116/1441 2978/3115/1440 2956/3092/1418
f 2958/3094/1420 2980/3117/1442 2979/3116/1441 2957/3093/1419
f 2959/3095/1421 2981/3118/1443 2980/3117/1442 2958/3094/1420
f 2960/3096/1422 2982/3119/1333 2981/3118/1443 2959/3095/1421
f 2961/3097/1423 2983/3120/1444 2982/3119/1333 2960/3096/1422
f 2962/3098/1424 2984/3121/1445 2983/3120/1444 2961/3097/1423
f 2963/3099/1425 2985/3122/1446 2984/3121/1445 2962/3098/1424
f 2964/3100/1426 2986/3123/1447 2985/3122/1446 2963/3099/1425
f 2965/3101/1427 2987/3124/1448 2986/3123/1447 2964/3100/1426
f 2966/3102/1428 2988/3125/1449 2987/3124/1448 2965/3101/1427
f 2967/3103/1429 2989/3126/1450 2988/3125/1449 2966/3102/1428
f 2968/3104/1430 2990/3127/1451 2989/3126/1450 2967/3103/1429
f 2969/3105/1431 2991/3128/1452 2990/3127/1451 2968/3104/1430
f 2970/3084/1411 2992/3107/1433 2991/3128/1452 2969/3105/1431
f 2971/3106/1432 2993/3129/1343 3014/3130/1344 2992/3107/1433
f 2972/3108/1434 2994/3131/1345 2993/3132/1343 2971/3109/1432
f 2973/3110/1435 2995/3133/1346 2994/3131/1345 2972/3108/1434
f 2974/3111/1436 2996/3134/1347 2995/3133/1346 2973/3110/1435
f 2975/3112/1437 2997/3135/1348 2996/3134/1347 2974/3111/1436
f 2976/3113/1438 2998/3136/1327 2997/3135/1348 2975/3112/1437
f 2977/3114/1439 2999/3137/1349 2998/3136/1327 2976/3113/1438
f 2978/3115/1440 3000/3138/1329 2999/3137/1349 2977/3114/1439
f 2979/3116/1441 3001/3139/1330 3000/3138/1329 2978/3115/1440
f 2980/3117/1442 3002/3140/1331 3001/3139/1330 2979/3116/1441
f 2981/3118/1443 3003/3141/1332 3002/3140/1331 2980/3117/1442
f 2982/3119/1333 3004/3142/1350 3003/3141/1332 2981/3118/1443
f 2983/3120/1444 3005/3143/1334 3004/3142/1350 2982/3119/1333
f 2984/3121/1445 3006/3144/1335 3005/3143/1334 2983/3120/1444
f 2985/3122/1446 3007/3145/1336 3006/3144/1335 2984/3121/1445
f 2986/3123/1447 3008/3146/1337 3007/3145/1336 2985/3122/1446
f 2987/3124/1448 3009/3147/1351 3008/3146/1337 2986/3123/1447
f 2988/3125/1449 3010/3148/1339 3009/3147/1351 2987/3124/1448
f 2989/3126/1450 3011/3149/1352 3010/3148/1339 2988/3125/1449
f 2990/3127/1451 3012/3150/1353 3011/3149/1352 2989/3126/1450
f 2991/3128/1452 3013/3151/1354 3012/3150/1353 2990/3127/1451
f 2992/3107/1433 3014/3130/1344 3013/3151/1354 2991/3128/1452
f 2993/3129/1343 3015/3152/1343 3036/3153/1344 3014/3130/1344
f 2994/3131/1345 3016/3154/1345 3015/3155/1343 2993/3132/1343
f 2995/3133/1346 3017/3156/1346 3016/3154/1345 2994/3131/1345
f 2996/3134/1347 3018/3157/1347 3017/3156/1346 2995/3133/1346
f 2997/3135/1348 3019/3158/1348 3018/3157/1347 2996/3134/1347
f 2998/3136/1327 3020/3159/1327 3019/3158/1348 2997/3135/1348
f 2999/3137/1349 3021/3160/1349 3020/3159/1327 2998/3136/1327
f 3000/3138/1329 3022/3161/1329 3021/3160/1349 2999/3137/1349
f 3001/3139/1330 3023/3162/1330 3022/3161/1329 3000/3138/1329
f 3002/3140/1331 3024/3163/1331 3023/3162/1330 3001/3139/1330
f 3003/3141/1332 3025/3164/1332 3024/3163/1331 3002/3140/1331
f 3004/3142/1350 3026/3165/1350 3025/3164/1332 3003/3141/1332
f 3005/3143/1334 3027/3166/1334 3026/3165/1350 3004/3142/1350
f 3006/3144/1335 3028/3167/1335 3027/3166/1334 3005/3143/1334
f 3007/3145/1336 3029/3168/1336 3028/3167/1335 3006/3144/1335
f 3008/3146/1337 3030/3169/1337 3029/3168/1336 3007/3145/1336
f 3009/3147/1351 3031/3170/1351 3030/3169/1337 3008/3146/1337
f 3010/3148/1339 3032/3171/1339 3031/3170/1351 3009/3147/1351
f 3011/3149/1352 3033/3172/1352 3032/3171/1339 3010/3148/1339
f 3012/3150/1353 3034/3173/1353 3033/3172/1352 3011/3149/1352
f 3013/3151/1354 3035/3174/1354 3034/3173/1353 3012/3150/1353
f 3014/3130/1344 3036/3153/1344 3035/3174/1354 3013/3151/1354
f 3015/3152/1343 3037/3175/1343 3058/3176/1344 3036/3153/1344
f 3016/3154/1345 3038/3177/1345 3037/3178/1343 3015/3155/1343
f 3017/3156/1346 3039/3179/1346 3038/3177/1345 3016/3154/1345
f 3018/3157/1347 3040/3180/1347 3039/3179/1346 3017/3156/1346
f 3019/3158/1348 3041/3181/1348 3040/3180/1347 3018/3157/1347
f 3020/3159/1327 3042/3182/1327 3041/3181/1348 3019/3158/1348
f 3021/3160/1349 3043/3183/1349 3042/3182/1327 3020/3159/1327
f 3022/3161/1329 3044/3184/1329 3043/3183/1349 3021/3160/1349
f 3023/3162/1330 3045/3185/1330 3044/3184/1329 3022/3161/1329
f 3024/3163/1331 3046/3186/1331 3045/3185/1330 3023/3162/1330
f 3025/3164/1332 3047/3187/1332 3046/3186/1331 3024/3163/1331
f 3026/3165/1350 3048/3188/1350 3047/3187/1332 3025/3164/1332
f 3027/3166/1334 3049/3189/1334 3048/3188/1350 3026/3165/1350
f 3028/3167/1335 3050/3190/1335 3049/3189/1334 3027/3166/1334
f 3029/3168/1336 3051/3191/1336 3050/3190/1335 3028/3167/1335
f 3030/3169/1337 3052/3192/1337 3051/3191/1336 3029/3168/1336
f 3031/3170/1351 3053/3193/1351 3052/3192/1337 3030/3169/1337
f 3032/3171/1339 3054/3194/1339 3053/3193/1351 3031/3170/1351
f 3033/3172/1352 3055/3195/1352 3054/3194/1339 3032/3171/1339
f 3034/3173/1353 3056/3196/1353 3055/3195/1352 3033/3172/1352
f 3035/3174/1354 3057/3197/1354 3056/3196/1353 3034/3173/1353
f 3036/3153/1344 3058/3176/1344 3057/3197/1354 3035/3174/1354
f 3037/3175/1343 3059/3198/1343 3080/3199/1344 3058/3176/1344
f 3038/3177/1345 3060/3200/1345 3059/3201/1343 3037/3178/1343
f 3039/3179/1346 3061/3202/1346 3060/3200/1345 3038/3177/1345
f 3040/3180/1347 3062/3203/1347 3061/3202/1346 3039/3179/1346
f 3041/3181/1348 3063/3204/1348 3062/3203/1347 3040/3180/1347
f 3042/3182/1327 3064/3205/1327 3063/3204/1348 3041/3181/1348
f 3043/3183/1349 3065/3206/1349 3064/3205/1327 3042/3182/1327
f 3044/3184/1329 3066/3207/1329 3065/3206/1349 3043/3183/1349
f 3045/3185/1330 3067/3208/1330 3066/3207/1329 3044/3184/1329
f 3046/3186/1331 3068/3209/1331 3067/3208/1330 3045/3185/1330
f 3047/3187/1332 3069/3210/1332 3068/3209/1331 3046/3186/1331
f 3048/3188/1350 3070/3211/1350 3069/3210/1332 3047/3187/1332
f 3049/3189/1334 3071/3212/1334 3070/3211/1350 3048/3188/1350
f 3050/3190/1335 3072/3213/1335 3071/3212/1334 3049/3189/1334
f 3051/3191/1336 3073/3214/1336 3072/3213/1335 3050/3190/1335
f 3052/3192/1337 3074/3215/1337 3073/3214/1336 3051/3191/1336
f 3053/3193/1351 3075/3216/1351 3074/3215/1337 3052/3192/1337
f 3054/3194/1339 3076/3217/1339 3075/3216/1351 3053/3193/1351
f 3055/3195/1352 3077/3218/1352 3076/3217/1339 3054/3194/1339
f 3056/3196/1353 3078/3219/1353 3077/3218/1352 3055/3195/1352
f 3057/3197/1354 3079/3220/1354 3078/3219/1353 3056/3196/1353
f 3058/3176/1344 3080/3199/1344 3079/3220/1354 3057/3197/1354
f 3059/3198/1343 3081/3221/1343 3102/3222/1344 3080/3199/1344
f 3060/3200/1345 3082/3223/1345 3081/3224/1343 3059/3201/1343
f 3061/3202/1346 3083/3225/1346 3082/3223/1345 3060/3200/1345
f 3062/3203/1347 3084/3226/1347 3083/3225/1346 3061/3202/1346
f 3063/3204/1348 3085/3227/1348 3084/3226/1347 3062/3203/1347
f 3064/3205/1327 3086/3228/1327 3085/3227/1348 3063/3204/1348
f 3065/3206/1349 3087/3229/1349 3086/3228/1327 3064/3205/1327
f 3066/3207/1329 3088/3230/1329 3087/3229/1349 3065/3206/1349
f 3067/3208/1330 3089/3231/1330 3088/3230/1329 3066/3207/1329
f 3068/3209/1331 3090/3232/1331 3089/3231/1330 3067/3208/1330
f 3069/3210/1332 3091/3233/1332 3090/3232/1331 3068/3209/1331
f 3070/3211/1350 3092/3234/1350 3091/3233/1332 3069/3210/1332
f 3071/3212/1334 3093/3235/1334 3092/3234/1350 3070/3211/1350
f 3072/3213/1335 3094/3236/1335 3093/3235/1334 3071/3212/1334
f 3073/3214/1336 3095/3237/1336 3094/3236/1335 3072/3213/1335
f 3074/3215/1337 3096/3238/1337 3095/3237/1336 3073/3214/1336
f 3075/3216/1351 3097/3239/1351 3096/3238/1337 3074/3215/1337
f 3076/3217/1339 3098/3240/1339 3097/3239/1351 3075/3216/1351
f 3077/3218/1352 3099/3241/1352 3098/3240/1339 3076/3217/1339
f 3078/3219/1353 3100/3242/1353 3099/3241/1352 3077/3218/1352
f 3079/3220/1354 3101/3243/1354 3100/3242/1353 3078/3219/1353
f 3080/3199/1344 3102/3222/1344 3101/3243/1354 3079/3220/1354
f 3081/3221/1343 3103/3244/1343 3124/3245/1344 3102/3222/1344
f 3082/3223/1345 3104/3246/1345 3103/3247/1343 3081/3224/1343
f 3083/3225/1346 3105/3248/1346 3104/3246/1345 3082/3223/1345
f 3084/3226/1347 3106/3249/1347 3105/3248/1346 3083/3225/1346
f 3085/3227/1348 3107/3250/1348 3106/3249/1347 3084/3226/1347
f 3086/3228/1327 3108/3251/1327 3107/3250/1348 3085/3227/1348
f 3087/3229/1349 3109/3252/1349 3108/3251/1327 3086/3228/1327
f 3088/3230/1329 3110/3253/1329 3109/3252/1349 3087/3229/1349
f 3089/3231/1330 3111/3254/1330 3110/3253/1329 3088/3230/1329
f 3090/3232/1331 3112/3255/1331 3111/3254/1330 3089/3231/1330
f 3091/3233/1332 3113/3256/1332 3112/3255/1331 3090/3232/1331
f 3092/3234/1350 3114/3257/1350 3113/3256/1332 3091/3233/1332
f 3093/3235/1334 3115/3258/1334 3114/3257/1350 3092/3234/1350
f 3094/3236/1335 3116/3259/1335 3115/3258/1334 3093/3235/1334
f 3095/3237/1336 3117/3260/1336 3116/3259/1335 3094/3236/1335
f 3096/3238/1337 3118/3261/1337 3117/3260/1336 3095/3237/1336
f 3097/3239/1351 3119/3262/1351 3118/3261/1337 3096/3238/1337
f 3098/3240/1339 3120/3263/1339 3119/3262/1351 3097/3239/1351
f 3099/3241/1352 3121/3264/1352 3120/3263/1339 3098/3240/1339
f 3100/3242/1353 3122/3265/1353 3121/3264/1352 3099/3241/1352
f 3101/3243/1354 3123/3266/1354 3122/3265/1353 3100/3242/1353
f 3102/3222/1344 3124/3245/1344 3123/3266/1354 3101/3243/1354
f 3103/3244/1343 3125/3267/1343 3146/3268/1344 3124/3245/1344
f 3104/3246/1345 3126/3269/1345 3125/3270/1343 3103/3247/1343
f 3105/3248/1346 3127/3271/1346 3126/3269/1345 3104/3246/1345
f 3106/3249/1347 3128/3272/1347 3127/3271/1346 3105/3248/1346
f 3107/3250/1348 3129/3273/1348 3128/3272/1347 3106/3249/1347
f 3108/3251/1327 3130/3274/1327 3129/3273/1348 3107/3250/1348
f 3109/3252/1349 3131/3275/1349 3130/3274/1327 3108/3251/1327
f 3110/3253/1329 3132/3276/1329 3131/3275/1349 3109/3252/1349
f 3111/3254/1330 3133/3277/1330 3132/3276/1329 3110/3253/1329
f 3112/3255/1331 3134/3278/1331 3133/3277/1330 3111/3254/1330
f 3113/3256/1332 3135/3279/1332 3134/3278/1331 3112/3255/1331
f 3114/3257/1350 3136/3280/1350 3135/3279/1332 3113/3256/1332
f 3115/3258/1334 3137/3281/1334 3136/3280/1350 3114/3257/1350
f 3116/3259/1335 3138/3282/1335 3137/3281/1334 3115/3258/1334
f 3117/3260/1336 3139/3283/1336 3138/3282/1335 3116/3259/1335
f 3118/3261/1337 3140/3284/1337 3139/3283/1336 3117/3260/1336
f 3119/3262/1351 3141/3285/1351 3140/3284/1337 3118/3261/1337
f 3120/3263/1339 3142/3286/1339 3141/3285/1351 3119/3262/1351
f 3121/3264/1352 3143/3287/1352 3142/3286/1339 3120/3263/1339
f 3122/3265/1353 3144/3288/1353 3143/3287/1352 3121/3264/1352
f 3123/3266/1354 3145/3289/1354 3144/3288/1353 3122/3265/1353
f 3124/3245/1344 3146/3268/1344 3145/3289/1354 3123/3266/1354
f 3125/3267/1343 3147/3290/1343 3168/3291/1344 3146/3268/1344
f 3126/3269/1345 3148/3292/1345 3147/3293/1343 3125/3270/1343
f 3127/3271/1346 3149/3294/1346 3148/3292/1345 3126/3269/1345
f 3128/3272/1347 3150/3295/1347 3149/3294/1346 3127/3271/1346
f 3129/3273/1348 3151/3296/1348 3150/3295/1347 3128/3272/1347
f 3130/3274/1327 3152/3297/1327 3151/3296/1348 3129/3273/1348
f 3131/3275/1349 3153/3298/1349 3152/3297/1327 3130/3274/1327
f 3132/3276/1329 3154/3299/1329 3153/3298/1349 3131/3275/1349
f 3133/3277/1330 3155/3300/1330 3154/3299/1329 3132/3276/1329
f 3134/3278/1331 3156/3301/1331 3155/3300/1330 3133/3277/1330
f 3135/3279/1332 3157/3302/1332 3156/3301/1331 3134/3278/1331
f 3136/3280/1350 3158/3303/1350 3157/3302/1332 3135/3279/1332
f 3137/3281/1334 3159/3304/1334 3158/3303/1350 3136/3280/1350
f 3138/3282/1335 3160/3305/1335 3159/3304/1334 3137/3281/1334
f 3139/3283/1336 3161/3306/1336 3160/3305/1335 3138/3282/1335
f 3140/3284/1337 3162/3307/1337 3161/3306/1336 3139/3283/1336
f 3141/3285/1351 3163/3308/1351 3162/3307/1337 3140/3284/1337
f 3142/3286/1339 3164/3309/1339 3163/3308/1351 3141/3285/1351
f 3143/3287/1352 3165/3310/1352 3164/3309/1339 3142/3286/1339
f 3144/3288/1353 3166/3311/1353 3165/3310/1352 3143/3287/1352
f 3145/3289/1354 3167/3312/1354 3166/3311/1353 3144/3288/1353
f 3146/3268/1344 3168/3291/1344 3167/3312/1354 3145/3289/1354
f 3147/3290/1343 3169/3313/1343 3190/3314/1344 3168/3291/1344
f 3148/3292/1345 3170/3315/1345 3169/3316/1343 3147/3293/1343
f 3149/3294/1346 3171/3317/1346 3170/3315/1345 3148/3292/1345
f 3150/3295/1347 3172/3318/1347 3171/3317/1346 3149/3294/1346
f 3151/3296/1348 3173/3319/1348 3172/3318/1347 3150/3295/1347
f 3152/3297/1327 3174/3320/1327 3173/3319/1348 3151/3296/1348
f 3153/3298/1349 3175/3321/1349 3174/3320/1327 3152/3297/1327
f 3154/3299/1329 3176/3322/1329 3175/3321/1349 3153/3298/1349
f 3155/3300/1330 3177/3323/1330 3176/3322/1329 3154/3299/1329
f 3156/3301/1331 3178/3324/1331 3177/3323/1330 3155/3300/1330
f 3157/3302/1332 3179/3325/1332 3178/3324/1331 3156/3301/1331
f 3158/3303/1350 3180/3326/1350 3179/3325/1332 3157/3302/1332
f 3159/3304/1334 3181/3327/1334 3180/3326/1350 3158/3303/1350
f 3160/3305/1335 3182/3328/1335 3181/3327/1334 3159/3304/1334
f 3161/3306/1336 3183/3329/1336 3182/3328/1335 3160/3305/1335
f 3162/3307/1337 3184/3330/1337 3183/3329/1336 3161/3306/1336
f 3163/3308/1351 3185/3331/1351 3184/3330/1337 3162/3307/1337
f 3164/3309/1339 3186/3332/1339 3185/3331/1351 3163/3308/1351
f 3165/3310/1352 3187/3333/1352 3186/3332/1339 3164/3309/1339
f 3166/3311/1353 3188/3334/1353 3187/3333/1352 3165/3310/1352
f 3167/3312/1354 3189/3335/1354 3188/3334/1353 3166/3311/1353
f 3168/3291/1344 3190/3314/1344 3189/3335/1354 3167/3312/1354
f 3169/3313/1343 3191/3336/1343 3212/3337/1344 3190/3314/1344
f 3170/3315/1345 3192/3338/1345 3191/3339/1343 3169/3316/1343
f 3171/3317/1346 3193/3340/1346 3192/3338/1345 3170/3315/1345
f 3172/3318/1347 3194/3341/1347 3193/3340/1346 3171/3317/1346
f 3173/3319/1348 3195/3342/1348 3194/3341/1347 3172/3318/1347
f 3174/3320/1327 3196/3343/1327 3195/3342/1348 3173/3319/1348
f 3175/3321/1349 3197/3344/1349 3196/3343/1327 3174/3320/1327
f 3176/3322/1329 3198/3345/1329 3197/3344/1349 3175/3321/1349
f 3177/3323/1330 3199/3346/1330 3198/3345/1329 3176/3322/1329
f 3178/3324/1331 3200/3347/1331 3199/3346/1330 3177/3323/1330
f 3179/3325/1332 3201/3348/1332 3200/3347/1331 3178/3324/1331
f 3180/3326/1350 3202/3349/1350 3201/3348/1332 3179/3325/1332
f 3181/3327/1334 3203/3350/1334 3202/3349/1350 3180/3326/1350
f 3182/3328/1335 3204/3351/1335 3203/3350/1334 3181/3327/1334
f 3183/3329/1336 3205/3352/1336 3204/3351/1335 3182/3328/1335
f 3184/3330/1337 3206/3353/1337 3205/3352/1336 3183/3329/1336
f 3185/3331/1351 3207/3354/1351 3206/3353/1337 3184/3330/1337
f 3186/3332/1339 3208/3355/1339 3207/3354/1351 3185/3331/1351
f 3187/3333/1352 3209/3356/1352 3208/3355/1339 3186/3332/1339
f 3188/3334/1353 3210/3357/1353 3209/3356/1352 3187/3333/1352
f 3189/3335/1354 3211/3358/1354 3210/3357/1353 3188/3334/1353
f 3190/3314/1344 3212/3337/1344 3211/3358/1354 3189/3335/1354
f 3191/3336/1343 3213/3359/1343 3234/3360/1344 3212/3337/1344
f 3192/3338/1345 3214/3361/1345 3213/3362/1343 3191/3339/1343
f 3193/3340/1346 3215/3363/1346 3214/3361/1345 3192/3338/1345
f 3194/3341/1347 3216/3364/1347 3215/3363/1346 3193/3340/1346
f 3195/3342/1348 3217/3365/1348 3216/3364/1347 3194/3341/1347
f 3196/3343/1327 3218/3366/1327 3217/3365/1348 3195/3342/1348
f 3197/3344/1349 3219/3367/1349 3218/3366/1327 3196/3343/1327
f 3198/3345/1329 3220/3368/1329 3219/3367/1349 3197/3344/1349
f 3199/3346/1330 3221/3369/1330 3220/3368/1329 3198/3345/1329
f 3200/3347/1331 3222/3370/1331 3221/3369/1330 3199/3346/1330
f 3201/3348/1332 3223/3371/1332 3222/3370/1331 3200/3347/1331
f 3202/3349/1350 3224/3372/1350 3223/3371/1332 3201/3348/1332
f 3203/3350/1334 3225/3373/1334 3224/3372/1350 3202/3349/1350
f 3204/3351/1335 3226/3374/1335 3225/3373/1334 3203/3350/1334
f 3205/3352/1336 3227/3375/1336 3226/3374/1335 3204/3351/1335
f 3206/3353/1337 3228/3376/1337 3227/3375/1336 3205/3352/1336
f 3207/3354/1351 3229/3377/1351 3228/3376/1337 3206/3353/1337
f 3208/3355/1339 3230/3378/1339 3229/3377/1351 3207/3354/1351
f 3209/3356/1352 3231/3379/1352 3230/3378/1339 3208/3355/1339
f 3210/3357/1353 3232/3380/1353 3231/3379/1352 3209/3356/1352
f 3211/3358/1354 3233/3381/1354 3232/3380/1353 3210/3357/1353
f 3212/3337/1344 3234/3360/1344 3233/3381/1354 3211/3358/1354
f 3213/3359/1343 3235/3382/1343 3256/3383/1344 3234/3360/1344
f 3214/3361/1345 3236/3384/1345 3235/3385/1343 3213/3362/1343
f 3215/3363/1346 3237/3386/1346 3236/3384/1345 3214/3361/1345
f 3216/3364/1347 3238/3387/1347 3237/3386/1346 3215/3363/1346
f 3217/3365/1348 3239/3388/1348 3238/3387/1347 3216/3364/1347
f 3218/3366/1327 3240/3389/1327 3239/3388/1348 3217/3365/1348
f 3219/3367/1349 3241/3390/1349 3240/3389/1327 3218/3366/1327
f 3220/3368/1329 3242/3391/1329 3241/3390/1349 3219/3367/1349
f 3221/3369/1330 3243/3392/1330 3242/3391/1329 3220/3368/1329
f 3222/3370/1331 3244/3393/1331 3243/3392/1330 3221/3369/1330
f 3223/3371/1332 3245/3394/1332 3244/3393/1331 3222/3370/1331
f 3224/3372/1350 3246/3395/1350 3245/3394/1332 3223/3371/1332
f 3225/3373/1334 3247/3396/1334 3246/3395/1350 3224/3372/1350
f 3226/3374/1335 3248/3397/1335 3247/3396/1334 3225/3373/1334
f 3227/3375/1336 3249/3398/1336 3248/3397/1335 3226/3374/1335
f 3228/3376/1337 3250/3399/1337 3249/3398/1336 3227/3375/1336
f 3229/3377/1351 3251/3400/1351 3250/3399/1337 3228/3376/1337
f 3230/3378/1339 3252/3401/1339 3251/3400/1351 3229/3377/1351
f 3231/3379/1352 3253/3402/1352 3252/3401/1339 3230/3378/1339
f 3232/3380/1353 3254/3403/1353 3253/3402/1352 3231/3379/1352
f 3233/3381/1354 3255/3404/1354 3254/3403/1353 3232/3380/1353
f 3234/3360/1344 3256/3383/1344 3255/3404/1354 3233/3381/1354
f 3235/3382/1343 3257/3405/1343 3278/3406/1344 3256/3383/1344
f 3236/3384/1345 3258/3407/1345 3257/3408/1343 3235/3385/1343
f 3237/3386/1346 3259/3409/1346 3258/3407/1345 3236/3384/1345
f 3238/3387/1347 3260/3410/1347 3259/3409/1346 3237/3386/1346
f 3239/3388/1348 3261/3411/1348 3260/3410/1347 3238/3387/1347
f 3240/3389/1327 3262/3412/1327 3261/3411/1348 3239/3388/1348
f 3241/3390/1349 3263/3413/1349 3262/3412/1327 3240/3389/1327
f 3242/3391/1329 3264/3414/1329 3263/3413/1349 3241/3390/1349
f 3243/3392/1330 3265/3415/1330 3264/3414/1329 3242/3391/1329
f 3244/3393/1331 3266/3416/1331 3265/3415/1330 3243/3392/1330
f 3245/3394/1332 3267/3417/1332 3266/3416/1331 3244/3393/1331
f 3246/3395/1350 3268/3418/1350 3267/3417/1332 3245/3394/1332
f 3247/3396/1334 3269/3419/1334 3268/3418/1350 3246/3395/1350
f 3248/3397/1335 3270/3420/1335 3269/3419/1334 3247/3396/1334
f 3249/3398/1336 3271/3421/1336 3270/3420/1335 3248/3397/1335
f 3250/3399/1337 3272/3422/1337 3271/3421/1336 3249/3398/1336
f 3251/3400/1351 3273/3423/1351 3272/3422/1337 3250/3399/1337
f 3252/3401/1339 3274/3424/1339 3273/3423/1351 3251/3400/1351
f 3253/3402/1352 3275/3425/1352 3274/3424/1339 3252/3401/1339
f 3254/3403/1353 3276/3426/1353 3275/3425/1352 3253/3402/1352
f 3255/3404/1354 3277/3427/1354 3276/3426/1353 3254/3403/1353
f 3256/3383/1344 3278/3406/1344 3277/3427/1354 3255/3404/1354
f 3257/3405/1343 3279/3428/1343 3300/3429/1344 3278/3406/1344
f 3258/3407/1345 3280/3430/1345 3279/3431/1343 3257/3408/1343
f 3259/3409/1346 3281/3432/1346 3280/3430/1345 3258/3407/1345
f 3260/3410/1347 3282/3433/1347 3281/3432/1346 3259/3409/1346
f 3261/3411/1348 3283/3434/1348 3282/3433/1347 3260/3410/1347
f 3262/3412/1327 3284/3435/1327 3283/3434/1348 3261/3411/1348
f 3263/3413/1349 3285/3436/1349 3284/3435/1327 3262/3412/1327
f 3264/3414/1329 3286/3437/1329 3285/3436/1349 3263/3413/1349
f 3265/3415/1330 3287/3438/1330 3286/3437/1329 3264/3414/1329
f 3266/3416/1331 3288/3439/1331 3287/3438/1330 3265/3415/1330
f 3267/3417/1332 3289/3440/1332 3288/3439/1331 3266/3416/1331
f 3268/3418/1350 3290/3441/1350 3289/3440/1332 3267/3417/1332
f 3269/3419/1334 3291/3442/1334 3290/3441/1350 3268/3418/1350
f 3270/3420/1335 3292/3443/1335 3291/3442/1334 3269/3419/1334
f 3271/3421/1336 3293/3444/1336 3292/3443/1335 3270/3420/1335
f 3272/3422/1337 3294/3445/1337 3293/3444/1336 3271/3421/1336
f 3273/3423/1351 3295/3446/1351 3294/3445/1337 3272/3422/1337
f 3274/3424/1339 3296/3447/1339 3295/3446/1351 3273/3423/1351
f 3275/3425/1352 3297/3448/1352 3296/3447/1339 3274/3424/1339
f 3276/3426/1353 3298/3449/1353 3297/3448/1352 3275/3425/1352
f 3277/3427/1354 3299/3450/1354 3298/3449/1353 3276/3426/1353
f 3278/3406/1344 3300/3429/1344 3299/3450/1354 3277/3427/1354
f 3279/3428/1343 3301/3451/1343 3322/3452/1344 3300/3429/1344
f 3280/3430/1345 3302/3453/1345 3301/3454/1343 3279/3431/1343
f 3281/3432/1346 3303/3455/1346 3302/3453/1345 3280/3430/1345
f 3282/3433/1347 3304/3456/1347 3303/3455/1346 3281/3432/1346
f 3283/3434/1348 3305/3457/1348 3304/3456/1347 3282/3433/1347
f 3284/3435/1327 3306/3458/1327 3305/3457/1348 3283/3434/1348
f 3285/3436/1349 3307/3459/1349 3306/3458/1327 3284/3435/1327
f 3286/3437/1329 3308/3460/1329 3307/3459/1349 3285/3436/1349
f 3287/3438/1330 3309/3461/1330 3308/3460/1329 3286/3437/1329
f 3288/3439/1331 3310/3462/1331 3309/3461/1330 3287/3438/1330
f 3289/3440/1332 3311/3463/1332 3310/3462/1331 3288/3439/1331
f 3290/3441/1350 3312/3464/1350 3311/3463/1332 3289/3440/1332
f 3291/3442/1334 3313/3465/1334 3312/3464/1350 3290/3441/1350
f 3292/3443/1335 3314/3466/1335 3313/3465/1334 3291/3442/1334
f 3293/3444/1336 3315/3467/1336 3314/3466/1335 3292/3443/1335
f 3294/3445/1337 3316/3468/1337 3315/3467/1336 3293/3444/1336
f 3295/3446/1351 3317/3469/1351 3316/3468/1337 3294/3445/1337
f 3296/3447/1339 3318/3470/1339 3317/3469/1351 3295/3446/1351
f 3297/3448/1352 3319/3471/1352 3318/3470/1339 3296/3447/1339
f 3298/3449/1353 3320/3472/1353 3319/3471/1352 3297/3448/1352
f 3299/3450/1354 3321/3473/1354 3320/3472/1353 3298/3449/1353
f 3300/3429/1344 3322/3452/1344 3321/3473/1354 3299/3450/1354
f 3301/3451/1343 3323/3474/1343 3344/3475/1344 3322/3452/1344
f 3302/3453/1345 3324/3476/1345 3323/3477/1343 3301/3454/1343
f 3303/3455/1346 3325/3478/1346 3324/3476/1345 3302/3453/1345
f 3304/3456/1347 3326/3479/1347 3325/3478/1346 3303/3455/1346
f 3305/3457/1348 3327/3480/1348 3326/3479/1347 3304/3456/1347
f 3306/3458/1327 3328/3481/1327 3327/3480/1348 3305/3457/1348
f 3307/3459/1349 3329/3482/1349 3328/3481/1327 3306/3458/1327
f 3308/3460/1329 3330/3483/1329 3329/3482/1349 3307/3459/1349
f 3309/3461/1330 3331/3484/1330 3330/3483/1329 3308/3460/1329
f 3310/3462/1331 3332/3485/1331 3331/3484/1330 3309/3461/1330
f 3311/3463/1332 3333/3486/1332 3332/3485/1331 3310/3462/1331
f 3312/3464/1350 3334/3487/1350 3333/3486/1332 3311/3463/1332
f 3313/3465/1334 3335/3488/1334 3334/3487/1350 3312/3464/1350
f 3314/3466/1335 3336/3489/1335 3335/3488/1334 3313/3465/1334
f 3315/3467/1336 3337/3490/1336 3336/3489/1335 3314/3466/1335
f 3316/3468/1337 3338/3491/1337 3337/3490/1336 3315/3467/1336
f 3317/3469/1351 3339/3492/1351 3338/3491/1337 3316/3468/1337
f 3318/3470/1339 3340/3493/1339 3339/3492/1351 3317/3469/1351
f 3319/3471/1352 3341/3494/1352 3340/3493/1339 3318/3470/1339
f 3320/3472/1353 3342/3495/1353 3341/3494/1352 3319/3471/1352
f 3321/3473/1354 3343/3496/1354 3342/3495/1353 3320/3472/1353
f 3322/3452/1344 3344/3475/1344 3343/3496/1354 3321/3473/1354
f 3323/3474/1343 3345/3497/1343 3366/3498/1344 3344/3475/1344
f 3324/3476/1345 3346/3499/1345 3345/3500/1343 3323/3477/1343
f 3325/3478/1346 3347/3501/1346 3346/3499/1345 3324/3476/1345
f 3326/3479/1347 3348/3502/1347 3347/3501/1346 3325/3478/1346
f 3327/3480/1348 3349/3503/1348 3348/3502/1347 3326/3479/1347
f 3328/3481/1327 3350/3504/1327 3349/3503/1348 3327/3480/1348
f 3329/3482/1349 3351/3505/1349 3350/3504/1327 3328/3481/1327
f 3330/3483/1329 3352/3506/1329 3351/3505/1349 3329/3482/1349
f 3331/3484/1330 3353/3507/1330 3352/3506/1329 3330/3483/1329
f 3332/3485/1331 3354/3508/1331 3353/3507/1330 3331/3484/1330
f 3333/3486/1332 3355/3509/1332 3354/3508/1331 3332/3485/1331
f 3334/3487/1350 3356/3510/1350 3355/3509/1332 3333/3486/1332
f 3335/3488/1334 3357/3511/1334 3356/3510/1350 3334/3487/1350
f 3336/3489/1335 3358/3512/1335 3357/3511/1334 3335/3488/1334
f 3337/3490/1336 3359/3513/1336 3358/3512/1335 3336/3489/1335
f 3338/3491/1337 3360/3514/1337 3359/3513/1336 3337/3490/1336
f 3339/3492/1351 3361/3515/1351 3360/3514/1337 3338/3491/1337
f 3340/3493/1339 3362/3516/1339 3361/3515/1351 3339/3492/1351
f 3341/3494/1352 3363/3517/1352 3362/3516/1339 3340/3493/1339
f 3342/3495/1353 3364/3518/1353 3363/3517/1352 3341/3494/1352
f 3343/3496/1354 3365/3519/1354 3364/3518/1353 3342/3495/1353
f 3344/3475/1344 3366/3498/1344 3365/3519/1354 3343/3496/1354
f 3345/3497/1343 3367/3520/1343 3388/3521/1344 3366/3498/1344
f 3346/3499/1345 3368/3522/1345 3367/3523/1343 3345/3500/1343
f 3347/3501/1346 3369/3524/1346 3368/3522/1345 3346/3499/1345
f 3348/3502/1347 3370/3525/1347 3369/3524/1346 3347/3501/1346
f 3349/3503/1348 3371/3526/1348 3370/3525/1347 3348/3502/1347
f 3350/3504/1327 3372/3527/1327 3371/3526/1348 3349/3503/1348
f 3351/3505/1349 3373/3528/1349 3372/3527/1327 3350/3504/1327
f 3352/3506/1329 3374/3529/1329 3373/3528/1349 3351/3505/1349
f 3353/3507/1330 3375/3530/1330 3374/3529/1329 3352/3506/1329
f 3354/3508/1331 3376/3531/1331 3375/3530/1330 3353/3507/1330
f 3355/3509/1332 3377/3532/1332 3376/3531/1331 3354/3508/1331
f 3356/3510/1350 3378/3533/1350 3377/3532/1332 3355/3509/1332
f 3357/3511/1334 3379/3534/1334 3378/3533/1350 3356/3510/1350
f 3358/3512/1335 3380/3535/1335 3379/3534/1334 3357/3511/1334
f 3359/3513/1336 3381/3536/1336 3380/3535/1335 3358/3512/1335
f 3360/3514/1337 3382/3537/1337 3381/3536/1336 3359/3513/1336
f 3361/3515/1351 3383/3538/1351 3382/3537/1337 3360/3514/1337
f 3362/3516/1339 3384/3539/1339 3383/3538/1351 3361/3515/1351
f 3363/3517/1352 3385/3540/1352 3384/3539/1339 3362/3516/1339
f 3364/3518/1353 3386/3541/1353 3385/3540/1352 3363/3517/1352
f 3365/3519/1354 3387/3542/1354 3386/3541/1353 3364/3518/1353
f 3366/3498/1344 3388/3521/1344 3387/3542/1354 3365/3519/1354
f 3367/3520/1343 3389/3543/1343 3410/3544/1344 3388/3521/1344
f 3368/3522/1345 3390/3545/1345 3389/3546/1343 3367/3523/1343
f 3369/3524/1346 3391/3547/1346 3390/3545/1345 3368/3522/1345
f 3370/3525/1347 3392/3548/1347 3391/3547/1346 3369/3524/1346
f 3371/3526/1348 3393/3549/1348 3392/3548/1347 3370/3525/1347
f 3372/3527/1327 3394/3550/1327 3393/3549/1348 3371/3526/1348
f 3373/3528/1349 3395/3551/1349 3394/3550/1327 3372/3527/1327
f 3374/3529/1329 3396/3552/1329 3395/3551/1349 3373/3528/1349
f 3375/3530/1330 3397/3553/1330 3396/3552/1329 3374/3529/1329
f 3376/3531/1331 3398/3554/1331 3397/3553/1330 3375/3530/1330
f 3377/3532/1332 3399/3555/1332 3398/3554/1331 3376/3531/1331
f 3378/3533/1350 3400/3556/1350 3399/3555/1332 3377/3532/1332
f 3379/3534/1334 3401/3557/1334 3400/3556/1350 3378/3533/1350
f 3380/3535/1335 3402/3558/1335 3401/3557/1334 3379/3534/1334
f 3381/3536/1336 3403/3559/1336 3402/3558/1335 3380/3535/1335
f 3382/3537/1337 3404/3560/1337 3403/3559/1336 3381/3536/1336
f 3383/3538/1351 3405/3561/1351 3404/3560/1337 3382/3537/1337
f 3384/3539/1339 3406/3562/1339 3405/3561/1351 3383/3538/1351
f 3385/3540/1352 3407/3563/1352 3406/3562/1339 3384/3539/1339
f 3386/3541/1353 3408/3564/1353 3407/3563/1352 3385/3540/1352
f 3387/3542/1354 3409/3565/1354 3408/3564/1353 3386/3541/1353
f 3388/3521/1344 3410/3544/1344 3409/3565/1354 3387/3542/1354
f 3389/3543/1343 3411/3566/1343 3432/3567/1344 3410/3544/1344
f 3390/3545/1345 3412/3568/1345 3411/3569/1343 3389/3546/1343
f 3391/3547/1346 3413/3570/1346 3412/3568/1345 3390/3545/1345
f 3392/3548/1347 3414/3571/1347 3413/3570/1346 3391/3547/1346
f 3393/3549/1348 3415/3572/1348 3414/3571/1347 3392/3548/1347
f 3394/3550/1327 3416/3573/1327 3415/3572/1348 3393/3549/1348
f 3395/3551/1349 3417/3574/1349 3416/3573/1327 3394/3550/1327
f 3396/3552/1329 3418/3575/1329 3417/3574/1349 3395/3551/1349
f 3397/3553/1330 3419/3576/1330 3418/3575/1329 3396/3552/1329
f 3398/3554/1331 3420/3577/1331 3419/3576/1330 3397/3553/1330
f 3399/3555/1332 3421/3578/1332 3420/3577/1331 3398/3554/1331
f 3400/3556/1350 3422/3579/1350 3421/3578/1332 3399/3555/1332
f 3401/3557/1334 3423/3580/1334 3422/3579/1350 3400/3556/1350
f 3402/3558/1335 3424/3581/1335 3423/3580/1334 3401/3557/1334
f 3403/3559/1336 3425/3582/1336 3424/3581/1335 3402/3558/1335
f 3404/3560/1337 3426/3583/1337 3425/3582/1336 3403/3559/1336
f 3405/3561/1351 3427/3584/1351 3426/3583/1337 3404/3560/1337
f 3406/3562/1339 3428/3585/1339 3427/3584/1351 3405/3561/1351
f 3407/3563/1352 3429/3586/1352 3428/3585/1339 3406/3562/1339
f 3408/3564/1353 3430/3587/1353 3429/3586/1352 3407/3563/1352
f 3409/3565/1354 3431/3588/1354 3430/3587/1353 3408/3564/1353
f 3410/3544/1344 3432/3567/1344 3431/3588/1354 3409/3565/1354
f 3411/3566/1343 3433/3589/1343 3454/3590/1344 3432/3567/1344
f 3412/3568/1345 3434/3591/1345 3433/3592/1343 3411/3569/1343
f 3413/3570/1346 3435/3593/1346 3434/3591/1345 3412/3568/1345
f 3414/3571/1347 3436/3594/1347 3435/3593/1346 3413/3570/1346
f 3415/3572/1348 3437/3595/1348 3436/3594/1347 3414/3571/1347
f 3416/3573/1327 3438/3596/1327 3437/3595/1348 3415/3572/1348
f 3417/3574/1349 3439/3597/1349 3438/3596/1327 3416/3573/1327
f 3418/3575/1329 3440/3598/1329 3439/3597/1349 3417/3574/1349
f 3419/3576/1330 3441/3599/1330 3440/3598/1329 3418/3575/1329
f 3420/3577/1331 3442/3600/1331 3441/3599/1330 3419/3576/1330
f 3421/3578/1332 3443/3601/1332 3442/3600/1331 3420/3577/1331
f 3422/3579/1350 3444/3602/1350 3443/3601/1332 3421/3578/1332
f 3423/3580/1334 3445/3603/1334 3444/3602/1350 3422/3579/1350
f 3424/3581/1335 3446/3604/1335 3445/3603/1334 3423/3580/1334
f 3425/3582/1336 3447/3605/1336 3446/3604/1335 3424/3581/1335
f 3426/3583/1337 3448/3606/1337 3447/3605/1336 3425/3582/1336
f 3427/3584/1351 3449/3607/1351 3448/3606/1337 3426/3583/1337
f 3428/3585/1339 3450/3608/1339 3449/3607/1351 3427/3584/1351
f 3429/3586/1352 3451/3609/1352 3450/3608/1339 3428/3585/1339
f 3430/3587/1353 3452/3610/1353 3451/3609/1352 3429/3586/1352
f 3431/3588/1354 3453/3611/1354 3452/3610/1353 3430/3587/1353
f 3432/3567/1344 3454/3590/1344 3453/3611/1354 3431/3588/1354
f 3433/3589/1343 3455/3612/1343 3476/3613/1344 3454/3590/1344
f 3434/3591/1345 3456/3614/1345 3455/3615/1343 3433/3592/1343
f 3435/3593/1346 3457/3616/1346 3456/3614/1345 3434/3591/1345
f 3436/3594/1347 3458/3617/1347 3457/3616/1346 3435/3593/1346
f 3437/3595/1348 3459/3618/1348 3458/3617/1347 3436/3594/1347
f 3438/3596/1327 3460/3619/1327 3459/3618/1348 3437/3595/1348
f 3439/3597/1349 3461/3620/1349 3460/3619/1327 3438/3596/1327
f 3440/3598/1329 3462/3621/1329 3461/3620/1349 3439/3597/1349
f 3441/3599/1330 3463/3622/1330 3462/3621/1329 3440/3598/1329
f 3442/3600/1331 3464/3623/1331 3463/3622/1330 3441/3599/1330
f 3443/3601/1332 3465/3624/1332 3464/3623/1331 3442/3600/1331
f 3444/3602/1350 3466/3625/1350 3465/3624/1332 3443/3601/1332
f 3445/3603/1334 3467/3626/1334 3466/3625/1350 3444/3602/1350
f 3446/3604/1335 3468/3627/1335 3467/3626/1334 3445/3603/1334
f 3447/3605/1336 3469/3628/1336 3468/3627/1335 3446/3604/1335
f 3448/3606/1337 3470/3629/1337 3469/3628/1336 3447/3605/1336
f 3449/3607/1351 3471/3630/1351 3470/3629/1337 3448/3606/1337
f 3450/3608/1339 3472/3631/1339 3471/3630/1351 3449/3607/1351
f 3451/3609/1352 3473/3632/1352 3472/3631/1339 3450/3608/1339
f 3452/3610/1353 3474/3633/1353 3473/3632/1352 3451/3609/1352
f 3453/3611/1354 3475/3634/1354 3474/3633/1353 3452/3610/1353
f 3454/3590/1344 3476/3613/1344 3475/3634/1354 3453/3611/1354
f 3455/3612/1343 3477/3635/1343 3498/3636/1344 3476/3613/1344
f 3456/3614/1345 3478/3637/1345 3477/3638/1343 3455/3615/1343
f 3457/3616/1346 3479/3639/1346 3478/3637/1345 3456/3614/1345
f 3458/3617/1347 3480/3640/1347 3479/3639/1346 3457/3616/1346
f 3459/3618/1348 3481/3641/1348 3480/3640/1347 3458/3617/1347
f 3460/3619/1327 3482/3642/1327 3481/3641/1348 3459/3618/1348
f 3461/3620/1349 3483/3643/1349 3482/3642/1327 3460/3619/1327
f 3462/3621/1329 3484/3644/1329 3483/3643/1349 3461/3620/1349
f 3463/3622/1330 3485/3645/1330 3484/3644/1329 3462/3621/1329
f 3464/3623/1331 3486/3646/1331 3485/3645/1330 3463/3622/1330
f 3465/3624/1332 3487/3647/1332 3486/3646/1331 3464/3623/1331
f 3466/3625/1350 3488/3648/1350 3487/3647/1332 3465/3624/1332
f 3467/3626/1334 3489/3649/1334 3488/3648/1350 3466/3625/1350
f 3468/3627/1335 3490/3650/1335 3489/3649/1334 3467/3626/1334
f 3469/3628/1336 3491/3651/1336 3490/3650/1335 3468/3627/1335
f 3470/3629/1337 3492/3652/1337 3491/3651/1336 3469/3628/1336
f 3471/3630/1351 3493/3653/1351 3492/3652/1337 3470/3629/1337
f 3472/3631/1339 3494/3654/1339 3493/3653/1351 3471/3630/1351
f 3473/3632/1352 3495/3655/1352 3494/3654/1339 3472/3631/1339
f 3474/3633/1353 3496/3656/1353 3495/3655/1352 3473/3632/1352
f 3475/3634/1354 3497/3657/1354 3496/3656/1353 3474/3633/1353
f 3476/3613/1344 3498/3636/1344 3497/3657/1354 3475/3634/1354
f 3477/3635/1343 3499/3658/1343 3520/3659/1344 3498/3636/1344
f 3478/3637/1345 3500/3660/1345 3499/3661/1343 3477/3638/1343
f 3479/3639/1346 3501/3662/1346 3500/3660/1345 3478/3637/1345
f 3480/3640/1347 3502/3663/1347 3501/3662/1346 3479/3639/1346
f 3481/3641/1348 3503/3664/1348 3502/3663/1347 3480/3640/1347
f 3482/3642/1327 3504/3665/1327 3503/3664/1348 3481/3641/1348
f 3483/3643/1349 3505/3666/1349 3504/3665/1327 3482/3642/1327
f 3484/3644/1329 3506/3667/1329 3505/3666/1349 3483/3643/1349
f 3485/3645/1330 3507/3668/1330 3506/3667/1329 3484/3644/1329
f 3486/3646/1331 3508/3669/1331 3507/3668/1330 3485/3645/1330
f 3487/3647/1332 3509/3670/1332 3508/3669/1331 3486/3646/1331
f 3488/3648/1350 3510/3671/1350 3509/3670/1332 3487/3647/1332
f 3489/3649/1334 3511/3672/1334 3510/3671/1350 3488/3648/1350
f 3490/3650/1335 3512/3673/1335 3511/3672/1334 3489/3649/1334
f 3491/3651/1336 3513/3674/1336 3512/3673/1335 3490/3650/1335
f 3492/3652/1337 3514/3675/1337 3513/3674/1336 3491/3651/1336
f 3493/3653/1351 3515/3676/1351 3514/3675/1337 3492/3652/1337
f 3494/3654/1339 3516/3677/1339 3515/3676/1351 3493/3653/1351
f 3495/3655/1352 3517/3678/1352 3516/3677/1339 3494/3654/1339
f 3496/3656/1353 3518/3679/1353 3517/3678/1352 3495/3655/1352
f 3497/3657/1354 3519/3680/1354 3518/3679/1353 3496/3656/1353
f 3498/3636/1344 3520/3659/1344 3519/3680/1354 3497/3657/1354
f 3499/3658/1343 3521/3681/1343 3542/3682/1344 3520/3659/1344
f 3500/3660/1345 3522/3683/1345 3521/3684/1343 3499/3661/1343
f 3501/3662/1346 3523/3685/1346 3522/3683/1345 3500/3660/1345
f 3502/3663/1347 3524/3686/1347 3523/3685/1346 3501/3662/1346
f 3503/3664/1348 3525/3687/1348 3524/3686/1347 3502/3663/1347
f 3504/3665/1327 3526/3688/1327 3525/3687/1348 3503/3664/1348
f 3505/3666/1349 3527/3689/1349 3526/3688/1327 3504/3665/1327
f 3506/3667/1329 3528/3690/1329 3527/3689/1349 3505/3666/1349
f 3507/3668/1330 3529/3691/1330 3528/3690/1329 3506/3667/1329
f 3508/3669/1331 3530/3692/1331 3529/3691/1330 3507/3668/1330
f 3509/3670/1332 3531/3693/1332 3530/3692/1331 3508/3669/1331
f 3510/3671/1350 3532/3694/1350 3531/3693/1332 3509/3670/1332
f 3511/3672/1334 3533/3695/1334 3532/3694/1350 3510/3671/1350
f 3512/3673/1335 3534/3696/1335 3533/3695/1334 3511/3672/1334
f 3513/3674/1336 3535/3697/1336 3534/3696/1335 3512/3673/1335
f 3514/3675/1337 3536/3698/1337 3535/3697/1336 3513/3674/1336
f 3515/3676/1351 3537/3699/1351 3536/3698/1337 3514/3675/1337
f 3516/3677/1339 3538/3700/1339 3537/3699/1351 3515/3676/1351
f 3517/3678/1352 3539/3701/1352 3538/3700/1339 3516/3677/1339
f 3518/3679/1353 3540/3702/1353 3539/3701/1352 3517/3678/1352
f 3519/3680/1354 3541/3703/1354 3540/3702/1353 3518/3679/1353
f 3520/3659/1344 3542/3682/1344 3541/3703/1354 3519/3680/1354
f 3521/3681/1343 3543/3704/1343 3564/3705/1344 3542/3682/1344
f 3522/3683/1345 3544/3706/1345 3543/3707/1343 3521/3684/1343
f 3523/3685/1346 3545/3708/1346 3544/3706/1345 3522/3683/1345
f 3524/3686/1347 3546/3709/1347 3545/3708/1346 3523/3685/1346
f 3525/3687/1348 3547/3710/1348 3546/3709/1347 3524/3686/1347
f 3526/3688/1327 3548/3711/1327 3547/3710/1348 3525/3687/1348
f 3527/3689/1349 3549/3712/1349 3548/3711/1327 3526/3688/1327
f 3528/3690/1329 3550/3713/1329 3549/3712/1349 3527/3689/1349
f 3529/3691/1330 3551/3714/1330 3550/3713/1329 3528/3690/1329
f 3530/3692/1331 3552/3715/1331 3551/3714/1330 3529/3691/1330
f 3531/3693/1332 3553/3716/1332 3552/3715/1331 3530/3692/1331
f 3532/3694/1350 3554/3717/1350 3553/3716/1332 3531/3693/1332
f 3533/3695/1334 3555/3718/1334 3554/3717/1350 3532/3694/1350
f 3534/3696/1335 3556/3719/1335 3555/3718/1334 3533/3695/1334
f 3535/3697/1336 3557/3720/1336 3556/3719/1335 3534/3696/1335
f 3536/3698/1337 3558/3721/1337 3557/3720/1336 3535/3697/1336
f 3537/3699/1351 3559/3722/1351 3558/3721/1337 3536/3698/1337
f 3538/3700/1339 3560/3723/1339 3559/3722/1351 3537/3699/1351
f 3539/3701/1352 3561/3724/1352 3560/3723/1339 3538/3700/1339
f 3540/3702/1353 3562/3725/1353 3561/3724/1352 3539/3701/1352
f 3541/3703/1354 3563/3726/1354 3562/3725/1353 3540/3702/1353
f 3542/3682/1344 3564/3705/1344 3563/3726/1354 3541/3703/1354
f 3543/3704/1343 3565/3727/1343 3586/3728/1344 3564/3705/1344
f 3544/3706/1345 3566/3729/1345 3565/3730/1343 3543/3707/1343
f 3545/3708/1346 3567/3731/1346 3566/3729/1345 3544/3706/1345
f 3546/3709/1347 3568/3732/1347 3567/3731/1346 3545/3708/1346
f 3547/3710/1348 3569/3733/1348 3568/3732/1347 3546/3709/1347
f 3548/3711/1327 3570/3734/1327 3569/3733/1348 3547/3710/1348
f 3549/3712/1349 3571/3735/1349 3570/3734/1327 3548/3711/1327
f 3550/3713/1329 3572/3736/1329 3571/3735/1349 3549/3712/1349
f 3551/3714/1330 3573/3737/1330 3572/3736/1329 3550/3713/1329
f 3552/3715/1331 3574/3738/1331 3573/3737/1330 3551/3714/1330
f 3553/3716/1332 3575/3739/1332 3574/3738/1331 3552/3715/1331
f 3554/3717/1350 3576/3740/1350 3575/3739/1332 3553/3716/1332
f 3555/3718/1334 3577/3741/1334 3576/3740/1350 3554/3717/1350
f 3556/3719/1335 3578/3742/1335 3577/3741/1334 3555/3718/1334
f 3557/3720/1336 3579/3743/1336 3578/3742/1335 3556/3719/1335
f 3558/3721/1337 3580/3744/1337 3579/3743/1336 3557/3720/1336
f 3559/3722/1351 3581/3745/1351 3580/3744/1337 3558/3721/1337
f 3560/3723/1339 3582/3746/1339 3581/3745/1351 3559/3722/1351
f 3561/3724/1352 3583/3747/1352 3582/3746/1339 3560/3723/1339
f 3562/3725/1353 3584/3748/1353 3583/3747/1352 3561/3724/1352
f 3563/3726/1354 3585/3749/1354 3584/3748/1353 3562/3725/1353
f 3564/3705/1344 3586/3728/1344 3585/3749/1354 3563/3726/1354
f 3565/3727/1343 3587/3750/1343 3608/3751/1344 3586/3728/1344
f 3566/3729/1345 3588/3752/1345 3587/3753/1343 3565/3730/1343
f 3567/3731/1346 3589/3754/1346 3588/3752/1345 3566/3729/1345
f 3568/3732/1347 3590/3755/1347 3589/3754/1346 3567/3731/1346
f 3569/3733/1348 3591/3756/1348 3590/3755/1347 3568/3732/1347
f 3570/3734/1327 3592/3757/1327 3591/3756/1348 3569/3733/1348
f 3571/3735/1349 3593/3758/1349 3592/3757/1327 3570/3734/1327
f 3572/3736/1329 3594/3759/1329 3593/3758/1349 3571/3735/1349
f 3573/3737/1330 3595/3760/1330 3594/3759/1329 3572/3736/1329
f 3574/3738/1331 3596/3761/1331 3595/3760/1330 3573/3737/1330
f 3575/3739/1332 3597/3762/1332 3596/3761/1331 3574/3738/1331
f 3576/3740/1350 3598/3763/1350 3597/3762/1332 3575/3739/1332
f 3577/3741/1334 3599/3764/1334 3598/3763/1350 3576/3740/1350
f 3578/3742/1335 3600/3765/1335 3599/3764/1334 3577/3741/1334
f 3579/3743/1336 3601/3766/1336 3600/3765/1335 3578/3742/1335
f 3580/3744/1337 3602/3767/1337 3601/3766/1336 3579/3743/1336
f 3581/3745/1351 3603/3768/1351 3602/3767/1337 3580/3744/1337
f 3582/3746/1339 3604/3769/1339 3603/3768/1351 3581/3745/1351
f 3583/3747/1352 3605/3770/1352 3604/3769/1339 3582/3746/1339
f 3584/3748/1353 3606/3771/1353 3605/3770/1352 3583/3747/1352
f 3585/3749/1354 3607/3772/1354 3606/3771/1353 3584/3748/1353
f 3586/3728/1344 3608/3751/1344 3607/3772/1354 3585/3749/1354
f 3587/3750/1343 3609/3773/1343 3630/3774/1344 3608/3751/1344
f 3588/3752/1345 3610/3775/1345 3609/3776/1343 3587/3753/1343
f 3589/3754/1346 3611/3777/1346 3610/3775/1345 3588/3752/1345
f 3590/3755/1347 3612/3778/1347 3611/3777/1346 3589/3754/1346
f 3591/3756/1348 3613/3779/1348 3612/3778/1347 3590/3755/1347
f 3592/3757/1327 3614/3780/1327 3613/3779/1348 3591/3756/1348
f 3593/3758/1349 3615/3781/1349 3614/3780/1327 3592/3757/1327
f 3594/3759/1329 3616/3782/1329 3615/3781/1349 3593/3758/1349
f 3595/3760/1330 3617/3783/1330 3616/3782/1329 3594/3759/1329
f 3596/3761/1331 3618/3784/1331 3617/3783/1330 3595/3760/1330
f 3597/3762/1332 3619/3785/1332 3618/3784/1331 3596/3761/1331
f 3598/3763/1350 3620/3786/1350 3619/3785/1332 3597/3762/1332
f 3599/3764/1334 3621/3787/1334 3620/3786/1350 3598/3763/1350
f 3600/3765/1335 3622/3788/1335 3621/3787/1334 3599/3764/1334
f 3601/3766/1336 3623/3789/1336 3622/3788/1335 3600/3765/1335
f 3602/3767/1337 3624/3790/1337 3623/3789/1336 3601/3766/1336
f 3603/3768/1351 3625/3791/1351 3624/3790/1337 3602/3767/1337
f 3604/3769/1339 3626/3792/1339 3625/3791/1351 3603/3768/1351
f 3605/3770/1352 3627/3793/1352 3626/3792/1339 3604/3769/1339
f 3606/3771/1353 3628/3794/1353 3627/3793/1352 3605/3770/1352
f 3607/3772/1354 3629/3795/1354 3628/3794/1353 3606/3771/1353
f 3608/3751/1344 3630/3774/1344 3629/3795/1354 3607/3772/1354
f 3609/3773/1343 3631/3796/1343 3652/3797/1344 3630/3774/1344
f 3610/3775/1345 3632/3798/1345 3631/3799/1343 3609/3776/1343
f 3611/3777/1346 3633/3800/1346 3632/3798/1345 3610/3775/1345
f 3612/3778/1347 3634/3801/1347 3633/3800/1346 3611/3777/1346
f 3613/3779/1348 3635/3802/1348 3634/3801/1347 3612/3778/1347
f 3614/3780/1327 3636/3803/1327 3635/3802/1348 3613/3779/1348
f 3615/3781/1349 3637/3804/1349 3636/3803/1327 3614/3780/1327
f 3616/3782/1329 3638/3805/1329 3637/3804/1349 3615/3781/1349
f 3617/3783/1330 3639/3806/1330 3638/3805/1329 3616/3782/1329
f 3618/3784/1331 3640/3807/1331 3639/3806/1330 3617/3783/1330
f 3619/3785/1332 3641/3808/1332 3640/3807/1331 3618/3784/1331
f 3620/3786/1350 3642/3809/1350 3641/3808/1332 3619/3785/1332
f 3621/3787/1334 3643/3810/1334 3642/3809/1350 3620/3786/1350
f 3622/3788/1335 3644/3811/1335 3643/3810/1334 3621/3787/1334
f 3623/3789/1336 3645/3812/1336 3644/3811/1335 3622/3788/1335
f 3624/3790/1337 3646/3813/1337 3645/3812/1336 3623/3789/1336
f 3625/3791/1351 3647/3814/1351 3646/3813/1337 3624/3790/1337
f 3626/3792/1339 3648/3815/1339 3647/3814/1351 3625/3791/1351
f 3627/3793/1352 3649/3816/1352 3648/3815/1339 3626/3792/1339
f 3628/3794/1353 3650/3817/1353 3649/3816/1352 3627/3793/1352
f 3629/3795/1354 3651/3818/1354 3650/3817/1353 3628/3794/1353
f 3630/3774/1344 3652/3797/1344 3651/3818/1354 3629/3795/1354
f 3631/3796/1343 3653/3819/1343 3674/3820/1344 3652/3797/1344
f 3632/3798/1345 3654/3821/1345 3653/3822/1343 3631/3799/1343
f 3633/3800/1346 3655/3823/1346 3654/3821/1345 3632/3798/1345
f 3634/3801/1347 3656/3824/1347 3655/3823/1346 3633/3800/1346
f 3635/3802/1348 3657/3825/1348 3656/3824/1347 3634/3801/1347
f 3636/3803/1327 3658/3826/1327 3657/3825/1348 3635/3802/1348
f 3637/3804/1349 3659/3827/1349 3658/3826/1327 3636/3803/1327
f 3638/3805/1329 3660/3828/1329 3659/3827/1349 3637/3804/1349
f 3639/3806/1330 3661/3829/1330 3660/3828/1329 3638/3805/1329
f 3640/3807/1331 3662/3830/1331 3661/3829/1330 3639/3806/1330
f 3641/3808/1332 3663/3831/1332 3662/3830/1331 3640/3807/1331
f 3642/3809/1350 3664/3832/1350 3663/3831/1332 3641/3808/1332
f 3643/3810/1334 3665/3833/1334 3664/3832/1350 3642/3809/1350
f 3644/3811/1335 3666/3834/1335 3665/3833/1334 3643/3810/1334
f 3645/3812/1336 3667/3835/1336 3666/3834/1335 3644/3811/1335
f 3646/3813/1337 3668/3836/1337 3667/3835/1336 3645/3812/1336
f 3647/3814/1351 3669/3837/1351 3668/3836/1337 3646/3813/1337
f 3648/3815/1339 3670/3838/1339 3669/3837/1351 3647/3814/1351
f 3649/3816/1352 3671/3839/1352 3670/3838/1339 3648/3815/1339
f 3650/3817/1353 3672/3840/1353 3671/3839/1352 3649/3816/1352
f 3651/3818/1354 3673/3841/1354 3672/3840/1353 3650/3817/1353
f 3652/3797/1344 3674/3820/1344 3673/3841/1354 3651/3818/1354
f 3653/3819/1343 3675/3842/1343 3696/3843/1344 3674/3820/1344
f 3654/3821/1345 3676/3844/1345 3675/3845/1343 3653/3822/1343
f 3655/3823/1346 3677/3846/1346 3676/3844/1345 3654/3821/1345
f 3656/3824/1347 3678/3847/1347 3677/3846/1346 3655/3823/1346
f 3657/3825/1348 3679/3848/1348 3678/3847/1347 3656/3824/1347
f 3658/3826/1327 3680/3849/1327 3679/3848/1348 3657/3825/1348
f 3659/3827/1349 3681/3850/1349 3680/3849/1327 3658/3826/1327
f 3660/3828/1329 3682/3851/1329 3681/3850/1349 3659/3827/1349
f 3661/3829/1330 3683/3852/1330 3682/3851/1329 3660/3828/1329
f 3662/3830/1331 3684/3853/1331 3683/3852/1330 3661/3829/1330
f 3663/3831/1332 3685/3854/1332 3684/3853/1331 3662/3830/1331
f 3664/3832/1350 3686/3855/1350 3685/3854/1332 3663/3831/1332
f 3665/3833/1334 3687/3856/1334 3686/3855/1350 3664/3832/1350
f 3666/3834/1335 3688/3857/1335 3687/3856/1334 3665/3833/1334
f 3667/3835/1336 3689/3858/1336 3688/3857/1335 3666/3834/1335
f 3668/3836/1337 3690/3859/1337 3689/3858/1336 3667/3835/1336
f 3669/3837/1351 3691/3860/1351 3690/3859/1337 3668/3836/1337
f 3670/3838/1339 3692/3861/1339 3691/3860/1351 3669/3837/1351
f 3671/3839/1352 3693/3862/1352 3692/3861/1339 3670/3838/1339
f 3672/3840/1353 3694/3863/1353 3693/3862/1352 3671/3839/1352
f 3673/3841/1354 3695/3864/1354 3694/3863/1353 3672/3840/1353
f 3674/3820/1344 3696/3843/1344 3695/3864/1354 3673/3841/1354
f 3675/3842/1343 3697/3865/1343 3718/3866/1344 3696/3843/1344
f 3676/3844/1345 3698/3867/1345 3697/3868/1343 3675/3845/1343
f 3677/3846/1346 3699/3869/1346 3698/3867/1345 3676/3844/1345
f 3678/3847/1347 3700/3870/1347 3699/3869/1346 3677/3846/1346
f 3679/3848/1348 3701/3871/1348 3700/3870/1347 3678/3847/1347
f 3680/3849/1327 3702/3872/1327 3701/3871/1348 3679/3848/1348
f 3681/3850/1349 3703/3873/1349 3702/3872/1327 3680/3849/1327
f 3682/3851/1329 3704/3874/1329 3703/3873/1349 3681/3850/1349
f 3683/3852/1330 3705/3875/1330 3704/3874/1329 3682/3851/1329
f 3684/3853/1331 3706/3876/1331 3705/3875/1330 3683/3852/1330
f 3685/3854/1332 3707/3877/1332 3706/3876/1331 3684/3853/1331
f 3686/3855/1350 3708/3878/1350 3707/3877/1332 3685/3854/1332
f 3687/3856/1334 3709/3879/1334 3708/3878/1350 3686/3855/1350
f 3688/3857/1335 3710/3880/1335 3709/3879/1334 3687/3856/1334
f 3689/3858/1336 3711/3881/1336 3710/3880/1335 3688/3857/1335
f 3690/3859/1337 3712/3882/1337 3711/3881/1336 3689/3858/1336
f 3691/3860/1351 3713/3883/1351 3712/3882/1337 3690/3859/1337
f 3692/3861/1339 3714/3884/1339 3713/3883/1351 3691/3860/1351
f 3693/3862/1352 3715/3885/1352 3714/3884/1339 3692/3861/1339
f 3694/3863/1353 3716/3886/1353 3715/3885/1352 3693/3862/1352
f 3695/3864/1354 3717/3887/1354 3716/3886/1353 3694/3863/1353
f 3696/3843/1344 3718/3866/1344 3717/3887/1354 3695/3864/1354
f 3697/3865/1343 3719/3888/1343 3740/3889/1344 3718/3866/1344
f 3698/3867/1345 3720/3890/1345 3719/3891/1343 3697/3868/1343
f 3699/3869/1346 3721/3892/1346 3720/3890/1345 3698/3867/1345
f 3700/3870/1347 3722/3893/1347 3721/3892/1346 3699/3869/1346
f 3701/3871/1348 3723/3894/1348 3722/3893/1347 3700/3870/1347
f 3702/3872/1327 3724/3895/1327 3723/3894/1348 3701/3871/1348
f 3703/3873/1349 3725/3896/1349 3724/3895/1327 3702/3872/1327
f 3704/3874/1329 3726/3897/1329 3725/3896/1349 3703/3873/1349
f 3705/3875/1330 3727/3898/1330 3726/3897/1329 3704/3874/1329
f 3706/3876/1331 3728/3899/1331 3727/3898/1330 3705/3875/1330
f 3707/3877/1332 3729/3900/1332 3728/3899/1331 3706/3876/1331
f 3708/3878/1350 3730/3901/1350 3729/3900/1332 3707/3877/1332
f 3709/3879/1334 3731/3902/1334 3730/3901/1350 3708/3878/1350
f 3710/3880/1335 3732/3903/1335 3731/3902/1334 3709/3879/1334
f 3711/3881/1336 3733/3904/1336 3732/3903/1335 3710/3880/1335
f 3712/3882/1337 3734/3905/1337 3733/3904/1336 3711/3881/1336
f 3713/3883/1351 3735/3906/1351 3734/3905/1337 3712/3882/1337
f 3714/3884/1339 3736/3907/1339 3735/3906/1351 3713/3883/1351
f 3715/3885/1352 3737/3908/1352 3736/3907/1339 3714/3884/1339
f 3716/3886/1353 3738/3909/1353 3737/3908/1352 3715/3885/1352
f 3717/3887/1354 3739/3910/1354 3738/3909/1353 3716/3886/1353
f 3718/3866/1344 3740/3889/1344 3739/3910/1354 3717/3887/1354
f 3719/3888/1343 3741/3911/1343 3762/3912/1344 3740/3889/1344
f 3720/3890/1345 3742/3913/1345 3741/3914/1343 3719/3891/1343
f 3721/3892/1346 3743/3915/1346 3742/3913/1345 3720/3890/1345
f 3722/3893/1347 3744/3916/1347 3743/3915/1346 3721/3892/1346
f 3723/3894/1348 3745/3917/1348 3744/3916/1347 3722/3893/1347
f 3724/3895/1327 3746/3918/1327 3745/3917/1348 3723/3894/1348
f 3725/3896/1349 3747/3919/1349 3746/3918/1327 3724/3895/1327
f 3726/3897/1329 3748/3920/1329 3747/3919/1349 3725/3896/1349
f 3727/3898/1330 3749/3921/1330 3748/3920/1329 3726/3897/1329
f 3728/3899/1331 3750/3922/1331 3749/3921/1330 3727/3898/1330
f 3729/3900/1332 3751/3923/1332 3750/3922/1331 3728/3899/1331
f 3730/3901/1350 3752/3924/1350 3751/3923/1332 3729/3900/1332
f 3731/3902/1334 3753/3925/1334 3752/3924/1350 3730/3901/1350
f 3732/3903/1335 3754/3926/1335 3753/3925/1334 3731/3902/1334
f 3733/3904/1336 3755/3927/1336 3754/3926/1335 3732/3903/1335
f 3734/3905/1337 3756/3928/1337 3755/3927/1336 3733/3904/1336
f 3735/3906/1351 3757/3929/1351 3756/3928/1337 3734/3905/1337
f 3736/3907/1339 3758/3930/1339 3757/3929/1351 3735/3906/1351
f 3737/3908/1352 3759/3931/1352 3758/3930/1339 3736/3907/1339
f 3738/3909/1353 3760/3932/1353 3759/3931/1352 3737/3908/1352
f 3739/3910/1354 3761/3933/1354 3760/3932/1353 3738/3909/1353
f 3740/3889/1344 3762/3912/1344 3761/3933/1354 3739/3910/1354
f 3741/3911/1343 3763/3934/1343 3784/3935/1344 3762/3912/1344
f 3742/3913/1345 3764/3936/1345 3763/3937/1343 3741/3914/1343
f 3743/3915/1346 3765/3938/1346 3764/3936/1345 3742/3913/1345
f 3744/3916/1347 3766/3939/1347 3765/3938/1346 3743/3915/1346
f 3745/3917/1348 3767/3940/1348 3766/3939/1347 3744/3916/1347
f 3746/3918/1327 3768/3941/1327 3767/3940/1348 3745/3917/1348
f 3747/3919/1349 3769/3942/1349 3768/3941/1327 3746/3918/1327
f 3748/3920/1329 3770/3943/1329 3769/3942/1349 3747/3919/1349
f 3749/3921/1330 3771/3944/1330 3770/3943/1329 3748/3920/1329
f 3750/3922/1331 3772/3945/1331 3771/3944/1330 3749/3921/1330
f 3751/3923/1332 3773/3946/1332 3772/3945/1331 3750/3922/1331
f 3752/3924/1350 3774/3947/1350 3773/3946/1332 3751/3923/1332
f 3753/3925/1334 3775/3948/1334 3774/3947/1350 3752/3924/1350
f 3754/3926/1335 3776/3949/1335 3775/3948/1334 3753/3925/1334
f 3755/3927/1336 3777/3950/1336 3776/3949/1335 3754/3926/1335
f 3756/3928/1337 3778/3951/1337 3777/3950/1336 3755/3927/1336
f 3757/3929/1351 3779/3952/1351 3778/3951/1337 3756/3928/1337
f 3758/3930/1339 3780/3953/1339 3779/3952/1351 3757/3929/1351
f 3759/3931/1352 3781/3954/1352 3780/3953/1339 3758/3930/1339
f 3760/3932/1353 3782/3955/1353 3781/3954/1352 3759/3931/1352
f 3761/3933/1354 3783/3956/1354 3782/3955/1353 3760/3932/1353
f 3762/3912/1344 3784/3935/1344 3783/3956/1354 3761/3933/1354
f 3763/3934/1343 3785/3957/1343 3806/3958/1344 3784/3935/1344
f 3764/3936/1345 3786/3959/1345 3785/3960/1343 3763/3937/1343
f 3765/3938/1346 3787/3961/1346 3786/3959/1345 3764/3936/1345
f 3766/3939/1347 3788/3962/1347 3787/3961/1346 3765/3938/1346
f 3767/3940/1348 3789/3963/1348 3788/3962/1347 3766/3939/1347
f 3768/3941/1327 3790/3964/1327 3789/3963/1348 3767/3940/1348
f 3769/3942/1349 3791/3965/1349 3790/3964/1327 3768/3941/1327
f 3770/3943/1329 3792/3966/1329 3791/3965/1349 3769/3942/1349
f 3771/3944/1330 3793/3967/1330 3792/3966/1329 3770/3943/1329
f 3772/3945/1331 3794/3968/1331 3793/3967/1330 3771/3944/1330
f 3773/3946/1332 3795/3969/1332 3794/3968/1331 3772/3945/1331
f 3774/3947/1350 3796/3970/1350 3795/3969/1332 3773/3946/1332
f 3775/3948/1334 3797/3971/1334 3796/3970/1350 3774/3947/1350
f 3776/3949/1335 3798/3972/1335 3797/3971/1334 3775/3948/1334
f 3777/3950/1336 3799/3973/1336 3798/3972/1335 3776/3949/1335
f 3778/3951/1337 3800/3974/1337 3799/3973/1336 3777/3950/1336
f 3779/3952/1351 3801/3975/1351 3800/3974/1337 3778/3951/1337
f 3780/3953/1339 3802/3976/1339 3801/3975/1351 3779/3952/1351
f 3781/3954/1352 3803/3977/1352 3802/3976/1339 3780/3953/1339
f 3782/3955/1353 3804/3978/1353 3803/3977/1352 3781/3954/1352
f 3783/3956/1354 3805/3979/1354 3804/3978/1353 3782/3955/1353
f 3784/3935/1344 3806/3958/1344 3805/3979/1354 3783/3956/1354
f 3785/3957/1343 3807/3980/1343 3828/3981/1344 3806/3958/1344
f 3786/3959/1345 3808/3982/1345 3807/3983/1343 3785/3960/1343
f 3787/3961/1346 3809/3984/1346 3808/3982/1345 3786/3959/1345
f 3788/3962/1347 3810/3985/1347 3809/3984/1346 3787/3961/1346
f 3789/3963/1348 3811/3986/1348 3810/3985/1347 3788/3962/1347
f 3790/3964/1327 3812/3987/1327 3811/3986/1348 3789/3963/1348
f 3791/3965/1349 3813/3988/1349 3812/3987/1327 3790/3964/1327
f 3792/3966/1329 3814/3989/1329 3813/3988/1349 3791/3965/1349
f 3793/3967/1330 3815/3990/1330 3814/3989/1329 3792/3966/1329
f 3794/3968/1331 3816/3991/1331 3815/3990/1330 3793/3967/1330
f 3795/3969/1332 3817/3992/1332 3816/3991/1331 3794/3968/1331
f 3796/3970/1350 3818/3993/1350 3817/3992/1332 3795/3969/1332
f 3797/3971/1334 3819/3994/1334 3818/3993/1350 3796/3970/1350
f 3798/3972/1335 3820/3995/1335 3819/3994/1334 3797/3971/1334
f 3799/3973/1336 3821/3996/1336 3820/3995/1335 3798/3972/1335
f 3800/3974/1337 3822/3997/1337 3821/3996/1336 3799/3973/1336
f 3801/3975/1351 3823/3998/1351 3822/3997/1337 3800/3974/1337
f 3802/3976/1339 3824/3999/1339 3823/3998/1351 3801/3975/1351
f 3803/3977/1352 3825/4000/1352 3824/3999/1339 3802/3976/1339
f 3804/3978/1353 3826/4001/1353 3825/4000/1352 3803/3977/1352
f 3805/3979/1354 3827/4002/1354 3826/4001/1353 3804/3978/1353
f 3806/3958/1344 3828/3981/1344 3827/4002/1354 3805/3979/1354
f 3807/3980/1343 3829/4003/1343 3850/4004/1344 3828/3981/1344
f 3808/3982/1345 3830/4005/1345 3829/4006/1343 3807/3983/1343
f 3809/3984/1346 3831/4007/1346 3830/4005/1345 3808/3982/1345
f 3810/3985/1347 3832/4008/1347 3831/4007/1346 3809/3984/1346
f 3811/3986/1348 3833/4009/1348 3832/4008/1347 3810/3985/1347
f 3812/3987/1327 3834/4010/1327 3833/4009/1348 3811/3986/1348
f 3813/3988/1349 3835/4011/1349 3834/4010/1327 3812/3987/1327
f 3814/3989/1329 3836/4012/1329 3835/4011/1349 3813/3988/1349
f 3815/3990/1330 3837/4013/1330 3836/4012/1329 3814/3989/1329
f 3816/3991/1331 3838/4014/1331 3837/4013/1330 3815/3990/1330
f 3817/3992/1332 3839/4015/1332 3838/4014/1331 3816/3991/1331
f 3818/3993/1350 3840/4016/1350 3839/4015/1332 3817/3992/1332
f 3819/3994/1334 3841/4017/1334 3840/4016/1350 3818/3993/1350
f 3820/3995/1335 3842/4018/1335 3841/4017/1334 3819/3994/1334
f 3821/3996/1336 3843/4019/1336 3842/4018/1335 3820/3995/1335
f 3822/3997/1337 3844/4020/1337 3843/4019/1336 3821/3996/1336
f 3823/3998/1351 3845/4021/1351 3844/4020/1337 3822/3997/1337
f 3824/3999/1339 3846/4022/1339 3845/4021/1351 3823/3998/1351
f 3825/4000/1352 3847/4023/1352 3846/4022/1339 3824/3999/1339
f 3826/4001/1353 3848/4024/1353 3847/4023/1352 3825/4000/1352
f 3827/4002/1354 3849/4025/1354 3848/4024/1353 3826/4001/1353
f 3828/3981/1344 3850/4004/1344 3849/4025/1354 3827/4002/1354
f 3829/4003/1343 3851/4026/1343 3872/4027/1344 3850/4004/1344
f 3830/4005/1345 3852/4028/1345 3851/4029/1343 3829/4006/1343
f 3831/4007/1346 3853/4030/1346 3852/4028/1345 3830/4005/1345
f 3832/4008/1347 3854/4031/1347 3853/4030/1346 3831/4007/1346
f 3833/4009/1348 3855/4032/1348 3854/4031/1347 3832/4008/1347
f 3834/4010/1327 3856/4033/1327 3855/4032/1348 3833/4009/1348
f 3835/4011/1349 3857/4034/1349 3856/4033/1327 3834/4010/1327
f 3836/4012/1329 3858/4035/1329 3857/4034/1349 3835/4011/1349
f 3837/4013/1330 3859/4036/1330 3858/4035/1329 3836/4012/1329
f 3838/4014/1331 3860/4037/1331 3859/4036/1330 3837/4013/1330
f 3839/4015/1332 3861/4038/1332 3860/4037/1331 3838/4014/1331
f 3840/4016/1350 3862/4039/1350 3861/4038/1332 3839/4015/1332
f 3841/4017/1334 3863/4040/1334 3862/4039/1350 3840/4016/1350
f 3842/4018/1335 3864/4041/1335 3863/4040/1334 3841/4017/1334
f 3843/4019/1336 3865/4042/1336 3864/4041/1335 3842/4018/1335
f 3844/4020/1337 3866/4043/1337 3865/4042/1336 3843/4019/1336
f 3845/4021/1351 3867/4044/1351 3866/4043/1337 3844/4020/1337
f 3846/4022/1339 3868/4045/1339 3867/4044/1351 3845/4021/1351
f 3847/4023/1352 3869/4046/1352 3868/4045/1339 3846/4022/1339
f 3848/4024/1353 3870/4047/1353 3869/4046/1352 3847/4023/1352
f 3849/4025/1354 3871/4048/1354 3870/4047/1353 3848/4024/1353
f 3850/4004/1344 3872/4027/1344 3871/4048/1354 3849/4025/1354
f 3851/4026/1343 3873/4049/1343 3894/4050/1344 3872/4027/1344
f 3852/4028/1345 3874/4051/1345 3873/4052/1343 3851/4029/1343
f 3853/4030/1346 3875/4053/1346 3874/4051/1345 3852/4028/1345
f 3854/4031/1347 3876/4054/1347 3875/4053/1346 3853/4030/1346
f 3855/4032/1348 3877/4055/1348 3876/4054/1347 3854/4031/1347
f 3856/4033/1327 3878/4056/1327 3877/4055/1348 3855/4032/1348
f 3857/4034/1349 3879/4057/1349 3878/4056/1327 3856/4033/1327
f 3858/4035/1329 3880/4058/1329 3879/4057/1349 3857/4034/1349
f 3859/4036/1330 3881/4059/1330 3880/4058/1329 3858/4035/1329
f 3860/4037/1331 3882/4060/1331 3881/4059/1330 3859/4036/1330
f 3861/4038/1332 3883/4061/1332 3882/4060/1331 3860/4037/1331
f 3862/4039/1350 3884/4062/1350 3883/4061/1332 3861/4038/1332
f 3863/4040/1334 3885/4063/1334 3884/4062/1350 3862/4039/1350
f 3864/4041/1335 3886/4064/1335 3885/4063/1334 3863/4040/1334
f 3865/4042/1336 3887/4065/1336 3886/4064/1335 3864/4041/1335
f 3866/4043/1337 3888/4066/1337 3887/4065/1336 3865/4042/1336
f 3867/4044/1351 3889/4067/1351 3888/4066/1337 3866/4043/1337
f 3868/4045/1339 3890/4068/1339 3889/4067/1351 3867/4044/1351
f 3869/4046/1352 3891/4069/1352 3890/4068/1339 3868/4045/1339
f 3870/4047/1353 3892/4070/1353 3891/4069/1352 3869/4046/1352
f 3871/4048/1354 3893/4071/1354 3892/4070/1353 3870/4047/1353
f 3872/4027/1344 3894/4050/1344 3893/4071/1354 3871/4048/1354
f 3873/4049/1343 3895/4072/1343 3916/4073/1344 3894/4050/1344
f 3874/4051/1345 3896/4074/1345 3895/4075/1343 3873/4052/1343
f 3875/4053/1346 3897/4076/1346 3896/4074/1345 3874/4051/1345
f 3876/4054/1347 3898/4077/1347 3897/4076/1346 3875/4053/1346
f 3877/4055/1348 3899/4078/1348 3898/4077/1347 3876/4054/1347
f 3878/4056/1327 3900/4079/1327 3899/4078/1348 3877/4055/1348
f 3879/4057/1349 3901/4080/1349 3900/4079/1327 3878/4056/1327
f 3880/4058/1329 3902/4081/1329 3901/4080/1349 3879/4057/1349
f 3881/4059/1330 3903/4082/1330 3902/4081/1329 3880/4058/1329
f 3882/4060/1331 3904/4083/1331 3903/4082/1330 3881/4059/1330
f 3883/4061/1332 3905/4084/1332 3904/4083/1331 3882/4060/1331
f 3884/4062/1350 3906/4085/1350 3905/4084/1332 3883/4061/1332
f 3885/4063/1334 3907/4086/1334 3906/4085/1350 3884/4062/1350
f 3886/4064/1335 3908/4087/1335 3907/4086/1334 3885/4063/1334
f 3887/4065/1336 3909/4088/1336 3908/4087/1335 3886/4064/1335
f 3888/4066/1337 3910/4089/1337 3909/4088/1336 3887/4065/1336
f 3889/4067/1351 3911/4090/1351 3910/4089/1337 3888/4066/1337
f 3890/4068/1339 3912/4091/1339 3911/4090/1351 3889/4067/1351
f 3891/4069/1352 3913/4092/1352 3912/4091/1339 3890/4068/1339
f 3892/4070/1353 3914/4093/1353 3913/4092/1352 3891/4069/1352
f 3893/4071/1354 3915/4094/1354 3914/4093/1353 3892/4070/1353
f 3894/4050/1344 3916/4073/1344 3915/4094/1354 3893/4071/1354
f 3895/4072/1343 3917/4095/1343 3938/4096/1344 3916/4073/1344
f 3896/4074/1345 3918/4097/1345 3917/4098/1343 3895/4075/1343
f 3897/4076/1346 3919/4099/1346 3918/4097/1345 3896/4074/1345
f 3898/4077/1347 3920/4100/1347 3919/4099/1346 3897/4076/1346
f 3899/4078/1348 3921/4101/1348 3920/4100/1347 3898/4077/1347
f 3900/4079/1327 3922/4102/1327 3921/4101/1348 3899/4078/1348
f 3901/4080/1349 3923/4103/1349 3922/4102/1327 3900/4079/1327
f 3902/4081/1329 3924/4104/1329 3923/4103/1349 3901/4080/1349
f 3903/4082/1330 3925/4105/1330 3924/4104/1329 3902/4081/1329
f 3904/4083/1331 3926/4106/1331 3925/4105/1330 3903/4082/1330
f 3905/4084/1332 3927/4107/1332 3926/4106/1331 3904/4083/1331
f 3906/4085/1350 3928/4108/1350 3927/4107/1332 3905/4084/1332
f 3907/4086/1334 3929/4109/1334 3928/4108/1350 3906/4085/1350
f 3908/4087/1335 3930/4110/1335 3929/4109/1334 3907/4086/1334
f 3909/4088/1336 3931/4111/1336 3930/4110/1335 3908/4087/1335
f 3910/4089/1337 3932/4112/1337 3931/4111/1336 3909/4088/1336
f 3911/4090/1351 3933/4113/1351 3932/4112/1337 3910/4089/1337
f 3912/4091/1339 3934/4114/1339 3933/4113/1351 3911/4090/1351
f 3913/4092/1352 3935/4115/1352 3934/4114/1339 3912/4091/1339
f 3914/4093/1353 3936/4116/1353 3935/4115/1352 3913/4092/1352
f 3915/4094/1354 3937/4117/1354 3936/4116/1353 3914/4093/1353
f 3916/4073/1344 3938/4096/1344 3937/4117/1354 3915/4094/1354
f 3917/4095/1343 3939/4118/1343 3960/4119/1344 3938/4096/1344
f 3918/4097/1345 3940/4120/1345 3939/4121/1343 3917/4098/1343
f 3919/4099/1346 3941/4122/1346 3940/4120/1345 3918/4097/1345
f 3920/4100/1347 3942/4123/1347 3941/4122/1346 3919/4099/1346
f 3921/4101/1348 3943/4124/1348 3942/4123/1347 3920/4100/1347
f 3922/4102/1327 3944/4125/1327 3943/4124/1348 3921/4101/1348
f 3923/4103/1349 3945/4126/1349 3944/4125/1327 3922/4102/1327
f 3924/4104/1329 3946/4127/1329 3945/4126/1349 3923/4103/1349
f 3925/4105/1330 3947/4128/1330 3946/4127/1329 3924/4104/1329
f 3926/4106/1331 3948/4129/1331 3947/4128/1330 3925/4105/1330
f 3927/4107/1332 3949/4130/1332 3948/4129/1331 3926/4106/1331
f 3928/4108/1350 3950/4131/1350 3949/4130/1332 3927/4107/1332
f 3929/4109/1334 3951/4132/1334 3950/4131/1350 3928/4108/1350
f 3930/4110/1335 3952/4133/1335 3951/4132/1334 3929/4109/1334
f 3931/4111/1336 3953/4134/1336 3952/4133/1335 3930/4110/1335
f 3932/4112/1337 3954/4135/1337 3953/4134/1336 3931/4111/1336
f 3933/4113/1351 3955/4136/1351 3954/4135/1337 3932/4112/1337
f 3934/4114/1339 3956/4137/1339 3955/4136/1351 3933/4113/1351
f 3935/4115/1352 3957/4138/1352 3956/4137/1339 3934/4114/1339
f 3936/4116/1353 3958/4139/1353 3957/4138/1352 3935/4115/1352
f 3937/4117/1354 3959/4140/1354 3958/4139/1353 3936/4116/1353
f 3938/4096/1344 3960/4119/1344 3959/4140/1354 3937/4117/1354
f 3939/4118/1343 3961/4141/1343 3982/4142/1344 3960/4119/1344
f 3940/4120/1345 3962/4143/1345 3961/4144/1343 3939/4121/1343
f 3941/4122/1346 3963/4145/1346 3962/4143/1345 3940/4120/1345
f 3942/4123/1347 3964/4146/1347 3963/4145/1346 3941/4122/1346
f 3943/4124/1348 3965/4147/1348 3964/4146/1347 3942/4123/1347
f 3944/4125/1327 3966/4148/1327 3965/4147/1348 3943/4124/1348
f 3945/4126/1349 3967/4149/1349 3966/4148/1327 3944/4125/1327
f 3946/4127/1329 3968/4150/1329 3967/4149/1349 3945/4126/1349
f 3947/4128/1330 3969/4151/1330 3968/4150/1329 3946/4127/1329
f 3948/4129/1331 3970/4152/1331 3969/4151/1330 3947/4128/1330
f 3949/4130/1332 3971/4153/1332 3970/4152/1331 3948/4129/1331
f 3950/4131/1350 3972/4154/1350 3971/4153/1332 3949/4130/1332
f 3951/4132/1334 3973/4155/1334 3972/4154/1350 3950/4131/1350
f 3952/4133/1335 3974/4156/1335 3973/4155/1334 3951/4132/1334
f 3953/4134/1336 3975/4157/1336 3974/4156/1335 3952/4133/1335
f 3954/4135/1337 3976/4158/1337 3975/4157/1336 3953/4134/1336
f 3955/4136/1351 3977/4159/1351 3976/4158/1337 3954/4135/1337
f 3956/4137/1339 3978/4160/1339 3977/4159/1351 3955/4136/1351
f 3957/4138/1352 3979/4161/1352 3978/4160/1339 3956/4137/1339
f 3958/4139/1353 3980/4162/1353 3979/4161/1352 3957/4138/1352
f 3959/4140/1354 3981/4163/1354 3980/4162/1353 3958/4139/1353
f 3960/4119/1344 3982/4142/1344 3981/4163/1354 3959/4140/1354
f 3961/4141/1343 3983/4164/1343 4004/4165/1344 3982/4142/1344
f 3962/4143/1345 3984/4166/1345 3983/4167/1343 3961/4144/1343
f 3963/4145/1346 3985/4168/1346 3984/4166/1345 3962/4143/1345
f 3964/4146/1347 3986/4169/1347 3985/4168/1346 3963/4145/1346
f 3965/4147/1348 3987/4170/1348 3986/4169/1347 3964/4146/1347
f 3966/4148/1327 3988/4171/1327 3987/4170/1348 3965/4147/1348
f 3967/4149/1349 3989/4172/1349 3988/4171/1327 3966/4148/1327
f 3968/4150/1329 3990/4173/1329 3989/4172/1349 3967/4149/1349
f 3969/4151/1330 3991/4174/1330 3990/4173/1329 3968/4150/1329
f 3970/4152/1331 3992/4175/1331 3991/4174/1330 3969/4151/1330
f 3971/4153/1332 3993/4176/1332 3992/4175/1331 3970/4152/1331
f 3972/4154/1350 3994/4177/1350 3993/4176/1332 3971/4153/1332
f 3973/4155/1334 3995/4178/1334 3994/4177/1350 3972/4154/1350
f 3974/4156/1335 3996/4179/1335 3995/4178/1334 3973/4155/1334
f 3975/4157/1336 3997/4180/1336 3996/4179/1335 3974/4156/1335
f 3976/4158/1337 3998/4181/1337 3997/4180/1336 3975/4157/1336
f 3977/4159/1351 3999/4182/1351 3998/4181/1337 3976/4158/1337
f 3978/4160/1339 4000/4183/1339 3999/4182/1351 3977/4159/1351
f 3979/4161/1352 4001/4184/1352 4000/4183/1339 3978/4160/1339
f 3980/4162/1353 4002/4185/1353 4001/4184/1352 3979/4161/1352
f 3981/4163/1354 4003/4186/1354 4002/4185/1353 3980/4162/1353
f 3982/4142/1344 4004/4165/1344 4003/4186/1354 3981/4163/1354
f 3983/4164/1343 4005/4187/1343 4026/4188/1344 4004/4165/1344
f 3984/4166/1345 4006/4189/1345 4005/4190/1343 3983/4167/1343
f 3985/4168/1346 4007/4191/1346 4006/4189/1345 3984/4166/1345
f 3986/4169/1347 4008/4192/1347 4007/4191/1346 3985/4168/1346
f 3987/4170/1348 4009/4193/1348 4008/4192/1347 3986/4169/1347
f 3988/4171/1327 4010/4194/1327 4009/4193/1348 3987/4170/1348
f 3989/4172/1349 4011/4195/1349 4010/4194/1327 3988/4171/1327
f 3990/4173/1329 4012/4196/1329 4011/4195/1349 3989/4172/1349
f 3991/4174/1330 4013/4197/1330 4012/4196/1329 3990/4173/1329
f 3992/4175/1331 4014/4198/1331 4013/4197/1330 3991/4174/1330
f 3993/4176/1332 4015/4199/1332 4014/4198/1331 3992/4175/1331
f 3994/4177/1350 4016/4200/1350 4015/4199/1332 3993/4176/1332
f 3995/4178/1334 4017/4201/1334 4016/4200/1350 3994/4177/1350
f 3996/4179/1335 4018/4202/1335 4017/4201/1334 3995/4178/1334
f 3997/4180/1336 4019/4203/1336 4018/4202/1335 3996/4179/1335
f 3998/4181/1337 4020/4204/1337 4019/4203/1336 3997/4180/1336
f 3999/4182/1351 4021/4205/1351 4020/4204/1337 3998/4181/1337
f 4000/4183/1339 4022/4206/1339 4021/4205/1351 3999/4182/1351
f 4001/4184/1352 4023/4207/1352 4022/4206/1339 4000/4183/1339
f 4002/4185/1353 4024/4208/1353 4023/4207/1352 4001/4184/1352
f 4003/4186/1354 4025/4209/1354 4024/4208/1353 4002/4185/1353
f 4004/4165/1344 4026/4188/1344 4025/4209/1354 4003/4186/1354
f 4005/4187/1343 4027/4210/1343 4048/4211/1344 4026/4188/1344
f 4006/4189/1345 4028/4212/1345 4027/4213/1343 4005/4190/1343
f 4007/4191/1346 4029/4214/1346 4028/4212/1345 4006/4189/1345
f 4008/4192/1347 4030/4215/1347 4029/4214/1346 4007/4191/1346
f 4009/4193/1348 4031/4216/1348 4030/4215/1347 4008/4192/1347
f 4010/4194/1327 4032/4217/1327 4031/4216/1348 4009/4193/1348
f 4011/4195/1349 4033/4218/1349 4032/4217/1327 4010/4194/1327
f 4012/4196/1329 4034/4219/1329 4033/4218/1349 4011/4195/1349
f 4013/4197/1330 4035/4220/1330 4034/4219/1329 4012/4196/1329
f 4014/4198/1331 4036/4221/1331 4035/4220/1330 4013/4197/1330
f 4015/4199/1332 4037/4222/1332 4036/4221/1331 4014/4198/1331
f 4016/4200/1350 4038/4223/1350 4037/4222/1332 4015/4199/1332
f 4017/4201/1334 4039/4224/1334 4038/4223/1350 4016/4200/1350
f 4018/4202/1335 4040/4225/1335 4039/4224/1334 4017/4201/1334
f 4019/4203/1336 4041/4226/1336 4040/4225/1335 4018/4202/1335
f 4020/4204/1337 4042/4227/1337 4041/4226/1336 4019/4203/1336
f 4021/4205/1351 4043/4228/1351 4042/4227/1337 4020/4204/1337
f 4022/4206/1339 4044/4229/1339 4043/4228/1351 4021/4205/1351
f 4023/4207/1352 4045/4230/1352 4044/4229/1339 4022/4206/1339
f 4024/4208/1353 4046/4231/1353 4045/4230/1352 4023/4207/1352
f 4025/4209/1354 4047/4232/1354 4046/4231/1353 4024/4208/1353
f 4026/4188/1344 4048/4211/1344 4047/4232/1354 4025/4209/1354
f 4027/4210/1343 4049/4233/1343 4070/4234/1344 4048/4211/1344
f 4028/4212/1345 4050/4235/1345 4049/4236/1343 4027/4213/1343
f 4029/4214/1346 4051/4237/1346 4050/4235/1345 4028/4212/1345
f 4030/4215/1347 4052/4238/1347 4051/4237/1346 4029/4214/1346
f 4031/4216/1348 4053/4239/1348 4052/4238/1347 4030/4215/1347
f 4032/4217/1327 4054/4240/1327 4053/4239/1348 4031/4216/1348
f 4033/4218/1349 4055/4241/1349 4054/4240/1327 4032/4217/1327
f 4034/4219/1329 4056/4242/1329 4055/4241/1349 4033/4218/1349
f 4035/4220/1330 4057/4243/1330 4056/4242/1329 4034/4219/1329
f 4036/4221/1331 4058/4244/1331 4057/4243/1330 4035/4220/1330
f 4037/4222/1332 4059/4245/1332 4058/4244/1331 4036/4221/1331
f 4038/4223/1350 4060/4246/1350 4059/4245/1332 4037/4222/1332
f 4039/4224/1334 4061/4247/1334 4060/4246/1350 4038/4223/1350
f 4040/4225/1335 4062/4248/1335 4061/4247/1334 4039/4224/1334
f 4041/4226/1336 4063/4249/1336 4062/4248/1335 4040/4225/1335
f 4042/4227/1337 4064/4250/1337 4063/4249/1336 4041/4226/1336
f 4043/4228/1351 4065/4251/1351 4064/4250/1337 4042/4227/1337
f 4044/4229/1339 4066/4252/1339 4065/4251/1351 4043/4228/1351
f 4045/4230/1352 4067/4253/1352 4066/4252/1339 4044/4229/1339
f 4046/4231/1353 4068/4254/1353 4067/4253/1352 4045/4230/1352
f 4047/4232/1354 4069/4255/1354 4068/4254/1353 4046/4231/1353
f 4048/4211/1344 4070/4234/1344 4069/4255/1354 4047/4232/1354
f 4049/4233/1343 4071/4256/1343 4092/4257/1344 4070/4234/1344
f 4050/4235/1345 4072/4258/1345 4071/4259/1343 4049/4236/1343
f 4051/4237/1346 4073/4260/1346 4072/4258/1345 4050/4235/1345
f 4052/4238/1347 4074/4261/1347 4073/4260/1346 4051/4237/1346
f 4053/4239/1348 4075/4262/1348 4074/4261/1347 4052/4238/1347
f 4054/4240/1327 4076/4263/1327 4075/4262/1348 4053/4239/1348
f 4055/4241/1349 4077/4264/1349 4076/4263/1327 4054/4240/1327
f 4056/4242/1329 4078/4265/1329 4077/4264/1349 4055/4241/1349
f 4057/4243/1330 4079/4266/1330 4078/4265/1329 4056/4242/1329
f 4058/4244/1331 4080/4267/1331 4079/4266/1330 4057/4243/1330
f 4059/4245/1332 4081/4268/1332 4080/4267/1331 4058/4244/1331
f 4060/4246/1350 4082/4269/1350 4081/4268/1332 4059/4245/1332
f 4061/4247/1334 4083/4270/1334 4082/4269/1350 4060/4246/1350
f 4062/4248/1335 4084/4271/1335 4083/4270/1334 4061/4247/1334
f 4063/4249/1336 4085/4272/1336 4084/4271/1335 4062/4248/1335
f 4064/4250/1337 4086/4273/1337 4085/4272/1336 4063/4249/1336
f 4065/4251/1351 4087/4274/1351 4086/4273/1337 4064/4250/1337
f 4066/4252/1339 4088/4275/1339 4087/4274/1351 4065/4251/1351
f 4067/4253/1352 4089/4276/1352 4088/4275/1339 4066/4252/1339
f 4068/4254/1353 4090/4277/1353 4089/4276/1352 4067/4253/1352
f 4069/4255/1354 4091/4278/1354 4090/4277/1353 4068/4254/1353
f 4070/4234/1344 4092/4257/1344 4091/4278/1354 4069/4255/1354
f 4071/4256/1343 4093/4279/1343 4114/4280/1344 4092/4257/1344
f 4072/4258/1345 4094/4281/1345 4093/4282/1343 4071/4259/1343
f 4073/4260/1346 4095/4283/1346 4094/4281/1345 4072/4258/1345
f 4074/4261/1347 4096/4284/1347 4095/4283/1346 4073/4260/1346
f 4075/4262/1348 4097/4285/1348 4096/4284/1347 4074/4261/1347
f 4076/4263/1327 4098/4286/1327 4097/4285/1348 4075/4262/1348
f 4077/4264/1349 4099/4287/1349 4098/4286/1327 4076/4263/1327
f 4078/4265/1329 4100/4288/1329 4099/4287/1349 4077/4264/1349
f 4079/4266/1330 4101/4289/1330 4100/4288/1329 4078/4265/1329
f 4080/4267/1331 4102/4290/1331 4101/4289/1330 4079/4266/1330
f 4081/4268/1332 4103/4291/1332 4102/4290/1331 4080/4267/1331
f 4082/4269/1350 4104/4292/1350 4103/4291/1332 4081/4268/1332
f 4083/4270/1334 4105/4293/1334 4104/4292/1350 4082/4269/1350
f 4084/4271/1335 4106/4294/1335 4105/4293/1334 4083/4270/1334
f 4085/4272/1336 4107/4295/1336 4106/4294/1335 4084/4271/1335
f 4086/4273/1337 4108/4296/1337 4107/4295/1336 4085/4272/1336
f 4087/4274/1351 4109/4297/1351 4108/4296/1337 4086/4273/1337
f 4088/4275/1339 4110/4298/1339 4109/4297/1351 4087/4274/1351
f 4089/4276/1352 4111/4299/1352 4110/4298/1339 4088/4275/1339
f 4090/4277/1353 4112/4300/1353 4111/4299/1352 4089/4276/1352
f 4091/4278/1354 4113/4301/1354 4112/4300/1353 4090/4277/1353
f 4092/4257/1344 4114/4280/1344 4113/4301/1354 4091/4278/1354
f 4093/4279/1343 4115/4302/1343 4136/4303/1344 4114/4280/1344
f 4094/4281/1345 4116/4304/1345 4115/4305/1343 4093/4282/1343
f 4095/4283/1346 4117/4306/1346 4116/4304/1345 4094/4281/1345
f 4096/4284/1347 4118/4307/1347 4117/4306/1346 4095/4283/1346
f 4097/4285/1348 4119/4308/1348 4118/4307/1347 4096/4284/1347
f 4098/4286/1327 4120/4309/1327 4119/4308/1348 4097/4285/1348
f 4099/4287/1349 4121/4310/1349 4120/4309/1327 4098/4286/1327
f 4100/4288/1329 4122/4311/1329 4121/4310/1349 4099/4287/1349
f 4101/4289/1330 4123/4312/1330 4122/4311/1329 4100/4288/1329
f 4102/4290/1331 4124/4313/1331 4123/4312/1330 4101/4289/1330
f 4103/4291/1332 4125/4314/1332 4124/4313/1331 4102/4290/1331
f 4104/4292/1350 4126/4315/1350 4125/4314/1332 4103/4291/1332
f 4105/4293/1334 4127/4316/1334 4126/4315/1350 4104/4292/1350
f 4106/4294/1335 4128/4317/1335 4127/4316/1334 4105/4293/1334
f 4107/4295/1336 4129/4318/1336 4128/4317/1335 4106/4294/1335
f 4108/4296/1337 4130/4319/1337 4129/4318/1336 4107/4295/1336
f 4109/4297/1351 4131/4320/1351 4130/4319/1337 4108/4296/1337
f 4110/4298/1339 4132/4321/1339 4131/4320/1351 4109/4297/1351
f 4111/4299/1352 4133/4322/1352 4132/4321/1339 4110/4298/1339
f 4112/4300/1353 4134/4323/1353 4133/4322/1352 4111/4299/1352
f 4113/4301/1354 4135/4324/1354 4134/4323/1353 4112/4300/1353
f 4114/4280/1344 4136/4303/1344 4135/4324/1354 4113/4301/1354
f 4115/4302/1343 4137/4325/1343 4158/4326/1344 4136/4303/1344
f 4116/4304/1345 4138/4327/1345 4137/4328/1343 4115/4305/1343
f 4117/4306/1346 4139/4329/1346 4138/4327/1345 4116/4304/1345
f 4118/4307/1347 4140/4330/1347 4139/4329/1346 4117/4306/1346
f 4119/4308/1348 4141/4331/1348 4140/4330/1347 4118/4307/1347
f 4120/4309/1327 4142/4332/1327 4141/4331/1348 4119/4308/1348
f 4121/4310/1349 4143/4333/1349 4142/4332/1327 4120/4309/1327
f 4122/4311/1329 4144/4334/1329 4143/4333/1349 4121/4310/1349
f 4123/4312/1330 4145/4335/1330 4144/4334/1329 4122/4311/1329
f 4124/4313/1331 4146/4336/1331 4145/4335/1330 4123/4312/1330
f 4125/4314/1332 4147/4337/1332 4146/4336/1331 4124/4313/1331
f 4126/4315/1350 4148/4338/1350 4147/4337/1332 4125/4314/1332
f 4127/4316/1334 4149/4339/1334 4148/4338/1350 4126/4315/1350
f 4128/4317/1335 4150/4340/1335 4149/4339/1334 4127/4316/1334
f 4129/4318/1336 4151/4341/1336 4150/4340/1335 4128/4317/1335
f 4130/4319/1337 4152/4342/1337 4151/4341/1336 4129/4318/1336
f 4131/4320/1351 4153/4343/1351 4152/4342/1337 4130/4319/1337
f 4132/4321/1339 4154/4344/1339 4153/4343/1351 4131/4320/1351
f 4133/4322/1352 4155/4345/1352 4154/4344/1339 4132/4321/1339
f 4134/4323/1353 4156/4346/1353 4155/4345/1352 4133/4322/1352
f 4135/4324/1354 4157/4347/1354 4156/4346/1353 4134/4323/1353
f 4136/4303/1344 4158/4326/1344 4157/4347/1354 4135/4324/1354
f 4137/4325/1343 4159/4348/1343 4180/4349/1344 4158/4326/1344
f 4138/4327/1345 4160/4350/1345 4159/4351/1343 4137/4328/1343
f 4139/4329/1346 4161/4352/1346 4160/4350/1345 4138/4327/1345
f 4140/4330/1347 4162/4353/1347 4161/4352/1346 4139/4329/1346
f 4141/4331/1348 4163/4354/1348 4162/4353/1347 4140/4330/1347
f 4142/4332/1327 4164/4355/1327 4163/4354/1348 4141/4331/1348
f 4143/4333/1349 4165/4356/1349 4164/4355/1327 4142/4332/1327
f 4144/4334/1329 4166/4357/1329 4165/4356/1349 4143/4333/1349
f 4145/4335/1330 4167/4358/1330 4166/4357/1329 4144/4334/1329
f 4146/4336/1331 4168/4359/1331 4167/4358/1330 4145/4335/1330
f 4147/4337/1332 4169/4360/1332 4168/4359/1331 4146/4336/1331
f 4148/4338/1350 4170/4361/1350 4169/4360/1332 4147/4337/1332
f 4149/4339/1334 4171/4362/1334 4170/4361/1350 4148/4338/1350
f 4150/4340/1335 4172/4363/1335 4171/4362/1334 4149/4339/1334
f 4151/4341/1336 4173/4364/1336 4172/4363/1335 4150/4340/1335
f 4152/4342/1337 4174/4365/1337 4173/4364/1336 4151/4341/1336
f 4153/4343/1351 4175/4366/1351 4174/4365/1337 4152/4342/1337
f 4154/4344/1339 4176/4367/1339 4175/4366/1351 4153/4343/1351
f 4155/4345/1352 4177/4368/1352 4176/4367/1339 4154/4344/1339
f 4156/4346/1353 4178/4369/1353 4177/4368/1352 4155/4345/1352
f 4157/4347/1354 4179/4370/1354 4178/4369/1353 4156/4346/1353
f 4158/4326/1344 4180/4349/1344 4179/4370/1354 4157/4347/1354
f 4159/4348/1343 4181/4371/1343 4202/4372/1344 4180/4349/1344
f 4160/4350/1345 4182/4373/1345 4181/4374/1343 4159/4351/1343
f 4161/4352/1346 4183/4375/1346 4182/4373/1345 4160/4350/1345
f 4162/4353/1347 4184/4376/1347 4183/4375/1346 4161/4352/1346
f 4163/4354/1348 4185/4377/1348 4184/4376/1347 4162/4353/1347
f 4164/4355/1327 4186/4378/1327 4185/4377/1348 4163/4354/1348
f 4165/4356/1349 4187/4379/1349 4186/4378/1327 4164/4355/1327
f 4166/4357/1329 4188/4380/1329 4187/4379/1349 4165/4356/1349
f 4167/4358/1330 4189/4381/1330 4188/4380/1329 4166/4357/1329
f 4168/4359/1331 4190/4382/1331 4189/4381/1330 4167/4358/1330
f 4169/4360/1332 4191/4383/1332 4190/4382/1331 4168/4359/1331
f 4170/4361/1350 4192/4384/1350 4191/4383/1332 4169/4360/1332
f 4171/4362/1334 4193/4385/1334 4192/4384/1350 4170/4361/1350
f 4172/4363/1335 4194/4386/1335 4193/4385/1334 4171/4362/1334
f 4173/4364/1336 4195/4387/1336 4194/4386/1335 4172/4363/1335
f 4174/4365/1337 4196/4388/1337 4195/4387/1336 4173/4364/1336
f 4175/4366/1351 4197/4389/1351 4196/4388/1337 4174/4365/1337
f 4176/4367/1339 4198/4390/1339 4197/4389/1351 4175/4366/1351
f 4177/4368/1352 4199/4391/1352 4198/4390/1339 4176/4367/1339
f 4178/4369/1353 4200/4392/1353 4199/4391/1352 4177/4368/1352
f 4179/4370/1354 4201/4393/1354 4200/4392/1353 4178/4369/1353
f 4180/4349/1344 4202/4372/1344 4201/4393/1354 4179/4370/1354
f 4181/4371/1343 4203/4394/1343 4224/4395/1344 4202/4372/1344
f 4182/4373/1345 4204/4396/1345 4203/4397/1343 4181/4374/1343
f 4183/4375/1346 4205/4398/1346 4204/4396/1345 4182/4373/1345
f 4184/4376/1347 4206/4399/1347 4205/4398/1346 4183/4375/1346
f 4185/4377/1348 4207/4400/1348 4206/4399/1347 4184/4376/1347
f 4186/4378/1327 4208/4401/1327 4207/4400/1348 4185/4377/1348
f 4187/4379/1349 4209/4402/1349 4208/4401/1327 4186/4378/1327
f 4188/4380/1329 4210/4403/1329 4209/4402/1349 4187/4379/1349
f 4189/4381/1330 4211/4404/1330 4210/4403/1329 4188/4380/1329
f 4190/4382/1331 4212/4405/1331 4211/4404/1330 4189/4381/1330
f 4191/4383/1332 4213/4406/1332 4212/4405/1331 4190/4382/1331
f 4192/4384/1350 4214/4407/1350 4213/4406/1332 4191/4383/1332
f 4193/4385/1334 4215/4408/1334 4214/4407/1350 4192/4384/1350
f 4194/4386/1335 4216/4409/1335 4215/4408/1334 4193/4385/1334
f 4195/4387/1336 4217/4410/1336 4216/4409/1335 4194/4386/1335
f 4196/4388/1337 4218/4411/1337 4217/4410/1336 4195/4387/1336
f 4197/4389/1351 4219/4412/1351 4218/4411/1337 4196/4388/1337
f 4198/4390/1339 4220/4413/1339 4219/4412/1351 4197/4389/1351
f 4199/4391/1352 4221/4414/1352 4220/4413/1339 4198/4390/1339
f 4200/4392/1353 4222/4415/1353 4221/4414/1352 4199/4391/1352
f 4201/4393/1354 4223/4416/1354 4222/4415/1353 4200/4392/1353
f 4202/4372/1344 4224/4395/1344 4223/4416/1354 4201/4393/1354
f 4203/4394/1343 4225/4417/1343 4246/4418/1344 4224/4395/1344
f 4204/4396/1345 4226/4419/1345 4225/4420/1343 4203/4397/1343
f 4205/4398/1346 4227/4421/1346 4226/4419/1345 4204/4396/1345
f 4206/4399/1347 4228/4422/1347 4227/4421/1346 4205/4398/1346
f 4207/4400/1348 4229/4423/1348 4228/4422/1347 4206/4399/1347
f 4208/4401/1327 4230/4424/1327 4229/4423/1348 4207/4400/1348
f 4209/4402/1349 4231/4425/1349 4230/4424/1327 4208/4401/1327
f 4210/4403/1329 4232/4426/1329 4231/4425/1349 4209/4402/1349
f 4211/4404/1330 4233/4427/1330 4232/4426/1329 4210/4403/1329
f 4212/4405/1331 4234/4428/1331 4233/4427/1330 4211/4404/1330
f 4213/4406/1332 4235/4429/1332 4234/4428/1331 4212/4405/1331
f 4214/4407/1350 4236/4430/1350 4235/4429/1332 4213/4406/1332
f 4215/4408/1334 4237/4431/1334 4236/4430/1350 4214/4407/1350
f 4216/4409/1335 4238/4432/1335 4237/4431/1334 4215/4408/1334
f 4217/4410/1336 4239/4433/1336 4238/4432/1335 4216/4409/1335
f 4218/4411/1337 4240/4434/1337 4239/4433/1336 4217/4410/1336
f 4219/4412/1351 4241/4435/1351 4240/4434/1337 4218/4411/1337
f 4220/4413/1339 4242/4436/1339 4241/4435/1351 4219/4412/1351
f 4221/4414/1352 4243/4437/1352 4242/4436/1339 4220/4413/1339
f 4222/4415/1353 4244/4438/1353 4243/4437/1352 4221/4414/1352
f 4223/4416/1354 4245/4439/1354 4244/4438/1353 4222/4415/1353
f 4224/4395/1344 4246/4418/1344 4245/4439/1354 4223/4416/1354
f 4225/4417/1343 4247/4440/1343 4268/4441/1344 4246/4418/1344
f 4226/4419/1345 4248/4442/1345 4247/4443/1343 4225/4420/1343
f 4227/4421/1346 4249/4444/1346 4248/4442/1345 4226/4419/1345
f 4228/4422/1347 4250/4445/1347 4249/4444/1346 4227/4421/1346
f 4229/4423/1348 4251/4446/1348 4250/4445/1347 4228/4422/1347
f 4230/4424/1327 4252/4447/1327 4251/4446/1348 4229/4423/1348
f 4231/4425/1349 4253/4448/1349 4252/4447/1327 4230/4424/1327
f 4232/4426/1329 4254/4449/1329 4253/4448/1349 4231/4425/1349
f 4233/4427/1330 4255/4450/1330 4254/4449/1329 4232/4426/1329
f 4234/4428/1331 4256/4451/1331 4255/4450/1330 4233/4427/1330
f 4235/4429/1332 4257/4452/1332 4256/4451/1331 4234/4428/1331
f 4236/4430/1350 4258/4453/1350 4257/4452/1332 4235/4429/1332
f 4237/4431/1334 4259/4454/1334 4258/4453/1350 4236/4430/1350
f 4238/4432/1335 4260/4455/1335 4259/4454/1334 4237/4431/1334
f 4239/4433/1336 4261/4456/1336 4260/4455/1335 4238/4432/1335
f 4240/4434/1337 4262/4457/1337 4261/4456/1336 4239/4433/1336
f 4241/4435/1351 4263/4458/1351 4262/4457/1337 4240/4434/1337
f 4242/4436/1339 4264/4459/1339 4263/4458/1351 4241/4435/1351
f 4243/4437/1352 4265/4460/1352 4264/4459/1339 4242/4436/1339
f 4244/4438/1353 4266/4461/1353 4265/4460/1352 4243/4437/1352
f 4245/4439/1354 4267/4462/1354 4266/4461/1353 4244/4438/1353
f 4246/4418/1344 4268/4441/1344 4267/4462/1354 4245/4439/1354
f 4247/4440/1343 4269/4463/1343 4290/4464/1344 4268/4441/1344
f 4248/4442/1345 4270/4465/1345 4269/4466/1343 4247/4443/1343
f 4249/4444/1346 4271/4467/1346 4270/4465/1345 4248/4442/1345
f 4250/4445/1347 4272/4468/1347 4271/4467/1346 4249/4444/1346
f 4251/4446/1348 4273/4469/1348 4272/4468/1347 4250/4445/1347
f 4252/4447/1327 4274/4470/1327 4273/4469/1348 4251/4446/1348
f 4253/4448/1349 4275/4471/1349 4274/4470/1327 4252/4447/1327
f 4254/4449/1329 4276/4472/1329 4275/4471/1349 4253/4448/1349
f 4255/4450/1330 4277/4473/1330 4276/4472/1329 4254/4449/1329
f 4256/4451/1331 4278/4474/1331 4277/4473/1330 4255/4450/1330
f 4257/4452/1332 4279/4475/1332 4278/4474/1331 4256/4451/1331
f 4258/4453/1350 4280/4476/1350 4279/4475/1332 4257/4452/1332
f 4259/4454/1334 4281/4477/1334 4280/4476/1350 4258/4453/1350
f 4260/4455/1335 4282/4478/1335 4281/4477/1334 4259/4454/1334
f 4261/4456/1336 4283/4479/1336 4282/4478/1335 4260/4455/1335
f 4262/4457/1337 4284/4480/1337 4283/4479/1336 4261/4456/1336
f 4263/4458/1351 4285/4481/1351 4284/4480/1337 4262/4457/1337
f 4264/4459/1339 4286/4482/1339 4285/4481/1351 4263/4458/1351
f 4265/4460/1352 4287/4483/1352 4286/4482/1339 4264/4459/1339
f 4266/4461/1353 4288/4484/1353 4287/4483/1352 4265/4460/1352
f 4267/4462/1354 4289/4485/1354 4288/4484/1353 4266/4461/1353
f 4268/4441/1344 4290/4464/1344 4289/4485/1354 4267/4462/1354
f 4269/4463/1343 4291/4486/1343 4312/4487/1344 4290/4464/1344
f 4270/4465/1345 4292/4488/1345 4291/4489/1343 4269/4466/1343
f 4271/4467/1346 4293/4490/1346 4292/4488/1345 4270/4465/1345
f 4272/4468/1347 4294/4491/1347 4293/4490/1346 4271/4467/1346
f 4273/4469/1348 4295/4492/1348 4294/4491/1347 4272/4468/1347
f 4274/4470/1327 4296/4493/1327 4295/4492/1348 4273/4469/1348
f 4275/4471/1349 4297/4494/1349 4296/4493/1327 4274/4470/1327
f 4276/4472/1329 4298/4495/1329 4297/4494/1349 4275/4471/1349
f 4277/4473/1330 4299/4496/1330 4298/4495/1329 4276/4472/1329
f 4278/4474/1331 4300/4497/1331 4299/4496/1330 4277/4473/1330
f 4279/4475/1332 4301/4498/1332 4300/4497/1331 4278/4474/1331
f 4280/4476/1350 4302/4499/1350 4301/4498/1332 4279/4475/1332
f 4281/4477/1334 4303/4500/1334 4302/4499/1350 4280/4476/1350
f 4282/4478/1335 4304/4501/1335 4303/4500/1334 4281/4477/1334
f 4283/4479/1336 4305/4502/1336 4304/4501/1335 4282/4478/1335
f 4284/4480/1337 4306/4503/1337 4305/4502/1336 4283/4479/1336
f 4285/4481/1351 4307/4504/1351 4306/4503/1337 4284/4480/1337
f 4286/4482/1339 4308/4505/1339 4307/4504/1351 4285/4481/1351
f 4287/4483/1352 4309/4506/1352 4308/4505/1339 4286/4482/1339
f 4288/4484/1353 4310/4507/1353 4309/4506/1352 4287/4483/1352
f 4289/4485/1354 4311/4508/1354 4310/4507/1353 4288/4484/1353
f 4290/4464/1344 4312/4487/1344 4311/4508/1354 4289/4485/1354
f 4291/4486/1343 4313/4509/1343 4334/4510/1344 4312/4487/1344
f 4292/4488/1345 4314/4511/1345 4313/4512/1343 4291/4489/1343
f 4293/4490/1346 4315/4513/1346 4314/4511/1345 4292/4488/1345
f 4294/4491/1347 4316/4514/1347 4315/4513/1346 4293/4490/1346
f 4295/4492/1348 4317/4515/1348 4316/4514/1347 4294/4491/1347
f 4296/4493/1327 4318/4516/1327 4317/4515/1348 4295/4492/1348
f 4297/4494/1349 4319/4517/1349 4318/4516/1327 4296/4493/1327
f 4298/4495/1329 4320/4518/1329 4319/4517/1349 4297/4494/1349
f 4299/4496/1330 4321/4519/1330 4320/4518/1329 4298/4495/1329
f 4300/4497/1331 4322/4520/1331 4321/4519/1330 4299/4496/1330
f 4301/4498/1332 4323/4521/1332 4322/4520/1331 4300/4497/1331
f 4302/4499/1350 4324/4522/1350 4323/4521/1332 4301/4498/1332
f 4303/4500/1334 4325/4523/1334 4324/4522/1350 4302/4499/1350
f 4304/4501/1335 4326/4524/1335 4325/4523/1334 4303/4500/1334
f 4305/4502/1336 4327/4525/1336 4326/4524/1335 4304/4501/1335
f 4306/4503/1337 4328/4526/1337 4327/4525/1336 4305/4502/1336
f 4307/4504/1351 4329/4527/1351 4328/4526/1337 4306/4503/1337
f 4308/4505/1339 4330/4528/1339 4329/4527/1351 4307/4504/1351
f 4309/4506/1352 4331/4529/1352 4330/4528/1339 4308/4505/1339
f 4310/4507/1353 4332/4530/1353 4331/4529/1352 4309/4506/1352
f 4311/4508/1354 4333/4531/1354 4332/4530/1353 4310/4507/1353
f 4312/4487/1344 4334/4510/1344 4333/4531/1354 4311/4508/1354
f 4313/4509/1343 4335/4532/1453 4356/4533/1404 4334/4510/1344
f 4314/4511/1345 4336/4534/1405 4335/4535/1453 4313/4512/1343
f 4315/4513/1346 4337/4536/1346 4336/4534/1405 4314/4511/1345
f 4316/4514/1347 4338/4537/1347 4337/4536/1346 4315/4513/1346
f 4317/4515/1348 4339/4538/1348 4338/4537/1347 4316/4514/1347
f 4318/4516/1327 4340/4539/1327 4339/4538/1348 4317/4515/1348
f 4319/4517/1349 4341/4540/1349 4340/4539/1327 4318/4516/1327
f 4320/4518/1329 4342/4541/1329 4341/4540/1349 4319/4517/1349
f 4321/4519/1330 4343/4542/1330 4342/4541/1329 4320/4518/1329
f 4322/4520/1331 4344/4543/1331 4343/4542/1330 4321/4519/1330
f 4323/4521/1332 4345/4544/1332 4344/4543/1331 4322/4520/1331
f 4324/4522/1350 4346/4545/1350 4345/4544/1332 4323/4521/1332
f 4325/4523/1334 4347/4546/1334 4346/4545/1350 4324/4522/1350
f 4326/4524/1335 4348/4547/1335 4347/4546/1334 4325/4523/1334
f 4327/4525/1336 4349/4548/1336 4348/4547/1335 4326/4524/1335
f 4328/4526/1337 4350/4549/1337 4349/4548/1336 4327/4525/1336
f 4329/4527/1351 4351/4550/1351 4350/4549/1337 4328/4526/1337
f 4330/4528/1339 4352/4551/1339 4351/4550/1351 4329/4527/1351
f 4331/4529/1352 4353/4552/1352 4352/4551/1339 4330/4528/1339
f 4332/4530/1353 4354/4553/1353 4353/4552/1352 4331/4529/1352
f 4333/4531/1354 4355/4554/1354 4354/4553/1353 4332/4530/1353
f 4334/4510/1344 4356/4533/1404 4355/4554/1354 4333/4531/1354
f 4335/4532/1453 4357/4555/1454 4378/4556/1455 4356/4533/1404
f 4336/4534/1405 4358/4557/1456 4357/4558/1454 4335/4535/1453
f 4337/4536/1346 4359/4559/1457 4358/4557/1456 4336/4534/1405
f 4338/4537/1347 4360/4560/1458 4359/4559/1457 4337/4536/1346
f 4339/4538/1348 4361/4561/1459 4360/4560/1458 4338/4537/1347
f 4340/4539/1327 4362/4562/1460 4361/4561/1459 4339/4538/1348
f 4341/4540/1349 4363/4563/1439 4362/4562/1460 4340/4539/1327
f 4342/4541/1329 4364/4564/1461 4363/4563/1439 4341/4540/1349
f 4343/4542/1330 4365/4565/1462 4364/4564/1461 4342/4541/1329
f 4344/4543/1331 4366/4566/1463 4365/4565/1462 4343/4542/1330
f 4345/4544/1332 4367/4567/1464 4366/4566/1463 4344/4543/1331
f 4346/4545/1350 4368/4568/1465 4367/4567/1464 4345/4544/1332
f 4347/4546/1334 4369/4569/1466 4368/4568/1465 4346/4545/1350
f 4348/4547/1335 4370/4570/1467 4369/4569/1466 4347/4546/1334
f 4349/4548/1336 4371/4571/1468 4370/4570/1467 4348/4547/1335
f 4350/4549/1337 4372/4572/1469 4371/4571/1468 4349/4548/1336
f 4351/4550/1351 4373/4573/1470 4372/4572/1469 4350/4549/1337
f 4352/4551/1339 4374/4574/1471 4373/4573/1470 4351/4550/1351
f 4353/4552/1352 4375/4575/1472 4374/4574/1471 4352/4551/1339
f 4354/4553/1353 4376/4576/1473 4375/4575/1472 4353/4552/1352
f 4355/4554/1354 4377/4577/1474 4376/4576/1473 4354/4553/1353
f 4356/4533/1404 4378/4556/1455 4377/4577/1474 4355/4554/1354
f 4357/4555/1454 4379/4578/1475 4400/4579/1476 4378/4556/1455
f 4358/4557/1456 4380/4580/1477 4379/4581/1475 4357/4558/1454
f 4359/4559/1457 4381/4582/1478 4380/4580/1477 4358/4557/1456
f 4360/4560/1458 4382/4583/1479 4381/4582/1478 4359/4559/1457
f 4361/4561/1459 4383/4584/1480 4382/4583/1479 4360/4560/1458
f 4362/4562/1460 4384/4585/1481 4383/4584/1480 4361/4561/1459
f 4363/4563/1439 4385/4586/1482 4384/4585/1481 4362/4562/1460
f 4364/4564/1461 4386/4587/1483 4385/4586/1482 4363/4563/1439
f 4365/4565/1462 4387/4588/1484 4386/4587/1483 4364/4564/1461
f 4366/4566/1463 4388/4589/1485 4387/4588/1484 4365/4565/1462
f 4367/4567/1464 4389/4590/1486 4388/4589/1485 4366/4566/1463
f 4368/4568/1465 4390/4591/1487 4389/4590/1486 4367/4567/1464
f 4369/4569/1466 4391/4592/1488 4390/4591/1487 4368/4568/1465
f 4370/4570/1467 4392/4593/1489 4391/4592/1488 4369/4569/1466
f 4371/4571/1468 4393/4594/1490 4392/4593/1489 4370/4570/1467
f 4372/4572/1469 4394/4595/1491 4393/4594/1490 4371/4571/1468
f 4373/4573/1470 4395/4596/1492 4394/4595/1491 4372/4572/1469
f 4374/4574/1471 4396/4597/1493 4395/4596/1492 4373/4573/1470
f 4375/4575/1472 4397/4598/1494 4396/4597/1493 4374/4574/1471
f 4376/4576/1473 4398/4599/1495 4397/4598/1494 4375/4575/1472
f 4377/4577/1474 4399/4600/1496 4398/4599/1495 4376/4576/1473
f 4378/4556/1455 4400/4579/1476 4399/4600/1496 4377/4577/1474
f 4379/4578/1475 4401/4601/1497 4422/4602/1498 4400/4579/1476
f 4380/4580/1477 4402/4603/1499 4401/4604/1497 4379/4581/1475
f 4381/4582/1478 4403/4605/1500 4402/4603/1499 4380/4580/1477
f 4382/4583/1479 4404/4606/1501 4403/4605/1500 4381/4582/1478
f 4383/4584/1480 4405/4607/1502 4404/4606/1501 4382/4583/1479
f 4384/4585/1481 4406/4608/1503 4405/4607/1502 4383/4584/1480
f 4385/4586/1482 4407/4609/1504 4406/4608/1503 4384/4585/1481
f 4386/4587/1483 4408/4610/1505 4407/4609/1504 4385/4586/1482
f 4387/4588/1484 4409/4611/1506 4408/4610/1505 4386/4587/1483
f 4388/4589/1485 4410/4612/1507 4409/4611/1506 4387/4588/1484
f 4389/4590/1486 4411/4613/1508 4410/4612/1507 4388/4589/1485
f 4390/4591/1487 4412/4614/1509 4411/4613/1508 4389/4590/1486
f 4391/4592/1488 4413/4615/1510 4412/4614/1509 4390/4591/1487
f 4392/4593/1489 4414/4616/1511 4413/4615/1510 4391/4592/1488
f 4393/4594/1490 4415/4617/1512 4414/4616/1511 4392/4593/1489
f 4394/4595/1491 4416/4618/1513 4415/4617/1512 4393/4594/1490
f 4395/4596/1492 4417/4619/1514 4416/4618/1513 4394/4595/1491
f 4396/4597/1493 4418/4620/1515 4417/4619/1514 4395/4596/1492
f 4397/4598/1494 4419/4621/1516 4418/4620/1515 4396/4597/1493
f 4398/4599/1495 4420/4622/1517 4419/4621/1516 4397/4598/1494
f 4399/4600/1496 4421/4623/1518 4420/4622/1517 4398/4599/1495
f 4400/4579/1476 4422/4602/1498 4421/4623/1518 4399/4600/1496
f 4401/4601/1497 4423/4624/1519 4444/4625/1520 4422/4602/1498
f 4402/4603/1499 4424/4626/1521 4423/4627/1519 4401/4604/1497
f 4403/4605/1500 4425/4628/1522 4424/4626/1521 4402/4603/1499
f 4404/4606/1501 4426/4629/1523 4425/4628/1522 4403/4605/1500
f 4405/4607/1502 4427/4630/1524 4426/4629/1523 4404/4606/1501
f 4406/4608/1503 4428/4631/1525 4427/4630/1524 4405/4607/1502
f 4407/4609/1504 4429/4632/1526 4428/4631/1525 4406/4608/1503
f 4408/4610/1505 4430/4633/1527 4429/4632/1526 4407/4609/1504
f 4409/4611/1506 4431/4634/1528 4430/4633/1527 4408/4610/1505
f 4410/4612/1507 4432/4635/1529 4431/4634/1528 4409/4611/1506
f 4411/4613/1508 4433/4636/1530 4432/4635/1529 4410/4612/1507
f 4412/4614/1509 4434/4637/1531 4433/4636/1530 4411/4613/1508
f 4413/4615/1510 4435/4638/1532 4434/4637/1531 4412/4614/1509
f 4414/4616/1511 4436/4639/1533 4435/4638/1532 4413/4615/1510
f 4415/4617/1512 4437/4640/1534 4436/4639/1533 4414/4616/1511
f 4416/4618/1513 4438/4641/1535 4437/4640/1534 4415/4617/1512
f 4417/4619/1514 4439/4642/1536 4438/4641/1535 4416/4618/1513
f 4418/4620/1515 4440/4643/1537 4439/4642/1536 4417/4619/1514
f 4419/4621/1516 4441/4644/1538 4440/4643/1537 4418/4620/1515
f 4420/4622/1517 4442/4645/1539 4441/4644/1538 4419/4621/1516
f 4421/4623/1518 4443/4646/1540 4442/4645/1539 4420/4622/1517
f 4422/4602/1498 4444/4625/1520 4443/4646/1540 4421/4623/1518
f 4423/4624/1519 4445/4647/1541 4466/4648/1542 4444/4625/1520
f 4424/4626/1521 4446/4649/1543 4445/4650/1541 4423/4627/1519
f 4425/4628/1522 4447/4651/1544 4446/4649/1543 4424/4626/1521
f 4426/4629/1523 4448/4652/1545 4447/4651/1544 4425/4628/1522
f 4427/4630/1524 4449/4653/1546 4448/4652/1545 4426/4629/1523
f 4428/4631/1525 4450/4654/1547 4449/4653/1546 4427/4630/1524
f 4429/4632/1526 4451/4655/1548 4450/4654/1547 4428/4631/1525
f 4430/4633/1527 4452/4656/1549 4451/4655/1548 4429/4632/1526
f 4431/4634/1528 4453/4657/1550 4452/4656/1549 4430/4633/1527
f 4432/4635/1529 4454/4658/1551 4453/4657/1550 4431/4634/1528
f 4433/4636/1530 4455/4659/1552 4454/4658/1551 4432/4635/1529
f 4434/4637/1531 4456/4660/1553 4455/4659/1552 4433/4636/1530
f 4435/4638/1532 4457/4661/1554 4456/4660/1553 4434/4637/1531
f 4436/4639/1533 4458/4662/1555 4457/4661/1554 4435/4638/1532
f 4437/4640/1534 4459/4663/1556 4458/4662/1555 4436/4639/1533
f 4438/4641/1535 4460/4664/1557 4459/4663/1556 4437/4640/1534
f 4439/4642/1536 4461/4665/1558 4460/4664/1557 4438/4641/1535
f 4440/4643/1537 4462/4666/1559 4461/4665/1558 4439/4642/1536
f 4441/4644/1538 4463/4667/1560 4462/4666/1559 4440/4643/1537
f 4442/4645/1539 4464/4668/1561 4463/4667/1560 4441/4644/1538
f 4443/4646/1540 4465/4669/1562 4464/4668/1561 4442/4645/1539
f 4444/4625/1520 4466/4648/1542 4465/4669/1562 4443/4646/1540
f 4445/4647/1541 4467/4670/1563 4488/4671/1564 4466/4648/1542
f 4446/4649/1543 4468/4672/1565 4467/4673/1563 4445/4650/1541
f 4447/4651/1544 4469/4674/1566 4468/4672/1565 4446/4649/1543
f 4448/4652/1545 4470/4675/1567 4469/4674/1566 4447/4651/1544
f 4449/4653/1546 4471/4676/1568 4470/4675/1567 4448/4652/1545
f 4450/4654/1547 4472/4677/1569 4471/4676/1568 4449/4653/1546
f 4451/4655/1548 4473/4678/1570 4472/4677/1569 4450/4654/1547
f 4452/4656/1549 4474/4679/1571 4473/4678/1570 4451/4655/1548
f 4453/4657/1550 4475/4680/1572 4474/4679/1571 4452/4656/1549
f 4454/4658/1551 4476/4681/1573 4475/4680/1572 4453/4657/1550
f 4455/4659/1552 4477/4682/1574 4476/4681/1573 4454/4658/1551
f 4456/4660/1553 4478/4683/1575 4477/4682/1574 4455/4659/1552
f 4457/4661/1554 4479/4684/1576 4478/4683/1575 4456/4660/1553
f 4458/4662/1555 4480/4685/1577 4479/4684/1576 4457/4661/1554
f 4459/4663/1556 4481/4686/1578 4480/4685/1577 4458/4662/1555
f 4460/4664/1557 4482/4687/1579 4481/4686/1578 4459/4663/1556
f 4461/4665/1558 4483/4688/1580 4482/4687/1579 4460/4664/1557
f 4462/4666/1559 4484/4689/1581 4483/4688/1580 4461/4665/1558
f 4463/4667/1560 4485/4690/1582 4484/4689/1581 4462/4666/1559
f 4464/4668/1561 4486/4691/1583 4485/4690/1582 4463/4667/1560
f 4465/4669/1562 4487/4692/1584 4486/4691/1583 4464/4668/1561
f 4466/4648/1542 4488/4671/1564 4487/4692/1584 4465/4669/1562
f 4467/4670/1563 4489/4693/1585 4510/4694/1586 4488/4671/1564
f 4468/4672/1565 4490/4695/1587 4489/4696/1585 4467/4673/1563
f 4469/4674/1566 4491/4697/1588 4490/4695/1587 4468/4672/1565
f 4470/4675/1567 4492/4698/1589 4491/4697/1588 4469/4674/1566
f 4471/4676/1568 4493/4699/1590 4492/4698/1589 4470/4675/1567
f 4472/4677/1569 4494/4700/1591 4493/4699/1590 4471/4676/1568
f 4473/4678/1570 4495/4701/1592 4494/4700/1591 4472/4677/1569
f 4474/4679/1571 4496/4702/1593 4495/4701/1592 4473/4678/1570
f 4475/4680/1572 4497/4703/1594 4496/4702/1593 4474/4679/1571
f 4476/4681/1573 4498/4704/1595 4497/4703/1594 4475/4680/1572
f 4477/4682/1574 4499/4705/1596 4498/4704/1595 4476/4681/1573
f 4478/4683/1575 4500/4706/1597 4499/4705/1596 4477/4682/1574
f 4479/4684/1576 4501/4707/1598 4500/4706/1597 4478/4683/1575
f 4480/4685/1577 4502/4708/1599 4501/4707/1598 4479/4684/1576
f 4481/4686/1578 4503/4709/1600 4502/4708/1599 4480/4685/1577
f 4482/4687/1579 4504/4710/1601 4503/4709/1600 4481/4686/1578
f 4483/4688/1580 4505/4711/1602 4504/4710/1601 4482/4687/1579
f 4484/4689/1581 4506/4712/1603 4505/4711/1602 4483/4688/1580
f 4485/4690/1582 4507/4713/1604 4506/4712/1603 4484/4689/1581
f 4486/4691/1583 4508/4714/1605 4507/4713/1604 4485/4690/1582
f 4487/4692/1584 4509/4715/1606 4508/4714/1605 4486/4691/1583
f 4488/4671/1564 4510/4694/1586 4509/4715/1606 4487/4692/1584
f 4489/4693/1585 4511/4716/1607 4532/4717/1608 4510/4694/1586
f 4490/4695/1587 4512/4718/1609 4511/4719/1607 4489/4696/1585
f 4491/4697/1588 4513/4720/1610 4512/4718/1609 4490/4695/1587
f 4492/4698/1589 4514/4721/1611 4513/4720/1610 4491/4697/1588
f 4493/4699/1590 4515/4722/1612 4514/4721/1611 4492/4698/1589
f 4494/4700/1591 4516/4723/1613 4515/4722/1612 4493/4699/1590
f 4495/4701/1592 4517/4724/1614 4516/4723/1613 4494/4700/1591
f 4496/4702/1593 4518/4725/1615 4517/4724/1614 4495/4701/1592
f 4497/4703/1594 4519/4726/1616 4518/4725/1615 4496/4702/1593
f 4498/4704/1595 4520/4727/1617 4519/4726/1616 4497/4703/1594
f 4499/4705/1596 4521/4728/1618 4520/4727/1617 4498/4704/1595
f 4500/4706/1597 4522/4729/1619 4521/4728/1618 4499/4705/1596
f 4501/4707/1598 4523/4730/1620 4522/4729/1619 4500/4706/1597
f 4502/4708/1599 4524/4731/1621 4523/4730/1620 4501/4707/1598
f 4503/4709/1600 4525/4732/1622 4524/4731/1621 4502/4708/1599
f 4504/4710/1601 4526/4733/1623 4525/4732/1622 4503/4709/1600
f 4505/4711/1602 4527/4734/1624 4526/4733/1623 4504/4710/1601
f 4506/4712/1603 4528/4735/1625 4527/4734/1624 4505/4711/1602
f 4507/4713/1604 4529/4736/1626 4528/4735/1625 4506/4712/1603
f 4508/4714/1605 4530/4737/1627 4529/4736/1626 4507/4713/1604
f 4509/4715/1606 4531/4738/1628 4530/4737/1627 4508/4714/1605
f 4510/4694/1586 4532/4717/1608 4531/4738/1628 4509/4715/1606
f 4511/4716/1607 4533/4739/1629 4554/4740/1630 4532/4717/1608
f 4512/4718/1609 4534/4741/1631 4533/4742/1629 4511/4719/1607
f 4513/4720/1610 4535/4743/1632 4534/4741/1631 4512/4718/1609
f 4514/4721/1611 4536/4744/1633 4535/4743/1632 4513/4720/1610
f 4515/4722/1612 4537/4745/1634 4536/4744/1633 4514/4721/1611
f 4516/4723/1613 4538/4746/1635 4537/4745/1634 4515/4722/1612
f 4517/4724/1614 4539/4747/1636 4538/4746/1635 4516/4723/1613
f 4518/4725/1615 4540/4748/1637 4539/4747/1636 4517/4724/1614
f 4519/4726/1616 4541/4749/1638 4540/4748/1637 4518/4725/1615
f 4520/4727/1617 4542/4750/1639 4541/4749/1638 4519/4726/1616
f 4521/4728/1618 4543/4751/1640 4542/4750/1639 4520/4727/1617
f 4522/4729/1619 4544/4752/1641 4543/4751/1640 4521/4728/1618
f 4523/4730/1620 4545/4753/1642 4544/4752/1641 4522/4729/1619
f 4524/4731/1621 4546/4754/1643 4545/4753/1642 4523/4730/1620
f 4525/4732/1622 4547/4755/1644 4546/4754/1643 4524/4731/1621
f 4526/4733/1623 4548/4756/1645 4547/4755/1644 4525/4732/1622
f 4527/4734/1624 4549/4757/1646 4548/4756/1645 4526/4733/1623
f 4528/4735/1625 4550/4758/1647 4549/4757/1646 4527/4734/1624
f 4529/4736/1626 4551/4759/1648 4550/4758/1647 4528/4735/1625
f 4530/4737/1627 4552/4760/1649 4551/4759/1648 4529/4736/1626
f 4531/4738/1628 4553/4761/1650 4552/4760/1649 4530/4737/1627
f 4532/4717/1608 4554/4740/1630 4553/4761/1650 4531/4738/1628
f 4533/4739/1629 4555/4762/1651 4576/4763/1652 4554/4740/1630
f 4534/4741/1631 4556/4764/1653 4555/4765/1651 4533/4742/1629
f 4535/4743/1632 4557/4766/1654 4556/4764/1653 4534/4741/1631
f 4536/4744/1633 4558/4767/1655 4557/4766/1654 4535/4743/1632
f 4537/4745/1634 4559/4768/1656 4558/4767/1655 4536/4744/1633
f 4538/4746/1635 4560/4769/1657 4559/4768/1656 4537/4745/1634
f 4539/4747/1636 4561/4770/1658 4560/4769/1657 4538/4746/1635
f 4540/4748/1637 4562/4771/1659 4561/4770/1658 4539/4747/1636
f 4541/4749/1638 4563/4772/1660 4562/4771/1659 4540/4748/1637
f 4542/4750/1639 4564/4773/1661 4563/4772/1660 4541/4749/1638
f 4543/4751/1640 4565/4774/1662 4564/4773/1661 4542/4750/1639
f 4544/4752/1641 4566/4775/1663 4565/4774/1662 4543/4751/1640
f 4545/4753/1642 4567/4776/1664 4566/4775/1663 4544/4752/1641
f 4546/4754/1643 4568/4777/1665 4567/4776/1664 4545/4753/1642
f 4547/4755/1644 4569/4778/1666 4568/4777/1665 4546/4754/1643
f 4548/4756/1645 4570/4779/1667 4569/4778/1666 4547/4755/1644
f 4549/4757/1646 4571/4780/1668 4570/4779/1667 4548/4756/1645
f 4550/4758/1647 4572/4781/1669 4571/4780/1668 4549/4757/1646
f 4551/4759/1648 4573/4782/1670 4572/4781/1669 4550/4758/1647
f 4552/4760/1649 4574/4783/1671 4573/4782/1670 4551/4759/1648
f 4553/4761/1650 4575/4784/1672 4574/4783/1671 4552/4760/1649
f 4554/4740/1630 4576/4763/1652 4575/4784/1672 4553/4761/1650
f 4555/4762/1651 4577/4785/1673 4598/4786/1674 4576/4763/1652
f 4556/4764/1653 4578/4787/1675 4577/4788/1673 4555/4765/1651
f 4557/4766/1654 4579/4789/1676 4578/4787/1675 4556/4764/1653
f 4558/4767/1655 4580/4790/1677 4579/4789/1676 4557/4766/1654
f 4559/4768/1656 4581/4791/1678 4580/4790/1677 4558/4767/1655
f 4560/4769/1657 4582/4792/1679 4581/4791/1678 4559/4768/1656
f 4561/4770/1658 4583/4793/1680 4582/4792/1679 4560/4769/1657
f 4562/4771/1659 4584/4794/1681 4583/4793/1680 4561/4770/1658
f 4563/4772/1660 4585/4795/1682 4584/4794/1681 4562/4771/1659
f 4564/4773/1661 4586/4796/1683 4585/4795/1682 4563/4772/1660
f 4565/4774/1662 4587/4797/1684 4586/4796/1683 4564/4773/1661
f 4566/4775/1663 4588/4798/1685 4587/4797/1684 4565/4774/1662
f 4567/4776/1664 4589/4799/1686 4588/4798/1685 4566/4775/1663
f 4568/4777/1665 4590/4800/1687 4589/4799/1686 4567/4776/1664
f 4569/4778/1666 4591/4801/1688 4590/4800/1687 4568/4777/1665
f 4570/4779/1667 4592/4802/1689 4591/4801/1688 4569/4778/1666
f 4571/4780/1668 4593/4803/1690 4592/4802/1689 4570/4779/1667
f 4572/4781/1669 4594/4804/1691 4593/4803/1690 4571/4780/1668
f 4573/4782/1670 4595/4805/1692 4594/4804/1691 4572/4781/1669
f 4574/4783/1671 4596/4806/1693 4595/4805/1692 4573/4782/1670
f 4575/4784/1672 4597/4807/1694 4596/4806/1693 4574/4783/1671
f 4576/4763/1652 4598/4786/1674 4597/4807/1694 4575/4784/1672
f 4577/4785/1673 4599/4808/1695 4620/4809/1696 4598/4786/1674
f 4578/4787/1675 4600/4810/1697 4599/4811/1695 4577/4788/1673
f 4579/4789/1676 4601/4812/1698 4600/4810/1697 4578/4787/1675
f 4580/4790/1677 4602/4813/1699 4601/4812/1698 4579/4789/1676
f 4581/4791/1678 4603/4814/1700 4602/4813/1699 4580/4790/1677
f 4582/4792/1679 4604/4815/1701 4603/4814/1700 4581/4791/1678
f 4583/4793/1680 4605/4816/1702 4604/4815/1701 4582/4792/1679
f 4584/4794/1681 4606/4817/1703 4605/4816/1702 4583/4793/1680
f 4585/4795/1682 4607/4818/1704 4606/4817/1703 4584/4794/1681
f 4586/4796/1683 4608/4819/1705 4607/4818/1704 4585/4795/1682
f 4587/4797/1684 4609/4820/1706 4608/4819/1705 4586/4796/1683
f 4588/4798/1685 4610/4821/1707 4609/4820/1706 4587/4797/1684
f 4589/4799/1686 4611/4822/1708 4610/4821/1707 4588/4798/1685
f 4590/4800/1687 4612/4823/1709 4611/4822/1708 4589/4799/1686
f 4591/4801/1688 4613/4824/1710 4612/4823/1709 4590/4800/1687
f 4592/4802/1689 4614/4825/1711 4613/4824/1710 4591/4801/1688
f 4593/4803/1690 4615/4826/1712 4614/4825/1711 4592/4802/1689
f 4594/4804/1691 4616/4827/1713 4615/4826/1712 4593/4803/1690
f 4595/4805/1692 4617/4828/1714 4616/4827/1713 4594/4804/1691
f 4596/4806/1693 4618/4829/1715 4617/4828/1714 4595/4805/1692
f 4597/4807/1694 4619/4830/1716 4618/4829/1715 4596/4806/1693
f 4598/4786/1674 4620/4809/1696 4619/4830/1716 4597/4807/1694
f 4599/4808/1695 4621/4831/1717 4642/4832/1718 4620/4809/1696
f 4600/4810/1697 4622/4833/1719 4621/4834/1717 4599/4811/1695
f 4601/4812/1698 4623/4835/1720 4622/4833/1719 4600/4810/1697
f 4602/4813/1699 4624/4836/1721 4623/4835/1720 4601/4812/1698
f 4603/4814/1700 4625/4837/1722 4624/4836/1721 4602/4813/1699
f 4604/4815/1701 4626/4838/1723 4625/4837/1722 4603/4814/1700
f 4605/4816/1702 4627/4839/1724 4626/4838/1723 4604/4815/1701
f 4606/4817/1703 4628/4840/1725 4627/4839/1724 4605/4816/1702
f 4607/4818/1704 4629/4841/1726 4628/4840/1725 4606/4817/1703
f 4608/4819/1705 4630/4842/1727 4629/4841/1726 4607/4818/1704
f 4609/4820/1706 4631/4843/1728 4630/4842/1727 4608/4819/1705
f 4610/4821/1707 4632/4844/1729 4631/4843/1728 4609/4820/1706
f 4611/4822/1708 4633/4845/1730 4632/4844/1729 4610/4821/1707
f 4612/4823/1709 4634/4846/1731 4633/4845/1730 4611/4822/1708
f 4613/4824/1710 4635/4847/1732 4634/4846/1731 4612/4823/1709
f 4614/4825/1711 4636/4848/1733 4635/4847/1732 4613/4824/1710
f 4615/4826/1712 4637/4849/1734 4636/4848/1733 4614/4825/1711
f 4616/4827/1713 4638/4850/1735 4637/4849/1734 4615/4826/1712
f 4617/4828/1714 4639/4851/1736 4638/4850/1735 4616/4827/1713
f 4618/4829/1715 4640/4852/1737 4639/4851/1736 4617/4828/1714
f 4619/4830/1716 4641/4853/1738 4640/4852/1737 4618/4829/1715
f 4620/4809/1696 4642/4832/1718 4641/4853/1738 4619/4830/1716
f 4621/4831/1717 4643/4854/1739 4664/4855/1740 4642/4832/1718
f 4622/4833/1719 4644/4856/1741 4643/4857/1739 4621/4834/1717
f 4623/4835/1720 4645/4858/1742 4644/4856/1741 4622/4833/1719
f 4624/4836/1721 4646/4859/1743 4645/4858/1742 4623/4835/1720
f 4625/4837/1722 4647/4860/1744 4646/4859/1743 4624/4836/1721
f 4626/4838/1723 4648/4861/1745 4647/4860/1744 4625/4837/1722
f 4627/4839/1724 4649/4862/1746 4648/4861/1745 4626/4838/1723
f 4628/4840/1725 4650/4863/1747 4649/4862/1746 4627/4839/1724
f 4629/4841/1726 4651/4864/1748 4650/4863/1747 4628/4840/1725
f 4630/4842/1727 4652/4865/1749 4651/4864/1748 4629/4841/1726
f 4631/4843/1728 4653/4866/1750 4652/4865/1749 4630/4842/1727
f 4632/4844/1729 4654/4867/1751 4653/4866/1750 4631/4843/1728
f 4633/4845/1730 4655/4868/1752 4654/4867/1751 4632/4844/1729
f 4634/4846/1731 4656/4869/1753 4655/4868/1752 4633/4845/1730
f 4635/4847/1732 4657/4870/1754 4656/4869/1753 4634/4846/1731
f 4636/4848/1733 4658/4871/1755 4657/4870/1754 4635/4847/1732
f 4637/4849/1734 4659/4872/1756 4658/4871/1755 4636/4848/1733
f 4638/4850/1735 4660/4873/1757 4659/4872/1756 4637/4849/1734
f 4639/4851/1736 4661/4874/1758 4660/4873/1757 4638/4850/1735
f 4640/4852/1737 4662/4875/1759 4661/4874/1758 4639/4851/1736
f 4641/4853/1738 4663/4876/1760 4662/4875/1759 4640/4852/1737
f 4642/4832/1718 4664/4855/1740 4663/4876/1760 4641/4853/1738
f 4643/4854/1739 4665/4877/1761 4686/4878/1762 4664/4855/1740
f 4644/4856/1741 4666/4879/1763 4665/4880/1761 4643/4857/1739
f 4645/4858/1742 4667/4881/1764 4666/4879/1763 4644/4856/1741
f 4646/4859/1743 4668/4882/1765 4667/4881/1764 4645/4858/1742
f 4647/4860/1744 4669/4883/1766 4668/4882/1765 4646/4859/1743
f 4648/4861/1745 4670/4884/1767 4669/4883/1766 4647/4860/1744
f 4649/4862/1746 4671/4885/1768 4670/4884/1767 4648/4861/1745
f 4650/4863/1747 4672/4886/1769 4671/4885/1768 4649/4862/1746
f 4651/4864/1748 4673/4887/1770 4672/4886/1769 4650/4863/1747
f 4652/4865/1749 4674/4888/1771 4673/4887/1770 4651/4864/1748
f 4653/4866/1750 4675/4889/1772 4674/4888/1771 4652/4865/1749
f 4654/4867/1751 4676/4890/1773 4675/4889/1772 4653/4866/1750
f 4655/4868/1752 4677/4891/1774 4676/4890/1773 4654/4867/1751
f 4656/4869/1753 4678/4892/1775 4677/4891/1774 4655/4868/1752
f 4657/4870/1754 4679/4893/1776 4678/4892/1775 4656/4869/1753
f 4658/4871/1755 4680/4894/1777 4679/4893/1776 4657/4870/1754
f 4659/4872/1756 4681/4895/1778 4680/4894/1777 4658/4871/1755
f 4660/4873/1757 4682/4896/1779 4681/4895/1778 4659/4872/1756
f 4661/4874/1758 4683/4897/1780 4682/4896/1779 4660/4873/1757
f 4662/4875/1759 4684/4898/1781 4683/4897/1780 4661/4874/1758
f 4663/4876/1760 4685/4899/1782 4684/4898/1781 4662/4875/1759
f 4664/4855/1740 4686/4878/1762 4685/4899/1782 4663/4876/1760
f 4665/4877/1761 4687/4900/1783 4708/4901/1784 4686/4878/1762
f 4666/4879/1763 4688/4902/1785 4687/4903/1783 4665/4880/1761
f 4667/4881/1764 4689/4904/1786 4688/4902/1785 4666/4879/1763
f 4668/4882/1765 4690/4905/1787 4689/4904/1786 4667/4881/1764
f 4669/4883/1766 4691/4906/1788 4690/4905/1787 4668/4882/1765
f 4670/4884/1767 4692/4907/1789 4691/4906/1788 4669/4883/1766
f 4671/4885/1768 4693/4908/1790 4692/4907/1789 4670/4884/1767
f 4672/4886/1769 4694/4909/1791 4693/4908/1790 4671/4885/1768
f 4673/4887/1770 4695/4910/1792 4694/4909/1791 4672/4886/1769
f 4674/4888/1771 4696/4911/1793 4695/4910/1792 4673/4887/1770
f 4675/4889/1772 4697/4912/1794 4696/4911/1793 4674/4888/1771
f 4676/4890/1773 4698/4913/1795 4697/4912/1794 4675/4889/1772
f 4677/4891/1774 4699/4914/1796 4698/4913/1795 4676/4890/1773
f 4678/4892/1775 4700/4915/1797 4699/4914/1796 4677/4891/1774
f 4679/4893/1776 4701/4916/1798 4700/4915/1797 4678/4892/1775
f 4680/4894/1777 4702/4917/1799 4701/4916/1798 4679/4893/1776
f 4681/4895/1778 4703/4918/1800 4702/4917/1799 4680/4894/1777
f 4682/4896/1779 4704/4919/1801 4703/4918/1800 4681/4895/1778
f 4683/4897/1780 4705/4920/1802 4704/4919/1801 4682/4896/1779
f 4684/4898/1781 4706/4921/1803 4705/4920/1802 4683/4897/1780
f 4685/4899/1782 4707/4922/1804 4706/4921/1803 4684/4898/1781
f 4686/4878/1762 4708/4901/1784 4707/4922/1804 4685/4899/1782
f 4687/4900/1783 4709/4923/1805 4730/4924/1806 4708/4901/1784
f 4688/4902/1785 4710/4925/1807 4709/4926/1805 4687/4903/1783
f 4689/4904/1786 4711/4927/1808 4710/4925/1807 4688/4902/1785
f 4690/4905/1787 4712/4928/1809 4711/4927/1808 4689/4904/1786
f 4691/4906/1788 4713/4929/1810 4712/4928/1809 4690/4905/1787
f 4692/4907/1789 4714/4930/1811 4713/4929/1810 4691/4906/1788
f 4693/4908/1790 4715/4931/1812 4714/4930/1811 4692/4907/1789
f 4694/4909/1791 4716/4932/1813 4715/4931/1812 4693/4908/1790
f 4695/4910/1792 4717/4933/1814 4716/4932/1813 4694/4909/1791
f 4696/4911/1793 4718/4934/1815 4717/4933/1814 4695/4910/1792
f 4697/4912/1794 4719/4935/1816 4718/4934/1815 4696/4911/1793
f 4698/4913/1795 4720/4936/1817 4719/4935/1816 4697/4912/1794
f 4699/4914/1796 4721/4937/1818 4720/4936/1817 4698/4913/1795
f 4700/4915/1797 4722/4938/1819 4721/4937/1818 4699/4914/1796
f 4701/4916/1798 4723/4939/1820 4722/4938/1819 4700/4915/1797
f 4702/4917/1799 4724/4940/1821 4723/4939/1820 4701/4916/1798
f 4703/4918/1800 4725/4941/1822 4724/4940/1821 4702/4917/1799
f 4704/4919/1801 4726/4942/1823 4725/4941/1822 4703/4918/1800
f 4705/4920/1802 4727/4943/1824 4726/4942/1823 4704/4919/1801
f 4706/4921/1803 4728/4944/1825 4727/4943/1824 4705/4920/1802
f 4707/4922/1804 4729/4945/1826 4728/4944/1825 4706/4921/1803
f 4708/4901/1784 4730/4924/1806 4729/4945/1826 4707/4922/1804
f 4709/4923/1805 4731/4946/1827 4752/4947/1828 4730/4924/1806
f 4710/4925/1807 4732/4948/1829 4731/4949/1827 4709/4926/1805
f 4711/4927/1808 4733/4950/1830 4732/4948/1829 4710/4925/1807
f 4712/4928/1809 4734/4951/1831 4733/4950/1830 4711/4927/1808
f 4713/4929/1810 4735/4952/1832 4734/4951/1831 4712/4928/1809
f 4714/4930/1811 4736/4953/1833 4735/4952/1832 4713/4929/1810
f 4715/4931/1812 4737/4954/1834 4736/4953/1833 4714/4930/1811
f 4716/4932/1813 4738/4955/1835 4737/4954/1834 4715/4931/1812
f 4717/4933/1814 4739/4956/1836 4738/4955/1835 4716/4932/1813
f 4718/4934/1815 4740/4957/1837 4739/4956/1836 4717/4933/1814
f 4719/4935/1816 4741/4958/1838 4740/4957/1837 4718/4934/1815
f 4720/4936/1817 4742/4959/1839 4741/4958/1838 4719/4935/1816
f 4721/4937/1818 4743/4960/1840 4742/4959/1839 4720/4936/1817
f 4722/4938/1819 4744/4961/1841 4743/4960/1840 4721/4937/1818
f 4723/4939/1820 4745/4962/1842 4744/4961/1841 4722/4938/1819
f 4724/4940/1821 4746/4963/1843 4745/4962/1842 4723/4939/1820
f 4725/4941/1822 4747/4964/1844 4746/4963/1843 4724/4940/1821
f 4726/4942/1823 4748/4965/1845 4747/4964/1844 4725/4941/1822
f 4727/4943/1824 4749/4966/1846 4748/4965/1845 4726/4942/1823
f 4728/4944/1825 4750/4967/1847 4749/4966/1846 4727/4943/1824
f 4729/4945/1826 4751/4968/1848 4750/4967/1847 4728/4944/1825
f 4730/4924/1806 4752/4947/1828 4751/4968/1848 4729/4945/1826
