# Blender v2.80 (sub 41) OBJ File: ''
# www.blender.org
mtllib it041fout.mtl
o rdmobj01.003
v -26.136000 54.292400 -2.959291
v -16.785400 51.301601 -2.944092
v -27.359699 53.898602 -1.006691
v -18.118401 51.654900 -0.975592
v -21.175900 69.453903 -1.006689
v -13.701400 64.661697 -0.935289
v -20.241400 69.122200 -2.959289
v -12.068600 63.852600 -3.006190
v 16.831200 51.355499 -2.948692
v 25.421801 54.003799 -2.955291
v 17.848600 51.716900 -0.892892
v 27.357901 53.898602 -1.006691
v 16.545601 52.757900 -2.988391
v 26.857100 59.729198 -2.490290
v 28.888399 59.996201 -0.511290
v 24.617800 65.365501 -2.490289
v 26.500900 65.999298 -0.511289
v 19.615400 68.607101 -2.955289
v 21.174101 69.453903 -1.006689
v 12.467100 64.141197 -2.963890
v 13.683800 62.490700 -3.123990
v 15.722100 57.997799 -3.164290
v 16.452101 26.091600 -1.269296
v 15.551100 26.091600 -3.577696
v 23.496300 23.273399 -2.109996
v 22.140400 23.273399 -4.610896
v -23.498100 23.273399 -2.267396
v -22.142200 23.273399 -4.828496
v -16.453899 26.091600 -1.269296
v -15.500000 26.091600 -3.715996
v 13.856600 64.944801 -0.899489
v -9.519000 83.267097 -2.580886
v -6.604300 68.434502 -2.546489
v -10.136100 85.092796 -0.331386
v -6.763000 69.513298 -1.006689
v -3.911800 88.366798 -0.331386
v -3.911800 86.541000 -2.580886
v -0.000900 70.273804 -2.524688
v 3.910000 86.541000 -2.580886
v 6.015400 68.628700 -2.279989
v 4.960900 85.926201 -2.580886
v 7.877400 77.924698 -2.578887
v 6.706600 69.572601 -0.974889
v 8.422200 77.336800 -0.652787
v 10.134300 85.092796 -0.331386
v 9.517200 83.267097 -1.243486
v 3.910000 88.366798 -0.331386
v 25.162600 39.181999 -2.109993
v 26.178301 38.111401 -2.109994
v 23.760799 38.122200 -4.356894
v 24.513700 36.935600 -4.491194
v 23.656799 30.945900 -4.331095
v 25.162600 30.945900 -2.109995
v 18.647400 39.181999 -1.269294
v 16.979300 38.300201 -4.544694
v 16.131201 30.945900 -4.353595
v 2.968500 10.455402 -9.724498
v 3.232900 13.540602 -9.208598
v 6.276300 11.995302 -9.523398
v 3.259400 8.527202 -8.819699
v 6.942800 10.784401 -8.110599
v 8.815400 16.749802 -8.696597
v 7.226700 16.288603 -8.731697
v 7.013400 18.125202 -9.885897
v 11.091800 18.063202 -7.712397
v 7.341300 18.918102 -9.880597
v 7.718700 20.207102 -9.414997
v 3.654400 21.976301 -10.322496
v 3.571500 20.617102 -10.861496
v 3.488600 19.813402 -10.854897
v 3.307000 18.597101 -9.280697
v 3.194100 15.414902 -9.742397
v 5.890200 14.721801 -8.670797
v -0.000900 22.024801 -10.803296
v -0.000900 20.927202 -11.456196
v -0.000900 20.182901 -11.562697
v -0.000900 19.158102 -9.918997
v -0.000900 15.255802 -10.021497
v -0.000900 12.720702 -9.745698
v -0.000900 10.280102 -10.284098
v -0.000900 7.866501 -8.951299
v 3.220600 6.758101 -7.257999
v -0.000900 5.986801 -7.177999
v 3.472700 2.950101 -5.367599
v -0.000900 1.377901 -4.786200
v 5.361200 7.755901 -6.580698
v 8.508600 11.625801 -6.235398
v 9.460800 15.185601 -8.111197
v 11.592600 16.682402 -6.071997
v 12.632900 21.569002 -7.333396
v 14.586600 23.273401 -6.050896
v 13.020800 23.273401 -8.389696
v 14.651800 30.945902 -8.379095
v 12.417800 31.307302 -10.458695
v 13.833700 34.570499 -8.885095
v 15.083800 34.589298 -7.257294
v 13.734900 36.687500 -9.549194
v 15.309500 39.181999 -8.761394
v 13.574500 40.667999 -9.987793
v 11.548500 39.457100 -9.953994
v 10.076200 40.600601 -10.823793
v 11.114700 43.205704 -12.566693
v 7.383700 41.110298 -11.378094
v 7.759200 43.807102 -13.783093
v 4.098700 42.776905 -14.656894
v 4.901000 40.641003 -12.226693
v 2.859100 39.354603 -12.495994
v 1.113500 40.608704 -14.728293
v 1.949300 38.065502 -11.973393
v 1.452000 36.034805 -12.308094
v 0.997100 35.069405 -13.527794
v 1.799400 35.263504 -11.958195
v 0.886000 30.945902 -13.589295
v 2.009200 30.945902 -12.354395
v 15.492900 41.147999 -8.656293
v 12.036900 47.418201 -11.348392
v 9.385000 47.418205 -13.815493
v 6.503800 47.418205 -15.362593
v 3.624400 47.418205 -16.321093
v 1.549000 47.418205 -16.502993
v -0.000900 47.418205 -16.705992
v -0.000900 40.668003 -14.874494
v -0.000900 34.991203 -13.999394
v -0.000900 30.945902 -14.046395
v -0.000900 28.367702 -14.283795
v 1.249300 28.313803 -13.812895
v -0.000900 26.674103 -14.296395
v 1.735900 26.172503 -13.540396
v -0.000900 25.425503 -13.216896
v -0.000900 24.786402 -11.647296
v 2.093900 25.584602 -11.477296
v 2.115000 29.255001 -13.300896
v 3.421600 28.416302 -12.889495
v 3.844800 27.685402 -12.749895
v 3.761900 26.609402 -12.301496
v 4.592400 25.973001 -11.274897
v 8.722000 24.203802 -10.715396
v 10.709200 19.495201 -7.454397
v 9.118700 26.927603 -11.285495
v 7.783900 28.561901 -11.606296
v 6.168800 28.642801 -11.653895
v 7.022200 33.262501 -11.421094
v 5.768500 33.389198 -11.700194
v 4.934500 34.848206 -12.288294
v 4.819900 33.685905 -11.901295
v 2.577000 36.644302 -12.181794
v 4.232700 29.794401 -11.805395
v 4.687600 28.033302 -11.573895
v 9.758800 38.135700 -11.030893
v 12.059800 37.248402 -10.811295
v 10.610400 37.051498 -10.649895
v 9.979200 36.172401 -10.715994
v 10.672100 35.438801 -11.153194
v 8.850700 35.333698 -10.962694
v 9.150400 34.697201 -11.384694
v 7.415400 34.516502 -11.872194
v 7.392500 34.972301 -11.378095
v 5.888400 35.387600 -11.622894
v 9.289700 33.575298 -10.854294
v 11.640200 34.850899 -10.325794
v 9.358500 28.575401 -11.179695
v 3.753100 38.329803 -12.694993
v 7.161500 39.643204 -12.660693
v 9.748200 39.260204 -11.774993
v 9.004100 38.497002 -11.321194
v 7.210900 38.642704 -11.942293
v 5.530500 37.901005 -11.977994
v 3.797200 36.528404 -11.817994
v 4.633000 35.735504 -11.827894
v 5.158400 36.450104 -11.740594
v -24.873501 30.945900 -2.267395
v -25.986099 38.354099 -2.267394
v -24.326799 37.296902 -4.717994
v -25.159100 39.181999 -2.267394
v -23.686800 38.116798 -4.683694
v -23.367599 30.945900 -4.548095
v -16.132999 30.945900 -5.196295
v -16.981100 38.300201 -5.387394
v -18.649099 39.181999 -1.269294
v 17.612301 30.945900 -1.269295
v -17.614100 30.945900 -1.269295
v -28.888399 59.996201 -0.511290
v -18.104300 52.857700 -0.949091
v -16.915899 57.773998 -0.837391
v -26.502701 65.999298 -0.511289
v 17.603500 52.836102 -0.957691
v 16.905300 57.749699 -0.855891
v -0.000900 71.500801 -0.935288
v -15.311300 39.181999 -8.761394
v -15.085600 34.589298 -7.257294
v -14.667700 36.566101 -8.579595
v -13.835400 34.570499 -8.885095
v -14.653600 30.945902 -8.379095
v -6.078800 38.977104 -12.881594
v -6.276300 37.946903 -12.120894
v -8.399300 38.470104 -11.844394
v -6.904100 37.636700 -11.647294
v -5.839000 36.838501 -11.494494
v -7.965500 36.887001 -10.788795
v -6.798300 36.075298 -11.311995
v -7.963800 35.867599 -11.119494
v -8.029000 35.287800 -11.592394
v -8.907100 36.042900 -10.872794
v -10.003900 36.997601 -10.696795
v -9.573600 35.724701 -11.262394
v -11.416200 36.949100 -10.867495
v -11.603100 35.697701 -11.136694
v -12.624100 36.717098 -10.795394
v -12.557100 34.735001 -9.426194
v -11.902900 31.679502 -10.589695
v -13.022600 23.273401 -8.389696
v -14.588300 23.273401 -6.050896
v -9.624800 34.705299 -11.606295
v -9.589500 33.359600 -11.178394
v -9.385000 28.756102 -11.168395
v -9.120500 26.927603 -11.285495
v -8.723700 24.203802 -10.715396
v -7.314900 28.675201 -11.622195
v -6.902300 32.990105 -11.811995
v -6.620200 34.395203 -12.033594
v -5.865500 35.673504 -11.941694
v -4.599500 36.296402 -11.933694
v -3.998200 37.553104 -13.148094
v -3.319300 38.888103 -12.276393
v -5.038500 39.969505 -12.025693
v -8.258200 39.500305 -12.529694
v -7.420700 40.692303 -11.869594
v -4.100500 42.563904 -14.656894
v -7.715200 42.731102 -13.603193
v -3.626100 47.418205 -16.321093
v -1.550800 47.418205 -16.502993
v -5.683900 33.187004 -11.874894
v -4.527200 35.188004 -12.488694
v -3.310500 36.207405 -12.747294
v -1.774700 36.226303 -12.448295
v -2.268400 35.285103 -11.954894
v -2.011000 30.945902 -12.354395
v -4.647100 33.516003 -11.841094
v -1.660100 40.579002 -14.656894
v -1.115300 40.608704 -14.728293
v -0.998900 35.069405 -13.527794
v -0.887800 30.945902 -13.589295
v -2.116800 29.255001 -12.788295
v -1.251000 28.313803 -13.812895
v -1.737700 26.172503 -13.540396
v -3.423400 28.416302 -12.773795
v -4.234500 29.794401 -11.805395
v -4.472500 27.593801 -11.499195
v -4.051100 25.568401 -11.259096
v -3.656100 21.976301 -10.322496
v -1.951100 25.420101 -11.460096
v -3.419800 26.453001 -12.498595
v -3.846600 27.685402 -12.633495
v -0.690300 47.709404 -16.544592
v -0.000900 47.720203 -16.631992
v -3.573300 20.617102 -10.861496
v -3.490400 19.813402 -10.854897
v -3.308800 18.597101 -9.280697
v -3.195900 15.414902 -9.742397
v -3.238200 13.357202 -9.156298
v -2.970200 10.423002 -9.717198
v -3.261200 8.527202 -8.819699
v -3.222400 6.758101 -7.257999
v -3.474500 2.950101 -5.367599
v -0.000900 -0.000200 -0.003900
v -3.959400 1.572100 -0.003900
v -5.724400 4.829801 -5.359599
v -6.547900 3.451700 -0.003899
v -9.884000 9.832401 -4.237799
v -11.238100 9.832400 -0.003898
v -13.701400 16.682400 -3.850197
v -14.620100 16.682400 -0.003897
v -17.395500 23.273399 -0.003896
v -18.393499 29.635300 -0.003895
v -18.904800 40.945801 -0.003893
v -16.820601 41.067101 -5.290894
v -17.520700 42.865898 -3.280093
v -18.903000 42.156601 -0.003893
v -5.728000 8.454401 -6.933898
v -6.944600 10.784401 -8.110599
v -6.278100 11.995302 -9.523398
v -5.512800 14.004401 -8.655598
v -5.415900 15.811302 -9.198697
v -5.320600 17.356602 -9.007497
v -5.444100 18.877602 -10.318497
v -5.685600 19.665102 -10.311897
v -7.720400 20.207102 -9.414997
v -10.710900 19.495201 -7.454397
v -12.634700 21.569002 -7.333396
v -11.594300 16.682402 -6.071997
v -13.713800 16.776800 -3.881997
v -10.270100 14.473701 -6.143497
v -9.462500 15.185601 -8.111197
v -8.510400 11.625801 -6.235398
v -8.817200 16.749802 -8.696597
v -6.699500 15.139802 -8.810397
v -7.284900 16.145702 -8.740897
v -7.015100 18.125202 -9.885897
v -7.343100 18.918102 -9.880597
v -11.093600 18.063202 -7.712397
v -0.000900 52.658104 -15.418891
v -0.889600 52.490902 -15.347391
v -0.000900 53.483303 -15.215792
v -1.489100 53.302605 -15.071591
v -0.000900 59.613205 -12.517791
v -3.128900 58.779903 -12.324591
v -3.486900 65.114700 -7.959789
v -0.000900 65.511200 -8.259390
v -4.488400 68.763496 -2.866689
v -0.000900 69.402702 -3.621389
v -7.336100 67.514900 -3.522189
v -11.515000 63.612598 -3.622690
v -7.771600 61.980999 -7.795690
v -7.001000 56.641304 -11.847091
v -11.999900 58.860802 -7.592690
v -13.167200 61.196301 -3.959390
v -3.404000 53.068005 -14.967792
v -6.815900 51.889503 -14.445191
v -9.411400 54.491905 -11.724092
v -11.118200 51.668400 -11.335792
v -9.386700 47.418205 -13.815493
v -6.505600 47.418205 -15.362593
v -1.542000 48.256905 -16.298592
v -2.157400 49.408405 -15.963192
v -2.217300 50.627403 -15.660992
v -1.504900 51.789703 -15.439391
v -14.341500 58.321400 -4.010291
v -16.159401 52.728199 -3.842991
v -13.579800 52.817200 -8.528591
v -14.741800 47.418201 -8.615293
v -12.038700 47.418201 -11.348392
v -13.551500 40.667999 -10.799394
v -15.492900 41.147999 -8.656293
v -16.702499 47.364201 -4.551992
v -17.240299 47.350700 -3.438192
v -9.386700 39.349205 -12.405293
v -9.906900 40.611401 -11.235893
v -11.379200 42.321102 -12.376893
v -12.146200 39.610802 -10.456694
v -11.654300 38.267803 -11.729993
v -10.617500 37.717701 -11.219995
v -9.288000 37.550400 -11.118794
v -8.210600 38.033199 -11.495894
v -2.450100 38.049404 -12.210894
v 0.998900 48.273003 -16.365393
v 1.529600 49.292404 -16.046593
v 1.510200 51.131702 -15.599391
v 3.402200 53.068005 -14.967792
v 0.600400 52.323704 -15.423491
v 1.487300 53.302605 -15.071591
v 3.127100 58.779903 -12.324591
v 6.999300 56.641304 -11.847091
v 6.814100 51.889503 -14.445191
v 9.409600 54.491905 -11.724092
v 7.769800 61.980999 -7.795690
v 3.485100 65.114700 -7.959789
v 2.899700 68.898399 -3.518189
v 6.629000 67.531097 -3.995089
v 11.245200 64.478302 -3.753690
v 12.248500 58.860802 -7.592690
v 13.098400 61.012901 -4.945590
v 14.077000 58.429298 -5.178391
v 13.578000 52.817200 -8.528591
v 15.450600 52.714699 -5.070591
v 14.782300 47.418201 -8.615293
v 16.804800 47.364201 -4.424993
v 17.035801 42.717602 -4.506993
v 11.116500 51.668400 -11.335792
v 3.957600 1.572100 -0.003900
v 6.546100 3.451700 -0.003899
v 5.722700 4.829801 -5.359599
v 11.236400 9.832400 -0.003898
v 9.882200 9.832401 -4.237799
v 14.618300 16.682400 -0.003897
v 13.699700 16.682400 -3.850197
v 17.393700 23.273399 -0.003896
v 18.391701 29.635300 -0.003895
v 18.903099 40.945801 -0.003893
v 17.116899 41.050900 -4.536793
v 18.910101 42.013699 -0.003893
v 10.268400 14.473701 -6.143497
v -27.595900 60.106701 -2.486990
v -16.716600 52.763302 -3.114691
v -14.858100 58.202801 -3.220490
v -25.319599 65.829399 -2.486989
v -13.422800 61.708599 -3.162290
v -22.133301 26.571701 -9.924295
v -21.122999 26.261501 -9.718596
v -22.657000 22.243202 -10.938896
v -21.694300 22.243202 -10.674996
v -22.337900 17.885202 -9.944098
v -21.278200 18.211502 -9.728498
v -21.207600 14.530301 -7.062898
v -20.066799 15.188301 -7.072098
v -19.327999 13.338300 -2.875898
v -18.315901 14.098801 -3.242398
v -17.982599 14.530300 1.310302
v -17.099199 15.188300 0.587403
v -17.042801 17.790800 3.954103
v -16.254601 18.171000 2.969903
v -16.956400 22.243200 4.646004
v -16.201700 22.243200 3.565904
v -17.823900 26.574400 3.328404
v -17.173300 26.261499 2.516804
v -19.107599 29.039301 1.202505
v -18.372299 28.491800 0.601305
v -19.387899 29.298201 -2.602795
v -20.190201 29.896799 -2.222395
v -19.647100 29.141703 -6.943795
v -20.563999 29.670301 -6.935895
v -19.322701 27.823002 -6.251295
v -20.601101 25.484802 -8.479696
v -21.142401 22.243202 -9.344796
v -20.731600 19.023201 -8.430098
v -19.663000 16.830702 -6.209597
v -18.234800 15.994701 -3.271497
v -17.340799 16.830700 -0.333997
v -16.732500 19.117599 1.395703
v -16.766001 22.243200 1.752204
v -17.566500 25.479401 1.219104
v -18.573299 27.124500 -0.165296
v -19.393200 27.796000 -2.824996
v -20.227301 27.307899 -2.564996
v -19.502600 26.687599 -0.075996
v -18.585699 25.228600 1.129104
v -18.009100 22.245899 1.684104
v -17.979099 19.368401 1.389703
v -18.538099 17.262199 -0.169997
v -19.361500 16.490900 -2.876597
v -20.678699 17.262199 -5.582597
v -21.518000 19.282103 -7.679996
v -21.798300 22.245901 -8.558996
v -21.357500 25.234001 -7.740196
v -20.167299 27.386101 -5.692396
v -19.148100 28.119600 -2.876595
v -18.155399 28.621300 -3.216595
v -18.224199 30.252800 -3.191395
v -19.095200 30.905500 -2.875895
v 18.046101 29.530100 -3.360095
v 18.781401 30.244699 -2.875895
v 20.227301 28.621302 -6.799595
v 21.144199 29.263102 -6.593195
v 22.006399 25.797703 -9.301796
v 23.048500 26.204903 -9.300496
v 22.925100 21.830603 -10.152496
v 23.952999 21.911503 -10.219296
v 22.672899 17.788101 -9.250897
v 23.700899 17.564201 -9.249598
v 23.152500 15.574001 -8.174097
v 22.055799 15.967701 -8.293797
v 21.232300 14.622001 -6.911397
v 22.396099 14.053001 -6.672597
v 19.606600 13.397601 -3.438198
v 20.581699 12.712700 -2.875898
v 17.771000 14.346900 0.034402
v 18.541599 13.748200 0.920802
v 16.429199 17.219101 2.014803
v 17.032200 16.884600 3.137203
v 16.025400 21.272400 2.945404
v 16.545601 21.312799 4.154503
v 16.607300 25.379700 2.590904
v 17.085100 25.751801 3.577104
v 18.111300 27.898500 -3.398495
v 19.849899 27.167702 -6.140196
v 21.279900 24.932001 -8.149596
v 22.091000 21.765902 -8.917496
v 21.870600 18.483902 -8.167497
v 21.306400 17.113901 -7.370397
v 20.534100 16.213102 -6.147397
v 19.382700 15.282701 -3.483098
v 18.062000 16.018999 -0.819497
v 17.136299 18.225000 0.568203
v 16.938801 21.342501 1.282604
v 17.360201 24.603001 1.320904
v 19.015900 27.111000 -0.653496
v 18.545099 28.483700 0.078105
v 19.114599 29.095900 0.836705
v 20.251900 30.155701 -2.149695
v 19.534300 29.449200 -2.698695
v 19.682400 27.831100 -2.876595
v 20.520000 27.318701 -2.394395
v 19.897499 26.663401 -0.390196
v 18.416401 24.389900 1.412204
v 18.159000 21.445000 1.391703
v 18.337000 18.615999 0.744103
v 19.162300 16.615000 -0.461697
v 20.359501 15.948800 -2.877297
v 21.403400 16.792999 -5.293497
v 22.024000 17.577702 -6.477497
v 22.434900 18.837202 -7.235497
v 22.621799 21.811802 -7.924097
v 21.944700 24.686602 -7.191796
v 20.659300 26.717300 -5.361596
v 19.081100 27.378000 -2.877295
v -21.050699 29.298201 -2.001495
v -21.188200 27.796000 -2.175495
v -20.056200 28.491800 1.209805
v -20.393000 27.124500 0.492804
v -19.370300 25.479401 1.871204
v -18.952400 22.243200 2.543303
v -18.918900 19.117599 2.186803
v -19.527201 16.830700 0.457103
v -20.421200 15.994700 -2.480397
v -21.849501 16.830700 -5.418497
v -22.604099 19.023201 -7.752097
v -22.801600 22.243202 -8.744896
v -22.387300 25.484802 -7.833395
v -21.078899 27.823000 -5.615595
v -18.841299 26.261499 3.120704
v -18.226000 22.243200 4.298104
v -18.278900 18.171000 3.702803
v -19.123501 15.188300 1.319602
v -20.340099 14.098800 -2.510198
v -22.091000 15.188301 -6.339898
v -23.013201 18.211502 -9.100797
v -23.228300 22.243202 -10.120096
v -22.778700 26.261501 -9.119996
v -21.272900 29.141703 -6.355795
v -19.966299 30.252800 -2.561095
v -20.036800 28.621300 -2.535895
v 19.620701 29.654100 -2.392395
v 19.812901 28.033300 -2.353395
v 21.808901 28.747999 -5.828595
v 21.556801 27.302500 -5.090396
v 22.960300 25.064102 -7.118396
v 23.642700 21.887302 -7.964396
v 23.450500 18.607903 -7.196497
v 23.085501 17.254103 -6.277697
v 22.512400 16.369600 -4.932997
v 21.361000 15.439100 -2.268697
v 20.038601 16.175400 0.395603
v 19.112900 18.381399 1.783303
v 18.915400 21.498899 2.497004
v 19.097000 24.740499 2.387804
v 20.710400 27.245899 0.387004
v 23.561600 25.921701 -8.346696
v 24.360300 21.943901 -9.269396
v 24.136400 17.904001 -8.351997
v 23.702700 16.099901 -7.282497
v 23.062599 14.764901 -5.786898
v 21.436899 13.543300 -2.313698
v 19.601299 14.492600 1.159502
v 18.259501 17.362000 3.139203
v 17.855700 21.415300 4.069903
v 18.215401 25.506399 3.578404
v 20.112600 28.610500 1.041805
v 21.140600 29.575899 -1.711095
v 21.417500 27.968599 -1.810295
v -18.896000 47.307598 -0.003892
v -7.588200 67.671303 -3.231089
v -18.749599 52.873798 -0.003891
v -17.636999 57.625599 -0.003891
v -14.434900 65.025703 -0.003889
v -9.704100 69.429703 -0.003889
v -0.000900 72.021301 -0.003888
v 7.235500 67.997704 -3.231089
v 11.587300 64.726402 -3.354789
v 13.458100 61.921700 -3.827690
v 14.821100 58.254002 -4.196791
v 15.725700 52.698502 -4.561291
v 9.702300 69.429703 -0.003889
v 18.936600 47.307598 -0.003892
v 18.331800 52.873798 -0.003891
v 17.487200 57.623001 -0.003891
v 14.683600 65.025703 -0.003889
v 7.378400 21.814501 -4.631397
v 7.806800 38.216599 -6.603794
v -0.000900 18.669901 -5.048797
v -0.000900 37.348202 -7.140894
v -0.000900 46.425701 -7.140893
v 12.788100 46.776299 -2.273392
v 10.185500 53.262199 -3.117391
v 8.365800 57.407200 -3.287991
v 5.694500 60.193001 -3.240990
v 0.011500 62.026901 -3.131190
v -5.821400 60.538200 -3.139790
v -8.975900 58.183899 -3.002290
v 12.100400 53.666698 -1.069491
v 9.936900 58.599201 -1.272591
v 6.759500 61.913601 -1.216990
v -0.000900 64.092598 -1.086089
v -6.941100 62.323502 -1.096590
v -10.691500 59.521500 -0.932590
v -10.950700 53.734100 -2.811091
v -13.052500 46.768200 -2.205192
v -7.808600 38.216599 -6.603794
v -7.380100 21.814501 -4.631397
v 15.284800 45.951099 -1.038393
v 14.886300 39.084900 -1.273894
v 14.757600 24.956301 -1.607896
v 5.546300 7.645300 -1.607899
v -0.000900 4.630301 -1.607899
v -5.548100 7.645300 -1.607899
v -14.759400 24.956301 -1.607896
v -14.888100 39.084900 -1.273894
v -15.286600 45.951099 -1.038393
v -13.040200 54.227600 -0.705691
v 6.283400 36.741405 -12.442394
v 7.233800 37.483006 -12.260494
v 7.292000 36.285603 -12.249194
v 8.413400 37.547802 -12.035594
v 8.395800 36.382706 -12.038895
v 9.081700 37.046104 -11.907894
v -0.658600 51.692604 -16.498993
v 0.053800 51.716904 -16.494993
v -1.141700 51.201805 -16.592293
v 0.533400 51.177505 -16.596893
v 0.600400 49.707806 -16.874693
v -1.132900 49.732002 -16.870092
v 0.053800 48.898705 -17.027493
v -0.655100 48.906803 -17.026793
v 9.989800 44.427402 -13.263892
v 10.185500 43.850204 -12.905394
v 9.704100 43.960804 -13.509892
v 9.649500 43.432205 -13.250693
v 9.143400 43.941902 -13.665993
v 9.088700 43.413403 -13.406794
v 9.221000 42.998005 -12.744694
v 9.868100 43.259605 -12.690393
v 9.332100 44.912804 -13.370993
v 9.392000 44.648502 -13.555593
v 8.566800 44.602703 -13.435192
v 8.744900 44.386906 -13.609793
v 8.189500 43.901505 -13.181193
v 8.425700 43.793602 -13.394894
v 8.422200 43.221905 -12.757194
v 8.623200 43.219204 -13.036393
v 9.129300 42.960304 -12.411993
v 10.039100 44.651203 -13.026392
v 10.271900 43.968903 -12.602392
v 9.894500 43.270405 -12.347794
v 6.865300 44.373405 -14.414092
v 7.061000 43.799004 -14.055593
v 6.579600 43.906902 -14.660192
v 6.525000 43.378304 -14.400893
v 6.018900 43.888004 -14.816294
v 5.964200 43.362103 -14.556993
v 6.096500 42.944103 -13.894894
v 6.743600 43.205704 -13.840693
v 6.207600 44.858902 -14.521993
v 6.267500 44.594604 -14.705792
v 5.442300 44.548702 -14.586092
v 5.620400 44.333004 -14.760093
v 5.065000 43.850204 -14.331493
v 5.301200 43.742405 -14.545094
v 5.299500 43.167904 -13.907494
v 5.498700 43.165203 -14.186593
v 6.004800 42.906403 -13.562193
v 6.914600 44.597305 -14.176692
v 7.147400 43.917706 -13.752692
v 6.770000 43.216503 -13.497993
v -0.090800 42.197105 -15.479693
v 0.203700 41.574104 -15.278593
v -0.469900 41.754803 -15.655693
v -0.448700 41.191204 -15.449993
v -1.060600 41.754803 -15.595493
v -1.039400 41.191204 -15.389093
v -0.686800 40.692303 -14.861294
v -0.043200 40.951202 -15.022694
v -0.730900 42.701405 -15.283294
v -0.753800 42.456005 -15.507493
v -1.490800 42.396706 -15.092793
v -1.397400 42.197105 -15.346093
v -1.783500 41.657703 -14.789793
v -1.644200 41.574104 -15.090094
v -1.436200 40.921505 -14.552393
v -1.349800 40.951202 -14.889693
v -0.651500 40.616703 -14.519294
v 0.053800 42.396706 -15.250194
v 0.401100 41.657703 -15.013393
v 0.108400 40.921505 -14.710493
v 9.711200 49.839905 -13.480791
v 10.111400 48.669502 -13.299592
v 9.392000 49.392204 -14.447892
v 9.332100 48.391705 -14.562992
v 8.376400 49.529804 -15.119892
v 8.316400 48.529205 -15.235692
v 8.427500 47.315704 -14.533193
v 9.578900 47.623104 -13.736193
v 8.297000 50.748703 -13.512591
v 8.612700 50.452103 -14.172091
v 6.879400 50.371204 -14.492891
v 7.461200 50.147305 -14.969791
v 6.225200 49.087505 -15.029292
v 6.928700 49.101006 -15.405592
v 6.717100 47.644703 -14.806993
v 7.329000 47.927902 -15.225092
v 8.067800 46.892303 -13.957092
v 9.645900 49.996304 -12.662591
v 10.137900 48.556202 -12.440392
v 9.483700 47.269802 -12.976792
v 12.627600 28.702202 -9.965896
v 12.809200 27.804102 -9.619995
v 12.327800 28.160103 -10.522895
v 12.193800 27.367203 -10.366096
v 11.610200 28.205902 -10.897895
v 11.478000 27.413101 -10.740496
v 11.478000 26.631002 -9.961295
v 12.333100 26.943802 -9.618695
v 11.751300 29.419502 -10.142495
v 11.894100 29.117502 -10.452795
v 10.740900 29.050001 -10.547996
v 11.038900 28.804602 -10.795995
v 10.176700 28.033302 -10.545995
v 10.562800 27.947002 -10.794095
v 10.391800 26.970802 -10.136595
v 10.744400 27.046303 -10.448095
v 11.259300 26.477303 -9.561095
v 12.618800 28.928701 -9.566395
v 12.833900 27.863401 -9.157695
v 12.271400 26.849401 -9.154995
vt 0.546900 -0.075700
vt 0.572800 -0.224700
vt 0.522500 -0.075700
vt 0.548300 -0.212000
vt 0.776900 -0.075700
vt 0.751000 -0.208700
vt 0.755400 -0.075700
vt 0.729500 -0.223100
vt 0.809600 -0.304000
vt 0.793000 -0.186300
vt 0.785200 -0.291500
vt 0.771000 -0.186300
vt 0.826700 -0.298600
vt 0.850100 -0.148600
vt 0.774900 -0.167500
vt 0.843300 -0.122400
vt 0.922400 -0.148600
vt 0.929200 -0.122400
vt 0.980000 -0.186300
vt 0.999000 -0.167500
vt 0.963900 -0.302200
vt 0.934100 -0.294700
vt 0.885300 -0.292000
vt 0.500000 -0.959500
vt 0.490200 -0.959500
vt 0.606900 -0.998500
vt 0.586900 -0.998500
vt 0.606900 -0.998500
vt 0.586900 -0.998500
vt 0.500000 -0.959500
vt 0.489700 -0.959500
vt 0.985400 -0.288100
vt 0.999000 -0.186300
vt 0.760300 -0.076600
vt 0.722700 -0.303200
vt 0.787600 -0.082000
vt 0.741700 -0.294200
vt 0.776400 -0.056600
vt 0.698200 -0.004500
vt 0.695300 -0.033700
vt 0.654800 -0.277600
vt 0.612800 -0.033700
vt 0.577600 -0.301300
vt 0.599600 -0.041800
vt 0.554200 -0.159100
vt 0.560100 -0.290500
vt 0.538600 -0.186600
vt 0.517100 -0.082700
vt 0.540500 -0.077300
vt 0.607400 -0.004500
vt 0.528300 -0.046700
vt 0.642100 -0.762200
vt 0.640600 -0.777800
vt 0.617200 -0.762200
vt 0.616200 -0.781700
vt 0.605000 -0.762200
vt 0.609400 -0.884300
vt 0.631800 -0.884300
vt 0.522900 -0.728000
vt 0.603500 -0.711400
vt 0.510300 -0.762200
vt 0.502400 -0.884300
vt 0.489000 -0.959500
vt 0.249800 -0.801800
vt 0.246600 -0.764200
vt 0.209600 -0.782700
vt 0.248900 -0.824700
vt 0.204100 -0.797400
vt 0.178700 -0.725100
vt 0.198000 -0.731000
vt 0.200600 -0.708500
vt 0.151000 -0.709500
vt 0.196700 -0.699200
vt 0.192000 -0.683600
vt 0.241500 -0.662100
vt 0.242400 -0.678700
vt 0.243400 -0.688500
vt 0.245700 -0.703100
vt 0.247100 -0.741700
vt 0.214200 -0.750000
vt 0.285900 -0.661600
vt 0.285900 -0.674800
vt 0.285900 -0.683600
vt 0.285900 -0.696300
vt 0.285900 -0.743200
vt 0.286400 -0.773900
vt 0.286600 -0.803700
vt 0.286900 -0.833000
vt 0.246700 -0.853000
vt 0.286900 -0.862300
vt 0.243700 -0.902300
vt 0.286900 -0.921400
vt 0.220700 -0.846700
vt 0.170700 -0.787600
vt 0.173500 -0.744100
vt 0.133200 -0.726100
vt 0.132300 -0.667000
vt 0.105800 -0.646500
vt 0.127600 -0.646500
vt 0.107800 -0.553200
vt 0.134900 -0.548800
vt 0.117700 -0.509300
vt 0.102500 -0.509300
vt 0.119000 -0.483900
vt 0.099800 -0.453900
vt 0.121200 -0.435800
vt 0.145500 -0.454100
vt 0.163300 -0.440200
vt 0.150800 -0.407700
vt 0.196200 -0.434100
vt 0.191500 -0.400400
vt 0.236100 -0.412800
vt 0.226300 -0.439700
vt 0.249300 -0.451700
vt 0.272200 -0.436500
vt 0.259300 -0.470000
vt 0.266800 -0.491900
vt 0.273700 -0.503400
vt 0.261500 -0.501000
vt 0.275100 -0.553200
vt 0.259000 -0.553200
vt 0.071200 -0.621100
vt 0.070200 -0.553200
vt 0.059100 -0.463100
vt 0.097600 -0.429900
vt 0.139500 -0.354000
vt 0.171800 -0.354000
vt 0.206800 -0.354000
vt 0.241800 -0.354000
vt 0.267100 -0.354000
vt 0.285900 -0.354000
vt 0.285900 -0.435800
vt 0.285900 -0.504400
vt 0.286600 -0.553200
vt 0.286600 -0.584500
vt 0.270500 -0.585400
vt 0.286600 -0.605000
vt 0.264600 -0.611300
vt 0.286600 -0.620100
vt 0.285900 -0.627900
vt 0.260300 -0.623000
vt 0.260000 -0.573700
vt 0.244300 -0.584000
vt 0.239100 -0.592800
vt 0.240100 -0.606000
vt 0.230000 -0.613800
vt 0.179800 -0.635300
vt 0.155800 -0.691900
vt 0.175000 -0.602100
vt 0.191300 -0.582000
vt 0.210900 -0.581100
vt 0.200600 -0.525400
vt 0.215700 -0.523900
vt 0.224400 -0.506300
vt 0.226300 -0.520000
vt 0.252400 -0.484600
vt 0.234400 -0.567400
vt 0.228900 -0.588900
vt 0.166000 -0.466600
vt 0.139000 -0.477300
vt 0.156600 -0.479500
vt 0.164200 -0.490200
vt 0.163600 -0.499800
vt 0.177700 -0.500500
vt 0.174300 -0.507800
vt 0.194900 -0.510300
vt 0.195200 -0.504900
vt 0.213100 -0.499800
vt 0.173000 -0.521500
vt 0.144400 -0.506300
vt 0.172100 -0.582000
vt 0.238800 -0.464100
vt 0.198000 -0.448200
vt 0.167000 -0.452900
vt 0.175000 -0.462200
vt 0.197400 -0.460200
vt 0.217400 -0.469200
vt 0.238000 -0.485800
vt 0.228000 -0.495600
vt 0.221800 -0.486800
vt 0.631800 -0.884300
vt 0.641100 -0.774400
vt 0.616700 -0.775900
vt 0.641100 -0.761700
vt 0.616700 -0.763200
vt 0.606900 -0.762200
vt 0.609400 -0.884300
vt 0.502400 -0.884300
vt 0.510300 -0.762200
vt 0.522900 -0.728000
vt 0.606000 -0.710900
vt 0.524900 -0.884300
vt 0.535200 -0.762200
vt 0.625500 -0.762200
vt 0.524900 -0.884300
vt 0.628900 -0.762200
vt 0.535200 -0.762200
vt 0.546900 -0.075700
vt 0.570800 -0.212000
vt 0.610800 -0.033600
vt 0.584000 -0.206500
vt 0.635300 -0.204800
vt 0.691400 -0.033600
vt 0.731400 -0.208700
vt 0.755400 -0.075700
vt 0.807100 -0.291500
vt 0.793000 -0.186300
vt 0.820300 -0.285900
vt 0.850100 -0.148600
vt 0.922400 -0.148600
vt 0.871100 -0.284200
vt 0.965800 -0.288100
vt 0.980000 -0.186300
vt 0.760300 -0.076600
vt 0.725100 -0.289800
vt 0.695300 -0.033700
vt 0.654800 -0.261200
vt 0.612800 -0.033700
vt 0.575700 -0.287100
vt 0.558100 -0.182100
vt 0.540500 -0.077300
vt 0.506300 -0.463100
vt 0.471400 -0.453900
vt 0.468800 -0.509300
vt 0.463600 -0.485600
vt 0.453600 -0.509300
vt 0.463400 -0.553200
vt 0.502900 -0.553200
vt 0.360600 -0.456300
vt 0.363000 -0.471900
vt 0.388400 -0.465600
vt 0.372300 -0.475800
vt 0.360600 -0.485400
vt 0.386200 -0.484900
vt 0.370800 -0.494600
vt 0.384800 -0.497100
vt 0.384000 -0.503900
vt 0.396000 -0.495100
vt 0.410400 -0.483400
vt 0.402600 -0.498800
vt 0.424600 -0.484100
vt 0.426800 -0.496100
vt 0.439000 -0.483600
vt 0.438000 -0.507300
vt 0.430200 -0.544400
vt 0.443600 -0.646500
vt 0.465600 -0.646500
vt 0.499500 -0.621100
vt 0.403100 -0.507800
vt 0.402100 -0.524400
vt 0.399700 -0.580100
vt 0.396500 -0.602100
vt 0.391600 -0.635300
vt 0.374500 -0.581100
vt 0.369600 -0.528800
vt 0.366900 -0.511700
vt 0.358200 -0.499500
vt 0.343000 -0.491900
vt 0.335900 -0.473600
vt 0.327600 -0.457300
vt 0.346900 -0.444300
vt 0.386500 -0.450000
vt 0.375700 -0.435500
vt 0.335700 -0.412800
vt 0.379400 -0.410900
vt 0.329800 -0.354000
vt 0.304700 -0.354000
vt 0.354700 -0.526400
vt 0.342300 -0.502000
vt 0.327600 -0.489700
vt 0.309600 -0.489500
vt 0.315200 -0.501000
vt 0.312300 -0.553200
vt 0.343000 -0.522500
vt 0.308100 -0.436800
vt 0.299600 -0.436500
vt 0.298100 -0.503400
vt 0.296600 -0.553200
vt 0.311500 -0.573700
vt 0.301300 -0.585400
vt 0.307100 -0.611300
vt 0.327400 -0.584000
vt 0.337200 -0.567400
vt 0.340100 -0.594200
vt 0.335000 -0.618700
vt 0.330300 -0.662100
vt 0.309600 -0.625000
vt 0.326900 -0.607900
vt 0.332500 -0.592800
vt 0.294400 -0.351600
vt 0.285400 -0.351300
vt 0.285400 -0.553200
vt 0.285400 -0.584500
vt 0.285400 -0.605000
vt 0.285400 -0.620100
vt 0.329300 -0.678700
vt 0.328400 -0.688500
vt 0.326200 -0.703100
vt 0.324700 -0.741700
vt 0.285400 -0.773900
vt 0.325200 -0.766600
vt 0.285200 -0.803700
vt 0.322000 -0.801800
vt 0.285200 -0.833000
vt 0.322800 -0.824700
vt 0.285200 -0.862300
vt 0.325000 -0.853000
vt 0.285200 -0.921400
vt 0.328100 -0.902300
vt 0.285200 -0.995600
vt 0.372600 -0.957000
vt 0.357900 -0.880900
vt 0.399900 -0.930200
vt 0.429700 -0.809100
vt 0.483900 -0.808600
vt 0.472900 -0.726100
vt 0.519000 -0.726100
vt 0.531700 -0.621600
vt 0.558600 -0.648900
vt 0.546900 -0.551800
vt 0.563000 -0.568800
vt 0.565400 -0.417000
vt 0.545400 -0.450400
vt 0.509300 -0.425000
vt 0.530300 -0.398700
vt 0.564500 -0.401900
vt 0.354700 -0.835400
vt 0.367400 -0.797400
vt 0.362100 -0.782700
vt 0.352800 -0.758800
vt 0.351600 -0.736800
vt 0.350300 -0.717800
vt 0.351800 -0.699700
vt 0.354700 -0.689900
vt 0.379400 -0.683600
vt 0.415800 -0.691900
vt 0.439000 -0.667000
vt 0.438200 -0.726100
vt 0.472900 -0.725100
vt 0.497800 -0.621600
vt 0.422100 -0.752900
vt 0.397900 -0.744100
vt 0.400900 -0.787600
vt 0.392800 -0.725100
vt 0.367200 -0.744600
vt 0.374300 -0.732400
vt 0.370800 -0.708500
vt 0.375000 -0.699200
vt 0.420400 -0.709500
vt 0.285900 -0.290500
vt 0.296900 -0.292700
vt 0.285900 -0.280500
vt 0.304000 -0.282700
vt 0.285900 -0.206400
vt 0.324000 -0.216600
vt 0.323000 -0.154500
vt 0.285400 -0.149700
vt 0.345900 -0.080100
vt 0.285600 -0.074200
vt 0.383100 -0.098100
vt 0.439000 -0.151000
vt 0.380100 -0.177700
vt 0.370800 -0.242400
vt 0.438200 -0.212300
vt 0.455300 -0.175400
vt 0.327100 -0.285600
vt 0.368700 -0.299800
vt 0.401100 -0.269300
vt 0.434800 -0.302500
vt 0.399700 -0.354000
vt 0.364700 -0.354000
vt 0.304700 -0.344000
vt 0.312000 -0.329800
vt 0.312700 -0.315200
vt 0.304200 -0.301000
vt 0.479700 -0.215300
vt 0.513700 -0.274200
vt 0.462200 -0.283200
vt 0.470200 -0.349100
vt 0.445800 -0.354000
vt 0.450200 -0.435800
vt 0.473600 -0.429900
vt 0.517600 -0.343800
vt 0.528300 -0.342300
vt 0.400100 -0.451700
vt 0.406000 -0.436500
vt 0.423800 -0.415800
vt 0.433100 -0.448500
vt 0.427000 -0.464800
vt 0.414800 -0.474900
vt 0.400900 -0.476800
vt 0.387700 -0.470900
vt 0.317400 -0.467500
vt 0.285200 -0.351300
vt 0.273200 -0.344200
vt 0.267100 -0.331300
vt 0.267300 -0.309100
vt 0.244500 -0.285600
vt 0.278600 -0.294700
vt 0.267800 -0.282700
vt 0.247800 -0.216600
vt 0.200800 -0.242400
vt 0.203000 -0.299800
vt 0.170400 -0.269300
vt 0.191400 -0.177700
vt 0.248800 -0.154500
vt 0.286400 -0.149700
vt 0.286100 -0.074200
vt 0.248900 -0.085700
vt 0.201400 -0.110200
vt 0.140900 -0.151900
vt 0.133100 -0.212300
vt 0.121900 -0.185400
vt 0.105500 -0.217000
vt 0.115200 -0.283200
vt 0.081100 -0.276600
vt 0.107100 -0.349100
vt 0.062700 -0.343800
vt 0.056100 -0.402600
vt 0.150800 -0.302500
vt 0.286900 -0.995600
vt 0.208500 -0.951700
vt 0.180800 -0.925300
vt 0.213700 -0.880900
vt 0.087300 -0.808600
vt 0.141600 -0.809100
vt 0.051700 -0.726100
vt 0.098300 -0.726100
vt 0.012000 -0.648900
vt 0.039200 -0.621600
vt 0.007700 -0.568800
vt 0.023800 -0.551800
vt 0.025600 -0.450400
vt 0.005500 -0.417000
vt 0.053700 -0.423800
vt 0.007200 -0.403800
vt 0.149300 -0.752900
vt 0.071400 -0.621600
vt 0.527300 -0.054700
vt 0.603000 -0.004600
vt 0.610800 -0.033600
vt 0.590300 -0.219500
vt 0.649900 -0.212600
vt 0.691400 -0.033600
vt 0.699200 -0.215300
vt 0.776400 -0.054700
vt 0.699200 -0.004600
vt 0.569300 -0.579100
vt 0.587900 -0.579100
vt 0.569300 -0.536100
vt 0.587900 -0.536100
vt 0.569300 -0.495100
vt 0.587900 -0.495100
vt 0.569300 -0.451900
vt 0.587900 -0.451900
vt 0.569300 -0.413300
vt 0.587900 -0.413300
vt 0.569300 -0.451900
vt 0.587900 -0.451900
vt 0.569300 -0.495100
vt 0.587900 -0.495100
vt 0.569300 -0.536100
vt 0.587900 -0.536100
vt 0.569300 -0.579100
vt 0.587900 -0.579100
vt 0.569300 -0.617700
vt 0.587900 -0.617700
vt 0.587900 -0.663100
vt 0.569300 -0.663100
vt 0.587900 -0.617700
vt 0.569300 -0.617700
vt 0.605000 -0.617700
vt 0.605000 -0.579100
vt 0.605000 -0.536100
vt 0.605000 -0.495100
vt 0.605000 -0.451900
vt 0.605000 -0.413300
vt 0.605000 -0.451900
vt 0.605000 -0.495100
vt 0.605000 -0.536100
vt 0.605000 -0.579100
vt 0.605000 -0.617700
vt 0.605000 -0.663100
vt 0.622100 -0.663100
vt 0.622100 -0.617700
vt 0.622100 -0.579100
vt 0.622100 -0.536100
vt 0.622100 -0.495100
vt 0.622100 -0.451900
vt 0.622100 -0.413300
vt 0.622100 -0.451900
vt 0.622100 -0.495100
vt 0.622100 -0.536100
vt 0.622100 -0.579100
vt 0.622100 -0.617700
vt 0.622100 -0.663100
vt 0.605000 -0.663100
vt 0.587900 -0.663100
vt 0.569300 -0.663100
vt 0.587900 -0.663100
vt 0.569300 -0.663100
vt 0.587900 -0.617700
vt 0.569300 -0.617700
vt 0.587900 -0.579100
vt 0.569300 -0.579100
vt 0.587900 -0.536100
vt 0.569300 -0.536100
vt 0.587900 -0.495100
vt 0.569300 -0.495100
vt 0.569300 -0.473400
vt 0.587900 -0.473400
vt 0.587900 -0.451900
vt 0.569300 -0.451900
vt 0.587900 -0.413300
vt 0.569300 -0.413300
vt 0.587900 -0.451900
vt 0.569300 -0.451900
vt 0.587900 -0.495100
vt 0.569300 -0.495100
vt 0.587900 -0.536100
vt 0.569300 -0.536100
vt 0.587900 -0.579100
vt 0.569300 -0.579100
vt 0.605000 -0.663100
vt 0.605000 -0.617700
vt 0.605000 -0.579100
vt 0.605000 -0.536100
vt 0.605000 -0.495100
vt 0.605000 -0.473400
vt 0.605000 -0.451900
vt 0.605000 -0.413300
vt 0.605000 -0.451900
vt 0.605000 -0.495100
vt 0.605000 -0.536100
vt 0.605000 -0.579100
vt 0.605000 -0.617700
vt 0.587900 -0.617700
vt 0.569300 -0.617700
vt 0.569300 -0.663100
vt 0.587900 -0.663100
vt 0.605000 -0.663100
vt 0.622100 -0.663100
vt 0.622100 -0.617700
vt 0.622100 -0.579100
vt 0.622100 -0.536100
vt 0.622100 -0.495100
vt 0.622100 -0.451900
vt 0.622100 -0.413300
vt 0.622100 -0.451900
vt 0.622100 -0.473400
vt 0.622100 -0.495100
vt 0.622100 -0.536100
vt 0.622100 -0.579100
vt 0.622100 -0.617700
vt 0.622100 -0.663100
vt 0.587900 -0.663100
vt 0.605000 -0.663100
vt 0.587900 -0.617700
vt 0.605000 -0.617700
vt 0.605000 -0.579100
vt 0.605000 -0.536100
vt 0.605000 -0.495100
vt 0.605000 -0.451900
vt 0.605000 -0.413300
vt 0.605000 -0.451900
vt 0.605000 -0.495100
vt 0.605000 -0.536100
vt 0.605000 -0.579100
vt 0.605000 -0.617700
vt 0.587900 -0.579100
vt 0.587900 -0.536100
vt 0.587900 -0.495100
vt 0.587900 -0.451900
vt 0.587900 -0.413300
vt 0.587900 -0.451900
vt 0.587900 -0.495100
vt 0.587900 -0.536100
vt 0.587900 -0.579100
vt 0.587900 -0.617700
vt 0.587900 -0.663100
vt 0.605000 -0.663100
vt 0.587900 -0.663100
vt 0.605000 -0.663100
vt 0.587900 -0.617700
vt 0.605000 -0.617700
vt 0.605000 -0.579100
vt 0.605000 -0.536100
vt 0.605000 -0.495100
vt 0.605000 -0.473400
vt 0.605000 -0.451900
vt 0.605000 -0.413300
vt 0.605000 -0.451900
vt 0.605000 -0.495100
vt 0.605000 -0.536100
vt 0.605000 -0.579100
vt 0.605000 -0.617700
vt 0.587900 -0.579100
vt 0.587900 -0.536100
vt 0.587900 -0.495100
vt 0.587900 -0.473400
vt 0.587900 -0.451900
vt 0.587900 -0.413300
vt 0.587900 -0.451900
vt 0.587900 -0.495100
vt 0.587900 -0.536100
vt 0.587900 -0.579100
vt 0.587900 -0.617700
vt 0.587900 -0.663100
vt 0.605000 -0.663100
vt 0.561500 -0.337900
vt 0.285900 -0.054700
vt 0.374300 -0.083400
vt 0.387200 -0.094400
vt 0.447800 -0.147000
vt 0.459200 -0.167400
vt 0.488800 -0.215900
vt 0.522500 -0.272500
vt 0.524900 -0.291300
vt 0.539100 -0.283900
vt 0.547400 -0.267100
vt 0.534200 -0.268800
vt 0.536600 -0.210800
vt 0.522000 -0.212200
vt 0.473400 -0.129200
vt 0.485100 -0.123200
vt 0.422900 -0.052700
vt 0.285900 -0.025100
vt 0.377200 -0.065700
vt 0.285900 -0.007800
vt 0.195400 -0.065500
vt 0.192300 -0.101700
vt 0.200600 -0.087300
vt 0.136000 -0.149300
vt 0.117200 -0.174200
vt 0.094400 -0.219100
vt 0.076000 -0.275600
vt 0.054400 -0.290500
vt 0.057200 -0.272700
vt 0.075700 -0.215600
vt 0.110200 -0.162500
vt 0.124800 -0.150800
vt 0.105300 -0.133500
vt 0.155500 -0.058400
vt 0.033600 -0.283000
vt 0.015900 -0.337900
vt 0.026400 -0.267100
vt 0.036300 -0.268800
vt 0.060000 -0.211800
vt 0.054000 -0.210400
vt 0.094200 -0.127800
vt 0.888700 -0.792500
vt 0.892600 -0.639200
vt 0.819800 -0.821800
vt 0.819800 -0.647500
vt 0.819800 -0.562500
vt 0.937500 -0.566400
vt 0.913600 -0.509300
vt 0.893100 -0.472900
vt 0.869600 -0.448200
vt 0.819800 -0.432100
vt 0.769000 -0.445300
vt 0.741200 -0.466100
vt 0.938000 -0.495400
vt 0.912600 -0.449200
vt 0.882800 -0.418200
vt 0.819800 -0.397900
vt 0.755400 -0.414600
vt 0.720700 -0.440700
vt 0.719200 -0.504900
vt 0.699700 -0.566400
vt 0.747100 -0.639200
vt 0.751500 -0.792500
vt 0.969200 -0.567400
vt 0.965300 -0.631300
vt 0.957500 -0.763200
vt 0.871600 -0.924300
vt 0.819800 -0.952600
vt 0.768600 -0.924300
vt 0.682600 -0.763200
vt 0.674800 -0.631300
vt 0.670900 -0.567400
vt 0.692900 -0.490000
vt 0.685500 -0.389400
vt 0.729500 -0.348100
vt 0.819800 -0.322300
vt 0.910200 -0.348100
vt 0.954600 -0.389400
vt 0.984400 -0.458300
vt 0.988300 -0.502400
vt 0.996100 -0.554700
vt 0.996100 -0.604000
vt 0.996100 -0.613800
vt 0.991200 -0.719200
vt 0.981900 -0.778800
vt 0.956100 -0.840300
vt 0.924800 -0.904300
vt 0.880900 -0.963900
vt 0.856900 -0.981000
vt 0.819800 -0.996100
vt 0.783200 -0.981000
vt 0.759300 -0.963900
vt 0.715300 -0.904300
vt 0.684100 -0.840300
vt 0.658200 -0.778800
vt 0.648900 -0.719200
vt 0.635300 -0.613800
vt 0.635300 -0.602500
vt 0.633800 -0.554700
vt 0.642100 -0.502400
vt 0.655800 -0.458300
vt 0.208300 -0.483400
vt 0.196800 -0.474400
vt 0.196000 -0.488800
vt 0.182400 -0.473600
vt 0.182500 -0.487800
vt 0.174200 -0.479700
vt 0.294700 -0.306400
vt 0.285900 -0.306200
vt 0.300500 -0.312500
vt 0.280000 -0.312700
vt 0.279300 -0.330800
vt 0.300300 -0.330600
vt 0.285900 -0.340800
vt 0.294700 -0.340600
vt 0.023400 -0.027600
vt 0.011800 -0.056800
vt 0.038700 -0.048300
vt 0.038700 -0.074600
vt 0.063900 -0.048300
vt 0.063900 -0.074600
vt 0.051300 -0.098000
vt 0.023400 -0.085900
vt 0.051300 -0.007800
vt 0.051300 -0.015500
vt 0.084300 -0.022100
vt 0.079200 -0.027600
vt 0.098000 -0.056600
vt 0.090800 -0.056800
vt 0.084300 -0.091100
vt 0.079200 -0.085900
vt 0.051300 -0.105400
vt 0.018300 -0.022100
vt 0.004600 -0.056600
vt 0.018300 -0.091100
vt 0.023400 -0.027600
vt 0.011800 -0.056800
vt 0.038700 -0.048300
vt 0.038700 -0.074600
vt 0.063900 -0.048300
vt 0.063900 -0.074600
vt 0.051300 -0.098000
vt 0.023400 -0.085900
vt 0.051300 -0.007800
vt 0.051300 -0.015500
vt 0.084300 -0.022100
vt 0.079200 -0.027600
vt 0.098000 -0.056600
vt 0.090800 -0.056800
vt 0.084300 -0.091100
vt 0.079200 -0.085900
vt 0.051300 -0.105400
vt 0.018300 -0.022100
vt 0.004600 -0.056600
vt 0.018300 -0.091100
vt 0.023400 -0.027600
vt 0.011800 -0.056800
vt 0.038700 -0.048300
vt 0.038700 -0.074600
vt 0.063900 -0.048300
vt 0.063900 -0.074600
vt 0.051300 -0.098000
vt 0.023400 -0.085900
vt 0.051300 -0.007800
vt 0.051300 -0.015500
vt 0.084300 -0.022100
vt 0.079200 -0.027600
vt 0.098000 -0.056600
vt 0.090800 -0.056800
vt 0.084300 -0.091100
vt 0.079200 -0.085900
vt 0.051300 -0.105400
vt 0.018300 -0.022100
vt 0.004600 -0.056600
vt 0.018300 -0.091100
vt 0.023400 -0.027600
vt 0.011800 -0.056800
vt 0.038700 -0.048300
vt 0.038700 -0.074600
vt 0.063900 -0.048300
vt 0.063900 -0.074600
vt 0.051300 -0.098000
vt 0.023400 -0.085900
vt 0.051300 -0.007800
vt 0.051300 -0.015500
vt 0.084300 -0.022100
vt 0.079200 -0.027600
vt 0.098000 -0.056600
vt 0.090800 -0.056800
vt 0.084300 -0.091100
vt 0.079200 -0.085900
vt 0.051300 -0.105400
vt 0.018300 -0.022100
vt 0.004600 -0.056600
vt 0.018300 -0.091100
vt 0.018200 -0.120200
vt 0.011700 -0.141400
vt 0.026800 -0.135100
vt 0.026800 -0.154300
vt 0.040900 -0.135100
vt 0.040900 -0.154300
vt 0.033800 -0.171300
vt 0.018200 -0.162500
vt 0.033800 -0.105800
vt 0.033800 -0.111400
vt 0.052300 -0.116200
vt 0.049500 -0.120200
vt 0.060000 -0.141200
vt 0.056000 -0.141400
vt 0.052300 -0.166300
vt 0.049500 -0.162500
vt 0.033800 -0.176600
vt 0.015400 -0.116200
vt 0.007700 -0.141200
vt 0.015400 -0.166300
vn -0.2840 -0.8897 -0.3574
vn -0.2482 -0.9669 -0.0588
vn -0.2790 -0.9123 -0.2997
vn -0.2360 -0.9717 0.0146
vn 0.5354 0.8368 0.1141
vn 0.5392 0.8362 0.1005
vn 0.5360 0.8367 0.1122
vn 0.5396 0.8361 0.0988
vn 0.2945 -0.9554 0.0222
vn 0.3281 -0.4883 -0.8087
vn 0.2858 -0.9582 -0.0129
vn 0.2128 -0.9412 -0.2623
vn 0.0075 -0.0268 -0.9996
vn 0.0259 -0.0094 -0.9996
vn 0.3281 -0.4883 -0.8086
vn 0.4503 0.0550 -0.8912
vn 0.7011 -0.1187 -0.7031
vn 0.6899 0.0830 -0.7192
vn 0.3754 0.3014 -0.8765
vn 0.5909 0.4112 -0.6941
vn 0.2246 0.2335 -0.9461
vn 0.4603 0.6184 -0.6369
vn -0.0405 0.0668 -0.9969
vn 0.0168 0.0342 -0.9993
vn 0.0592 0.0076 -0.9982
vn -0.3536 -0.9251 0.1380
vn -0.3552 -0.9225 0.1514
vn -0.3584 -0.9157 0.1817
vn -0.3597 -0.9125 0.1950
vn 0.3430 -0.9216 0.1816
vn 0.3476 -0.9214 0.1741
vn 0.3612 -0.9201 0.1512
vn 0.3662 -0.9195 0.1428
vn -0.5243 0.8513 0.0215
vn -0.5280 0.8479 0.0472
vn -0.5253 0.8504 0.0285
vn -0.5291 0.8468 0.0552
vn -0.6612 0.1315 -0.7386
vn -0.9772 -0.2107 0.0268
vn -0.9763 -0.1944 -0.0949
vn -0.9757 -0.2134 0.0489
vn -0.3554 0.6757 -0.6459
vn -0.1810 0.7570 -0.6278
vn -0.1445 0.4729 -0.8692
vn 0.0034 -0.0024 -1.0000
vn 0.0180 -0.0069 -0.9998
vn 0.1336 0.4671 -0.8740
vn 0.4399 -0.1007 -0.8924
vn 0.2448 0.3327 -0.9107
vn 0.5498 -0.1043 -0.8287
vn 0.9191 -0.1946 -0.3426
vn 0.9276 -0.1916 -0.3208
vn 0.9435 -0.2192 -0.2484
vn 0.9571 -0.2640 -0.1191
vn 0.1724 0.7648 -0.6208
vn 0.4196 0.4206 -0.8044
vn 0.3826 0.2020 -0.9016
vn 0.5728 0.5434 -0.6137
vn 0.7375 0.2570 -0.6246
vn 0.5977 0.4819 -0.6408
vn 0.4389 0.0814 -0.8948
vn -0.0015 0.5136 -0.8580
vn 0.4592 -0.0846 -0.8843
vn 0.8262 -0.1333 -0.5474
vn -0.0316 0.9691 -0.2448
vn 0.0114 0.9273 -0.3741
vn 0.0133 0.4485 -0.8937
vn 0.0083 -0.0925 -0.9957
vn -0.0646 -0.0469 -0.9968
vn 0.4585 -0.0750 -0.8855
vn 0.8635 -0.1875 -0.4682
vn 0.2062 -0.1609 -0.9652
vn 0.1296 -0.0015 -0.9916
vn 0.3580 -0.1946 -0.9132
vn 0.3108 -0.5238 -0.7931
vn 0.6302 -0.5068 -0.5882
vn 0.3701 -0.1801 -0.9114
vn 0.0284 -0.1410 -0.9896
vn 0.1461 -0.3629 -0.9203
vn 0.6434 -0.1382 -0.7529
vn 0.3887 0.0250 -0.9210
vn 0.3779 -0.0618 -0.9238
vn 0.1601 -0.0019 -0.9871
vn 0.2381 0.1861 -0.9532
vn 0.0958 -0.4113 -0.9064
vn 0.0425 -0.4066 -0.9126
vn 0.1918 -0.0936 -0.9770
vn 0.0213 0.0335 -0.9992
vn 0.1693 0.1107 -0.9793
vn 0.1982 0.3186 -0.9269
vn 0.1303 -0.3521 -0.9268
vn 0.0483 -0.5185 -0.8537
vn 0.1239 -0.0713 -0.9897
vn 0.1664 0.0620 -0.9841
vn 0.1713 -0.1318 -0.9764
vn 0.1438 -0.5869 -0.7968
vn 0.2821 -0.5228 -0.8044
vn 0.1053 -0.5547 -0.8254
vn 0.3610 -0.6918 -0.6254
vn 0.2673 -0.7956 -0.5436
vn 0.5215 -0.4311 -0.7363
vn 0.6808 -0.4279 -0.5944
vn 0.5988 -0.3166 -0.7356
vn 0.7245 -0.3469 -0.5956
vn 0.6551 -0.4062 -0.6371
vn 0.8872 -0.2357 -0.3967
vn 0.6208 -0.3304 -0.7109
vn 0.8227 -0.0520 -0.5661
vn 0.4702 -0.0095 -0.8825
vn 0.6950 -0.0377 -0.7180
vn 0.8601 -0.0841 -0.5032
vn 0.5945 -0.1369 -0.7924
vn 0.7658 -0.1035 -0.6347
vn 0.4421 -0.1537 -0.8837
vn 0.4104 0.0259 -0.9116
vn 0.3521 -0.1380 -0.9257
vn 0.4612 -0.2861 -0.8399
vn 0.2834 -0.0810 -0.9556
vn 0.3125 -0.4263 -0.8489
vn 0.3330 -0.4489 -0.8292
vn 0.2614 -0.2250 -0.9386
vn 0.2066 -0.3510 -0.9133
vn 0.3292 -0.3366 -0.8822
vn 0.3267 -0.2026 -0.9232
vn 0.7270 -0.0609 -0.6840
vn 0.7321 -0.0546 -0.6790
vn 0.4618 -0.0305 -0.8865
vn 0.6083 0.0821 -0.7895
vn 0.4767 0.1789 -0.8607
vn 0.9668 -0.1487 -0.2076
vn 0.9306 -0.0886 -0.3552
vn 0.9144 -0.0720 -0.3983
vn 0.7993 0.0085 -0.6009
vn 0.6905 0.1049 -0.7157
vn 0.5476 0.0372 -0.8359
vn 0.3807 -0.0542 -0.9231
vn 0.1997 -0.0325 -0.9793
vn 0.1084 -0.0107 -0.9940
vn 0.1292 -0.0110 -0.9916
vn 0.1163 -0.2088 -0.9710
vn 0.4135 -0.0901 -0.9060
vn 0.4551 0.0427 -0.8894
vn 0.3663 0.0630 -0.9284
vn 0.3881 0.0851 -0.9177
vn 0.3056 -0.2698 -0.9131
vn 0.3983 -0.5471 -0.7363
vn 0.2532 -0.8146 -0.5218
vn 0.2805 -0.6083 -0.7425
vn 0.2655 -0.6392 -0.7218
vn 0.2585 0.3776 -0.8891
vn 0.5231 0.1731 -0.8345
vn 0.6361 -0.0207 -0.7713
vn 0.4786 -0.5622 -0.6744
vn 0.1953 -0.3191 -0.9274
vn 0.2367 -0.2918 -0.9267
vn 0.3190 0.0018 -0.9477
vn 0.3176 -0.1200 -0.9406
vn 0.1154 -0.0366 -0.9926
vn 0.0360 -0.0742 -0.9966
vn 0.1979 -0.1461 -0.9693
vn 0.1761 -0.1472 -0.9733
vn 0.0708 0.0611 -0.9956
vn 0.0733 -0.1381 -0.9877
vn 0.0224 -0.0735 -0.9970
vn 0.3035 0.0812 -0.9494
vn 0.4063 -0.0684 -0.9112
vn -0.0655 -0.5233 -0.8496
vn 0.4477 0.0739 -0.8911
vn -0.0986 -0.0868 -0.9913
vn -0.1591 0.3569 -0.9205
vn 0.1977 -0.0641 -0.9782
vn -0.0039 0.5558 -0.8313
vn 0.2210 0.0462 -0.9742
vn 0.2266 0.1389 -0.9640
vn 0.1475 0.7304 -0.6669
vn 0.2316 0.4958 -0.8370
vn 0.2721 -0.1041 -0.9566
vn 0.4541 -0.1380 -0.8802
vn 0.3418 -0.0660 -0.9375
vn -0.0012 -0.1480 -0.9890
vn 0.2147 0.0724 -0.9740
vn 0.3735 -0.0049 -0.9276
vn 0.1441 -0.6058 -0.7825
vn 0.2278 -0.5691 -0.7901
vn 0.2019 -0.4493 -0.8702
vn 0.2316 -0.0440 -0.9718
vn 0.2455 0.3204 -0.9149
vn 0.0865 -0.0566 -0.9946
vn -0.8357 -0.1299 -0.5336
vn -0.7382 0.2722 -0.6173
vn -0.4916 0.1082 -0.8641
vn -0.5693 0.5468 -0.6140
vn -0.6180 0.5076 -0.6003
vn -0.0140 0.5573 -0.8302
vn -0.5121 -0.0717 -0.8560
vn -0.5035 -0.1393 -0.8527
vn -0.8729 -0.1565 -0.4621
vn 0.2622 -0.2500 -0.9321
vn -0.0018 -0.0732 -0.9973
vn -0.1049 0.4656 -0.8787
vn -0.0224 0.9633 -0.2675
vn 0.0572 0.9259 -0.3733
vn 0.1083 -0.0259 0.9938
vn 0.1097 -0.0247 0.9937
vn 0.1100 -0.0200 0.9937
vn 0.1094 -0.0147 0.9939
vn 0.1198 -0.0065 0.9928
vn 0.0864 -0.0000 0.9963
vn 0.0000 -0.0000 1.0000
vn -0.1310 -0.0235 0.9911
vn -0.1335 -0.0278 0.9907
vn -0.1347 -0.0233 0.9906
vn -0.1368 -0.0242 0.9903
vn -0.0864 0.0365 0.9956
vn -0.0942 0.0343 0.9950
vn -0.1515 -0.0190 0.9883
vn -0.0245 -0.0871 0.9959
vn 0.0100 -0.0427 0.9990
vn 0.0117 -0.0337 0.9994
vn 0.0244 -0.0244 0.9994
vn 0.0268 -0.0148 0.9995
vn 0.0315 0.0161 0.9994
vn 0.0353 0.0209 0.9992
vn 0.0413 0.0792 0.9960
vn -0.0013 0.0575 0.9983
vn 0.0133 -0.0764 0.9970
vn -0.0066 0.0076 0.9999
vn -0.0178 -0.0343 0.9993
vn -0.0312 0.0132 0.9994
vn -0.0213 -0.0170 0.9996
vn -0.0322 0.0183 0.9993
vn -0.0376 0.0848 0.9957
vn 0.0204 -0.0389 0.9990
vn 0.0049 -0.0365 0.9993
vn 0.0072 -0.0369 0.9993
vn -0.0018 -0.0354 0.9994
vn -0.0075 -0.0361 0.9993
vn -0.0079 -0.0354 0.9993
vn -0.0196 -0.0371 0.9991
vn -0.0195 -0.0371 0.9991
vn -0.8953 -0.0392 -0.4438
vn -0.7897 -0.1367 -0.5981
vn -0.8222 -0.0891 -0.5621
vn -0.6992 -0.2141 -0.6821
vn -0.6074 0.0144 -0.7943
vn -0.7867 -0.0668 -0.6137
vn -0.8935 -0.1042 -0.4368
vn -0.1160 0.1019 -0.9880
vn -0.3401 -0.5463 -0.7654
vn -0.1242 -0.5877 -0.7995
vn -0.2729 -0.5744 -0.7717
vn -0.4004 -0.1926 -0.8958
vn -0.1905 -0.1557 -0.9693
vn -0.2933 0.4051 -0.8660
vn -0.1786 0.4955 -0.8501
vn -0.1308 0.4547 -0.8810
vn 0.0252 0.4553 -0.8900
vn 0.0631 -0.1143 -0.9914
vn 0.0307 0.4253 -0.9045
vn 0.0306 -0.1655 -0.9857
vn -0.3768 -0.2203 -0.8997
vn -0.5784 -0.1361 -0.8043
vn -0.5296 -0.1204 -0.8396
vn -0.4516 0.0192 -0.8920
vn -0.6029 -0.3527 -0.7156
vn -0.8864 -0.2236 -0.4053
vn -0.9702 -0.1769 -0.1653
vn -0.2780 -0.0543 -0.9590
vn -0.3302 -0.0874 -0.9398
vn -0.3250 -0.0522 -0.9443
vn -0.2971 -0.1202 -0.9472
vn -0.2399 -0.2901 -0.9264
vn -0.1006 -0.0847 -0.9913
vn -0.1419 -0.0734 -0.9872
vn -0.1702 -0.0115 -0.9853
vn -0.2634 0.3391 -0.9031
vn -0.4193 -0.0195 -0.9076
vn -0.0252 -0.0494 -0.9985
vn -0.1321 -0.1118 -0.9849
vn -0.1530 -0.0904 -0.9841
vn -0.1335 0.0729 -0.9884
vn -0.1554 -0.1528 -0.9760
vn -0.2831 -0.4104 -0.8668
vn -0.2801 -0.4337 -0.8564
vn -0.1947 -0.0320 -0.9803
vn -0.1175 -0.0217 -0.9928
vn -0.0450 -0.1119 -0.9927
vn -0.0773 -0.0419 -0.9961
vn -0.0246 -0.3177 -0.9479
vn -0.5249 -0.1975 -0.8280
vn -0.2599 -0.2107 -0.9424
vn -0.5011 0.1141 -0.8578
vn 0.0471 -0.0922 -0.9946
vn -0.3159 -0.3437 -0.8844
vn -0.1139 -0.2351 -0.9653
vn -0.6430 -0.0639 -0.7632
vn -0.5951 0.0831 -0.7993
vn -0.4426 0.2095 -0.8719
vn -0.5452 0.0699 -0.8354
vn -0.3859 -0.4990 -0.7759
vn -0.3841 0.2070 -0.8998
vn -0.2711 0.0386 -0.9618
vn -0.4626 -0.1683 -0.8704
vn -0.2393 -0.3518 -0.9050
vn -0.1695 0.0023 -0.9855
vn -0.1897 -0.6766 -0.7115
vn -0.6264 -0.3874 -0.6764
vn -0.6845 -0.0818 -0.7245
vn -0.1297 -0.0121 -0.9915
vn -0.1262 0.2356 -0.9636
vn -0.1259 0.2361 -0.9635
vn -0.1344 -0.2325 -0.9633
vn -0.4329 -0.0655 -0.8991
vn -0.4422 0.0673 -0.8944
vn -0.3539 0.0470 -0.9341
vn -0.3056 -0.2698 -0.9131
vn -0.2532 -0.8146 -0.5218
vn -0.2688 -0.6140 -0.7421
vn -0.1420 0.1317 -0.9811
vn -0.1567 0.3132 -0.9367
vn -0.2580 0.1786 -0.9495
vn -0.1249 -0.3759 -0.9182
vn -0.0832 -0.4065 -0.9098
vn -0.1012 -0.5221 -0.8468
vn 0.0461 -0.4254 -0.9038
vn -0.1151 -0.0159 -0.9932
vn -0.1858 -0.0539 -0.9811
vn -0.1402 0.0474 -0.9890
vn -0.2088 -0.0376 -0.9772
vn -0.1816 -0.1543 -0.9712
vn -0.1697 -0.1484 -0.9743
vn -0.1652 -0.5788 -0.7986
vn -0.2845 -0.5416 -0.7911
vn -0.1184 -0.5556 -0.8230
vn -0.2616 -0.5243 -0.8104
vn -0.2729 -0.7928 -0.5450
vn -0.3634 -0.6916 -0.6242
vn -0.3585 -0.8963 -0.2609
vn -0.4698 -0.8403 -0.2705
vn -0.5891 -0.5576 -0.5849
vn -0.6707 -0.6881 -0.2769
vn -0.7441 -0.4497 -0.4941
vn -0.8243 -0.5068 -0.2522
vn -0.8391 -0.3388 -0.4256
vn -0.9060 -0.3235 -0.2729
vn -0.7365 -0.1729 -0.6539
vn -0.5378 -0.1963 -0.8199
vn -0.8190 -0.0698 -0.5695
vn -0.7983 -0.0988 -0.5941
vn -0.9428 0.0251 -0.3325
vn -0.9804 -0.0106 -0.1969
vn -0.9232 0.0749 -0.3770
vn -0.9254 0.0505 -0.3757
vn -0.9215 0.0014 -0.3885
vn -0.5261 -0.4661 -0.7113
vn -0.6469 -0.5215 -0.5564
vn -0.2841 -0.1305 -0.9499
vn 0.0140 0.0416 -0.9990
vn -0.2253 -0.0496 -0.9730
vn -0.0169 -0.2691 -0.9630
vn -0.0711 -0.3768 -0.9236
vn -0.2861 0.1073 -0.9522
vn -0.3937 -0.0736 -0.9163
vn -0.3079 0.0090 -0.9514
vn -0.5833 -0.3841 -0.7157
vn -0.7252 -0.3586 -0.5877
vn -0.8441 -0.2646 -0.4663
vn -0.9372 -0.1743 -0.3022
vn -0.7186 -0.4215 -0.5531
vn -0.6566 -0.2991 -0.6924
vn -0.6973 -0.4061 -0.5906
vn -0.3775 -0.1687 -0.9105
vn -0.0046 0.0456 -0.9989
vn -0.0795 -0.1520 -0.9852
vn -0.1611 -0.3475 -0.9237
vn -0.3965 0.0255 -0.9177
vn -0.6391 -0.1322 -0.7577
vn -0.1222 0.2372 -0.9637
vn -0.1232 0.2365 -0.9638
vn -0.1301 0.3236 -0.9372
vn -0.1147 0.3250 -0.9387
vn -0.1716 0.4914 -0.8538
vn -0.2652 0.4800 -0.8363
vn -0.2691 0.6497 -0.7110
vn -0.1542 0.6857 -0.7114
vn -0.1956 0.7702 -0.6070
vn -0.2123 0.7486 -0.6281
vn -0.3663 0.6477 -0.6681
vn -0.5190 0.5139 -0.6831
vn -0.4460 0.5545 -0.7025
vn -0.3943 0.4687 -0.7904
vn -0.6374 0.4458 -0.6284
vn -0.6480 0.4836 -0.5884
vn -0.1786 0.3280 -0.9277
vn -0.3891 0.2759 -0.8789
vn -0.5334 0.3531 -0.7687
vn -0.6472 0.2174 -0.7306
vn -0.5457 0.0406 -0.8370
vn -0.3744 -0.0289 -0.9268
vn -0.0958 0.2366 -0.9669
vn -0.0832 0.2357 -0.9682
vn -0.0806 0.2359 -0.9684
vn -0.0911 0.2356 -0.9676
vn -0.8208 0.2882 -0.4931
vn -0.8570 0.2065 -0.4722
vn -0.7773 0.2341 -0.5840
vn -0.8160 0.1368 -0.5616
vn -0.6905 0.1240 -0.7126
vn -0.4965 -0.2146 -0.8411
vn -0.8438 0.0456 -0.5347
vn -0.8947 0.1089 -0.4333
vn -0.9033 0.0892 -0.4195
vn -0.2161 0.0440 -0.9754
vn -0.3050 -0.1084 -0.9462
vn -0.3768 -0.3099 -0.8729
vn -0.4047 -0.1014 -0.9088
vn -0.4212 -0.0630 -0.9048
vn 0.0641 -0.5672 -0.8211
vn -0.0364 -0.5784 -0.8149
vn -0.1539 -0.6126 -0.7752
vn -0.2656 -0.0751 -0.9611
vn 0.1261 0.2365 -0.9634
vn 0.1259 0.2361 -0.9635
vn 0.0900 0.2363 -0.9675
vn 0.0892 0.2294 -0.9692
vn 0.1842 0.3414 -0.9217
vn 0.1090 0.2357 -0.9657
vn 0.1109 0.3356 -0.9354
vn 0.1304 0.3232 -0.9373
vn 0.1245 0.2371 -0.9635
vn 0.1839 0.5011 -0.8456
vn 0.2608 0.4795 -0.8379
vn 0.3994 0.4651 -0.7900
vn 0.3994 0.2909 -0.8694
vn 0.5322 0.3546 -0.7688
vn 0.4163 0.5363 -0.7343
vn 0.2623 0.6329 -0.7284
vn 0.1472 0.6674 -0.7300
vn 0.1500 0.7608 -0.6314
vn 0.1724 0.7609 -0.6255
vn 0.3374 0.6544 -0.6767
vn 0.4463 0.5618 -0.6965
vn 0.6084 0.4094 -0.6799
vn 0.6506 0.4734 -0.5938
vn 0.8025 0.2819 -0.5258
vn 0.7695 0.2186 -0.6001
vn 0.8701 0.1932 -0.4534
vn 0.8108 0.1303 -0.5706
vn 0.8959 0.1081 -0.4310
vn 0.9220 0.0629 -0.3821
vn 0.6452 0.2205 -0.7315
vn 0.3566 -0.8977 -0.2587
vn 0.4639 -0.8474 -0.2584
vn 0.6822 -0.6808 -0.2668
vn 0.5979 -0.5327 -0.5989
vn 0.8257 -0.4964 -0.2679
vn 0.7353 -0.4619 -0.4960
vn 0.8826 -0.4145 -0.2218
vn 0.8262 -0.3587 -0.4344
vn 0.7802 -0.1104 -0.6157
vn 0.7743 -0.1189 -0.6215
vn 0.7642 -0.1439 -0.6287
vn 0.7822 -0.1243 -0.6105
vn 0.9384 0.0893 -0.3337
vn 0.9362 0.0212 -0.3508
vn 0.9304 0.0032 -0.3666
vn 0.9229 -0.0060 -0.3851
vn 0.6918 -0.4000 -0.6012
vn 0.9364 -0.1754 -0.3041
vn -0.8213 -0.1614 -0.5472
vn -0.8364 0.0722 -0.5433
vn -0.3764 -0.0192 -0.9262
vn -0.5596 0.0709 -0.8257
vn -0.0853 -0.0531 -0.9949
vn -0.1026 -0.0672 -0.9924
vn -0.0516 0.0178 -0.9985
vn -0.4643 0.3966 -0.7919
vn -0.0344 0.0641 -0.9973
vn -0.0321 0.0470 -0.9984
vn -0.2766 0.2953 -0.9145
vn -0.5276 0.7590 -0.3814
vn -0.7183 0.5095 -0.4738
vn 0.2941 0.3779 -0.8779
vn 0.6208 0.2263 -0.7506
vn 0.2637 -0.0071 -0.9646
vn 0.6097 -0.0112 -0.7926
vn 0.2965 -0.3832 -0.8748
vn 0.6306 -0.2347 -0.7398
vn 0.3905 -0.6833 -0.6169
vn 0.6848 -0.4341 -0.5853
vn 0.5397 -0.8161 -0.2066
vn 0.7964 -0.5218 -0.3057
vn 0.6927 -0.6857 0.2236
vn 0.8939 -0.4482 0.0035
vn 0.7931 -0.3347 0.5088
vn 0.9629 -0.2018 0.1792
vn 0.8125 0.1135 0.5718
vn 0.9735 0.1151 0.1978
vn 0.7584 0.4982 0.4202
vn 0.9231 0.3756 0.0819
vn 0.6653 0.7308 0.1530
vn 0.8591 0.5071 -0.0697
vn 0.8633 0.4820 -0.1495
vn 0.6010 0.7992 0.0101
vn 0.7004 0.4334 -0.5671
vn 0.3944 0.6941 -0.6022
vn 0.8970 -0.4099 -0.1657
vn 0.9515 -0.3077 -0.0070
vn 0.9977 -0.0198 0.0654
vn 0.9643 0.2646 0.0103
vn 0.8823 0.4432 -0.1582
vn 0.8270 0.4523 -0.3339
vn 0.7672 0.3875 -0.5111
vn 0.7019 0.1959 -0.6848
vn 0.6565 0.0611 -0.7519
vn 0.6835 -0.0646 -0.7271
vn 0.7515 -0.3329 -0.5695
vn 0.8184 -0.4469 -0.3611
vn 0.3983 -0.8561 -0.3293
vn 0.2987 -0.7495 -0.5908
vn 0.1704 -0.3804 -0.9090
vn 0.0617 -0.0325 -0.9976
vn 0.0767 0.3410 -0.9369
vn 0.1974 0.7694 -0.6075
vn 0.3568 0.9233 -0.1424
vn 0.5095 0.8199 0.2612
vn 0.6750 0.4952 0.5469
vn 0.7646 -0.0013 0.6445
vn 0.6861 -0.5008 0.5278
vn 0.5605 -0.7969 0.2254
vn 0.4690 -0.8816 0.0532
vn 0.4689 -0.8816 0.0532
vn 0.8709 -0.4410 -0.2171
vn 0.7326 0.5255 -0.4326
vn 0.4498 0.7960 -0.4049
vn -0.6810 0.4749 -0.5573
vn -0.4313 0.7664 -0.4760
vn -0.6163 0.4131 -0.6705
vn -0.3320 0.6831 -0.6505
vn -0.4311 0.7665 -0.4760
vn -0.4969 0.2173 -0.8401
vn -0.1516 0.3900 -0.9082
vn -0.4408 -0.0417 -0.8966
vn -0.0639 -0.0107 -0.9979
vn -0.4512 -0.2273 -0.8630
vn -0.0730 -0.3407 -0.9373
vn -0.1190 -0.5610 -0.8192
vn -0.4876 -0.3666 -0.7924
vn -0.5866 -0.5147 -0.6253
vn -0.2483 -0.7584 -0.6027
vn -0.7101 -0.5907 -0.3833
vn -0.4546 -0.8535 -0.2549
vn -0.8554 -0.4984 -0.1413
vn -0.6887 -0.7169 0.1086
vn -0.9692 -0.2456 -0.0194
vn -0.8579 -0.3821 0.3436
vn -0.9998 0.0179 -0.0068
vn -0.9187 -0.0046 0.3949
vn -0.9559 0.2830 -0.0788
vn -0.8729 0.4099 0.2647
vn -0.7959 -0.4718 -0.3794
vn -0.8502 -0.4343 -0.2976
vn -0.9383 -0.3005 -0.1714
vn -0.9869 -0.0893 -0.1344
vn -0.9760 0.1560 -0.1518
vn -0.9172 0.3096 -0.2508
vn -0.8957 0.3499 -0.2745
vn -0.8505 0.3597 -0.3838
vn -0.7107 0.3078 -0.6326
vn -0.5909 0.1968 -0.7824
vn -0.5197 0.1139 -0.8467
vn -0.5651 -0.0725 -0.8219
vn -0.6583 -0.4439 -0.6080
vn -0.8988 0.3973 -0.1854
vn -0.7624 0.6451 0.0518
vn -0.7042 0.7099 -0.0067
vn -0.9017 0.3906 -0.1854
vn -0.7824 -0.4672 -0.4117
vn -0.3179 -0.8693 -0.3784
vn -0.1920 -0.7519 -0.6307
vn 0.0153 -0.3302 -0.9438
vn 0.0798 0.1064 -0.9911
vn 0.0226 0.3656 -0.9305
vn -0.1656 0.7139 -0.6804
vn -0.4643 0.8628 -0.2001
vn -0.6132 0.7846 0.0914
vn -0.7334 0.6338 0.2457
vn -0.8608 0.3123 0.4019
vn -0.8757 -0.0839 0.4755
vn -0.7608 -0.5129 0.3976
vn -0.5742 -0.8085 0.1288
vn -0.4514 -0.8909 -0.0498
vn -0.7787 0.5069 0.3696
vn -0.8694 -0.4723 0.1454
vn -0.7040 0.4342 0.5619
vn -0.9025 -0.4000 0.1597
vn -0.4771 -0.8754 -0.0784
vn -0.5498 -0.7977 -0.2476
vn -0.4771 -0.8753 -0.0784
vn -0.9462 -0.3235 0.0015
vn -0.6761 -0.4639 -0.5723
vn -0.9839 -0.0789 -0.1604
vn -0.6687 -0.0883 -0.7383
vn -0.9837 0.1492 -0.1005
vn -0.6588 0.3288 -0.6766
vn -0.9341 0.3514 0.0635
vn -0.5514 0.7582 -0.3482
vn -0.8288 0.4623 0.3153
vn -0.3777 0.9157 0.1372
vn -0.7519 0.3814 0.5378
vn -0.2258 0.8046 0.5493
vn -0.7299 0.2560 0.6338
vn -0.1774 0.4868 0.8553
vn -0.7267 0.0311 0.6863
vn -0.1793 0.0063 0.9838
vn -0.7208 -0.1559 0.6753
vn -0.1880 -0.4432 0.8765
vn -0.7639 -0.3460 0.5447
vn -0.3132 -0.7603 0.5690
vn -0.6173 0.2076 0.7588
vn -0.6185 0.0154 0.7856
vn -0.6251 -0.2331 0.7449
vn -0.6989 -0.4605 0.5473
vn -0.7848 -0.5411 0.3020
vn -0.8816 -0.4680 0.0617
vn -0.9579 -0.2397 -0.1580
vn -0.9763 0.0271 -0.2145
vn -0.9411 0.3185 -0.1136
vn -0.8669 0.4928 0.0753
vn -0.4721 0.8084 0.3516
vn -0.3962 0.6931 0.6022
vn -0.2905 0.3671 0.8837
vn -0.2646 0.0329 0.9638
vn -0.2926 -0.3570 0.8871
vn -0.4000 -0.6981 0.5939
vn -0.5367 -0.8169 0.2114
vn -0.6755 -0.7176 -0.1696
vn -0.7862 -0.3891 -0.4801
vn -0.8195 0.0229 -0.5726
vn -0.7706 0.4597 -0.4414
vn -0.6660 0.7302 -0.1527
vn -0.6057 0.7953 -0.0240
vn -0.6058 0.7953 -0.0239
vn -0.8404 0.5251 0.1342
vn -0.8187 -0.4213 0.3901
vn -0.3534 -0.8661 0.3535
vn 0.7438 0.5877 0.3182
vn 0.7550 -0.3269 0.5684
vn 0.8221 0.5277 0.2137
vn 0.7046 -0.2936 0.6460
vn 0.3864 -0.7998 0.4595
vn 0.2778 -0.7193 0.6367
vn 0.3863 -0.7998 0.4594
vn 0.6195 -0.1679 0.7668
vn 0.1000 -0.4335 0.8956
vn 0.5888 0.0366 0.8074
vn 0.0391 -0.0054 0.9992
vn 0.5732 0.2439 0.7823
vn 0.0455 0.3599 0.9319
vn 0.0833 0.6820 0.7266
vn 0.6108 0.4236 0.6689
vn 0.6530 0.5209 0.5497
vn 0.1618 0.8503 0.5008
vn 0.7890 0.4796 0.3839
vn 0.3371 0.9170 0.2131
vn 0.9012 0.3659 0.2322
vn 0.6106 0.7580 -0.2295
vn 0.9785 0.1933 0.0723
vn 0.7819 0.3731 -0.4994
vn 0.9990 -0.0007 0.0453
vn 0.8223 0.0680 -0.5650
vn 0.9515 -0.2116 0.2233
vn 0.8222 -0.3545 -0.4452
vn 0.9137 -0.2975 0.2769
vn 0.6686 -0.7269 -0.1568
vn 0.9423 0.3319 0.0439
vn 0.9974 0.0709 -0.0128
vn 0.9913 -0.1261 0.0368
vn 0.9634 -0.2521 0.0914
vn 0.9090 -0.3659 0.1996
vn 0.7954 -0.4697 0.3829
vn 0.6154 -0.4176 0.6685
vn 0.5009 -0.2218 0.8366
vn 0.4628 -0.0415 0.8855
vn 0.4286 0.2343 0.8726
vn 0.5762 0.4940 0.6511
vn 0.5275 0.8420 0.1129
vn 0.6466 0.7612 -0.0489
vn 0.8286 0.4681 -0.3070
vn 0.9160 0.0662 -0.3956
vn 0.9021 -0.2736 -0.3338
vn 0.8444 -0.4844 -0.2287
vn 0.7596 -0.6485 -0.0504
vn 0.5841 -0.7708 0.2542
vn 0.3280 -0.6765 0.6593
vn 0.1398 -0.3714 0.9179
vn 0.0690 -0.0567 0.9960
vn 0.0774 0.3468 0.9347
vn 0.2305 0.7397 0.6322
vn 0.3364 0.8418 0.4223
vn 0.3364 0.8417 0.4223
vn 0.6557 0.6107 0.4439
vn 0.9164 -0.3603 0.1744
vn 0.6133 -0.7870 -0.0668
vn -0.8846 0.0474 -0.4640
vn -0.9138 0.0245 -0.4054
vn -0.2113 0.7654 -0.6079
vn -0.2110 0.7674 -0.6054
vn -0.2112 0.7653 -0.6080
vn -0.2124 0.7867 -0.5796
vn -0.3306 0.6864 -0.6478
vn -0.3645 0.6733 -0.6433
vn -0.5398 0.5167 -0.6646
vn -0.5491 0.5060 -0.6652
vn -0.7120 0.4479 -0.5408
vn -0.7572 0.4114 -0.5073
vn -0.8177 0.2880 -0.4984
vn -0.8173 0.3053 -0.4887
vn -0.7791 0.1884 -0.5979
vn -0.8062 0.1758 -0.5649
vn -0.9961 0.0850 -0.0249
vn -0.8258 0.0218 -0.5635
vn -0.8207 0.1029 -0.5620
vn -0.8169 0.1087 -0.5664
vn -0.7551 0.2501 -0.6060
vn -0.7497 0.2828 -0.5983
vn -0.5866 0.4834 -0.6498
vn -0.6213 0.4278 -0.6565
vn -0.4001 0.6707 -0.6246
vn -0.2438 0.8466 -0.4731
vn -0.2167 0.7971 -0.5637
vn -0.2405 0.8417 -0.4834
vn 0.1862 0.8185 -0.5435
vn 0.3073 0.7314 -0.6087
vn 0.1400 0.8984 -0.4163
vn 0.1761 0.8010 -0.5722
vn 0.1563 0.7734 -0.6143
vn 0.1991 0.8103 -0.5511
vn 0.2940 0.6940 -0.6572
vn 0.4448 0.5392 -0.7151
vn 0.5130 0.5635 -0.6475
vn 0.7279 0.3939 -0.5613
vn 0.6943 0.4317 -0.5758
vn 0.7888 0.2774 -0.5484
vn 0.7829 0.2485 -0.5704
vn 0.8651 0.1693 -0.4722
vn 0.8705 0.1681 -0.4626
vn 0.8918 0.1045 -0.4402
vn 0.8722 0.1646 -0.4607
vn 0.8651 0.1631 -0.4744
vn 0.7641 0.1898 -0.6166
vn 0.6707 0.4567 -0.5844
vn 0.6090 0.5090 -0.6083
vn 0.6005 0.5263 -0.6020
vn 0.3932 0.7098 -0.5845
vn 0.2381 0.8432 -0.4819
vn 0.2408 0.8473 -0.4735
vn 0.8401 0.1194 -0.5291
vn 0.8999 0.0741 -0.4298
vn 0.9126 0.0226 -0.4083
vn 0.9230 -0.0046 -0.3849
vn 0.7978 0.1204 -0.5908
vn 0.7855 0.1302 -0.6050
vn 0.8104 0.2376 -0.5355
vn 0.8213 0.2130 -0.5292
vn 0.6524 0.4236 -0.6284
vn -0.2899 0.1795 0.9401
vn -0.3392 -0.0309 0.9402
vn 0.0000 0.1881 0.9821
vn -0.0000 0.0595 0.9982
vn -0.0003 -0.1387 0.9903
vn -0.4433 -0.0776 0.8930
vn -0.5081 -0.1633 0.8457
vn -0.4480 -0.2912 0.8453
vn -0.2671 -0.4545 0.8498
vn -0.0113 -0.5278 0.8493
vn 0.2290 -0.4611 0.8573
vn 0.4284 -0.3086 0.8492
vn -0.4437 -0.1658 0.8807
vn -0.3697 -0.2320 0.8997
vn -0.2078 -0.3538 0.9120
vn -0.0057 -0.3954 0.9185
vn 0.1964 -0.3617 0.9114
vn 0.3416 -0.2214 0.9134
vn 0.5158 -0.1417 0.8449
vn 0.4734 -0.1088 0.8741
vn 0.3382 -0.0296 0.9406
vn 0.2899 0.1795 0.9401
vn -0.3532 -0.0364 0.9348
vn -0.4458 -0.0257 0.8948
vn -0.4474 0.1148 0.8869
vn -0.2466 0.2478 0.9369
vn -0.0000 0.2840 0.9588
vn 0.2460 0.2483 0.9369
vn 0.4484 0.1118 0.8868
vn 0.4568 -0.0140 0.8895
vn 0.3575 -0.0414 0.9330
vn 0.4012 -0.1293 0.9068
vn 0.1147 -0.0812 0.9901
vn 0.0678 -0.1224 0.9902
vn -0.0005 -0.1360 0.9907
vn -0.0655 -0.1310 0.9892
vn -0.1309 -0.0984 0.9865
vn -0.1722 -0.0444 0.9841
vn -0.1900 -0.0461 0.9807
vn -0.2669 -0.0165 0.9636
vn -0.2727 0.0017 0.9621
vn -0.2995 -0.0107 0.9540
vn -0.4354 0.0297 0.8998
vn -0.4497 0.1368 0.8826
vn -0.3547 0.1808 0.9173
vn -0.3307 0.1810 0.9262
vn -0.2632 0.2893 0.9204
vn -0.1628 0.3062 0.9379
vn 0.0000 0.3273 0.9449
vn 0.1628 0.3062 0.9379
vn 0.2632 0.2893 0.9204
vn 0.3377 0.1934 0.9212
vn 0.3779 0.1823 0.9077
vn 0.4497 0.1368 0.8826
vn 0.3925 0.0035 0.9197
vn 0.2953 -0.0019 0.9554
vn 0.2754 -0.0004 0.9613
vn 0.2740 -0.0045 0.9617
vn 0.1589 -0.0477 0.9861
vn 0.1204 -0.0420 0.9918
vn -0.1761 -0.1197 -0.9771
vn 0.1096 0.1589 -0.9812
vn 0.1023 -0.3294 -0.9386
vn 0.2894 0.2278 -0.9297
vn 0.3422 -0.3233 -0.8823
vn 0.4865 -0.0381 -0.8728
vn -0.4760 -0.2158 -0.8526
vn -0.2894 0.1879 -0.9386
vn 0.1073 0.3261 -0.9392
vn 0.4216 0.3631 -0.8309
vn 0.5469 0.2819 -0.7883
vn 0.6322 -0.1041 -0.7678
vn 0.5523 -0.4172 -0.7217
vn 0.4511 -0.5246 -0.7220
vn 0.1540 -0.5607 -0.8136
vn -0.1580 -0.4772 -0.8645
vn -0.2181 0.5430 -0.8110
vn 0.2945 0.4301 -0.8534
vn -0.4353 0.3640 -0.8234
vn 0.4157 0.3535 -0.8380
vn 0.3974 0.0909 -0.9131
vn -0.3902 0.0784 -0.9174
vn -0.0170 -0.0411 -0.9990
vn -0.2179 -0.1270 -0.9677
vn -0.0219 0.7520 -0.6588
vn -0.1439 0.7797 -0.6093
vn -0.3817 0.7286 -0.5688
vn -0.6506 0.5738 -0.4975
vn -0.7096 0.2820 -0.6456
vn -0.6692 0.0217 -0.7428
vn -0.5432 -0.2156 -0.8114
vn -0.2470 -0.3344 -0.9095
vn -0.1147 -0.3113 -0.9434
vn 0.4005 -0.3082 -0.8629
vn 0.4556 -0.2237 -0.8616
vn 0.5133 -0.1985 -0.8350
vn 0.6774 0.0402 -0.7345
vn 0.6667 0.3585 -0.6534
vn 0.4888 0.6283 -0.6052
vn 0.3868 0.7038 -0.5959
vn 0.7377 0.2244 -0.6367
vn 0.8904 -0.2663 -0.3691
vn 0.4996 -0.1837 -0.8466
vn 0.4519 -0.6238 -0.6376
vn 0.0210 -0.1993 -0.9797
vn -0.0191 -0.6398 -0.7683
vn 0.1070 -0.9568 -0.2705
vn 0.6320 -0.7477 -0.2038
vn -0.1507 0.5429 -0.8262
vn 0.2322 0.4054 -0.8842
vn -0.4329 0.3234 -0.8415
vn -0.3155 0.1917 -0.9293
vn -0.7104 -0.2589 -0.6545
vn -0.5559 -0.3122 -0.7703
vn -0.4960 -0.7950 -0.3491
vn -0.3887 -0.7811 -0.4887
vn -0.2629 -0.9479 -0.1799
vn 0.5211 0.5648 -0.6399
vn 0.7843 0.3615 -0.5042
vn 0.9595 -0.2059 -0.1921
vn 0.6520 -0.7578 -0.0266
vn 0.3757 -0.9267 -0.0015
vn 0.7377 0.2241 -0.6368
vn 0.8908 -0.2651 -0.3691
vn 0.4999 -0.1838 -0.8464
vn 0.4516 -0.6240 -0.6377
vn 0.0205 -0.2001 -0.9796
vn -0.0201 -0.6390 -0.7689
vn 0.1069 -0.9566 -0.2712
vn 0.6327 -0.7471 -0.2040
vn -0.1501 0.5413 -0.8273
vn 0.2324 0.4045 -0.8845
vn -0.4324 0.3221 -0.8422
vn -0.3151 0.1910 -0.9296
vn -0.7101 -0.2590 -0.6548
vn -0.5562 -0.3118 -0.7703
vn -0.4975 -0.7947 -0.3478
vn -0.3897 -0.7801 -0.4894
vn -0.2631 -0.9479 -0.1796
vn 0.5213 0.5638 -0.6406
vn 0.7844 0.3612 -0.5042
vn 0.9596 -0.2050 -0.1925
vn 0.6526 -0.7572 -0.0267
vn 0.3758 -0.9267 -0.0018
vn 0.4640 0.2959 -0.8350
vn 0.6846 -0.2209 -0.6947
vn 0.1500 -0.0847 -0.9850
vn 0.1627 -0.5460 -0.8218
vn -0.3458 -0.0852 -0.9344
vn -0.3256 -0.5464 -0.7717
vn -0.0403 -0.9198 -0.3902
vn 0.4832 -0.7186 -0.5002
vn -0.4174 0.6338 -0.6512
vn -0.0877 0.5040 -0.8592
vn -0.6945 0.4183 -0.5854
vn -0.6245 0.2957 -0.7229
vn -0.9104 -0.1816 -0.3717
vn -0.8113 -0.2211 -0.5413
vn -0.6228 -0.7492 -0.2253
vn -0.5734 -0.7190 -0.3927
vn -0.3518 -0.9209 -0.1680
vn 0.2772 0.6333 -0.7225
vn 0.5608 0.4167 -0.7155
vn 0.8156 -0.1817 -0.5494
vn 0.5652 -0.7492 -0.3453
vn 0.3100 -0.9212 -0.2352
vn 0.8011 0.5523 -0.2305
vn 0.9755 -0.0311 -0.2177
vn 0.7134 0.2923 -0.6369
vn 0.6841 -0.2021 -0.7009
vn 0.3673 0.3391 -0.8661
vn 0.3441 -0.1558 -0.9259
vn 0.3146 -0.7032 -0.6376
vn 0.7363 -0.5614 -0.3777
vn 0.0308 0.9170 -0.3977
vn 0.3909 0.8060 -0.4445
vn -0.2083 0.7622 -0.6128
vn -0.0347 0.6739 -0.7380
vn -0.4701 0.1256 -0.8736
vn -0.2453 0.1271 -0.9611
vn -0.2685 -0.5682 -0.7779
vn -0.0857 -0.4679 -0.8796
vn -0.0535 -0.7885 -0.6128
vn 0.5388 0.8343 -0.1170
vn 0.8083 0.5868 -0.0476
vn 0.9976 -0.0575 -0.0384
vn 0.7362 -0.6442 -0.2073
vn 0.4495 -0.8303 -0.3295
vn 0.8490 0.3449 -0.4003
vn 0.9542 -0.1962 -0.2257
vn 0.6699 0.0025 -0.7425
vn 0.5893 -0.4715 -0.6561
vn 0.2290 0.0308 -0.9729
vn 0.1561 -0.4439 -0.8823
vn 0.1827 -0.8708 -0.4564
vn 0.6777 -0.6967 -0.2354
vn 0.0153 0.7198 -0.6940
vn 0.4034 0.5901 -0.6993
vn -0.2524 0.5189 -0.8167
vn -0.1187 0.4070 -0.9057
vn -0.5518 -0.0827 -0.8299
vn -0.3760 -0.1117 -0.9199
vn -0.3989 -0.6787 -0.6167
vn -0.2626 -0.6363 -0.7253
vn -0.2007 -0.8734 -0.4437
vn 0.6318 0.6803 -0.3715
vn 0.8636 0.4466 -0.2341
vn 0.9831 -0.1806 -0.0290
vn 0.6622 -0.7465 -0.0644
vn 0.3897 -0.9107 -0.1368
usemtl pawn_it_it041f_model_it_it041f_01_BM.001
s 1
f 1/1/1 2/2/2 3/3/3
f 4/4/4 3/3/3 2/2/2
f 5/5/5 6/6/6 7/7/7
f 8/8/8 7/7/7 6/6/6
f 9/9/9 10/10/10 11/11/11
f 12/12/12 11/11/11 10/10/10
f 9/9/13 13/13/14 10/10/15
f 14/14/16 10/10/15 13/13/14
f 10/10/15 14/14/16 12/15/17
f 12/15/17 14/14/16 15/16/18
f 16/17/19 15/16/18 14/14/16
f 15/16/18 16/17/19 17/18/20
f 18/19/21 17/18/20 16/17/19
f 17/18/20 18/19/21 19/20/22
f 20/21/23 18/19/21 21/22/24
f 16/17/19 21/22/24 18/19/21
f 14/14/16 21/22/24 16/17/19
f 21/22/24 14/14/16 22/23/25
f 13/13/14 22/23/25 14/14/16
f 23/24/26 24/25/27 25/26/28
f 26/27/29 25/26/28 24/25/27
f 27/28/30 28/29/31 29/30/32
f 30/31/33 29/30/32 28/29/31
f 31/32/34 19/33/35 20/21/36
f 18/19/37 20/21/36 19/33/35
f 32/34/38 33/35/39 34/36/40
f 35/37/41 34/36/40 33/35/39
f 34/38/42 36/39/43 32/34/38
f 37/40/44 32/34/38 36/39/43
f 32/34/38 37/40/44 33/35/45
f 33/35/45 37/40/44 38/41/46
f 39/42/47 38/41/46 37/40/44
f 38/41/46 39/42/47 40/43/48
f 41/44/49 40/43/48 39/42/47
f 42/45/50 40/43/48 41/44/49
f 40/43/48 42/45/50 43/46/51
f 43/46/51 42/45/50 44/47/52
f 44/47/52 42/45/50 45/48/53
f 46/49/54 45/48/53 42/45/50
f 36/39/43 47/50/55 37/40/44
f 37/40/44 47/50/55 39/42/47
f 45/51/56 39/42/47 47/50/55
f 39/42/47 45/51/56 41/44/49
f 46/49/57 41/44/49 45/51/56
f 41/44/49 46/49/57 42/45/50
f 48/52/58 49/53/59 50/54/60
f 51/55/61 50/54/60 49/53/59
f 50/56/62 51/55/61 52/57/63
f 49/53/59 52/57/63 51/55/61
f 52/57/63 49/53/59 53/58/64
f 54/59/65 48/60/66 55/61/67
f 50/56/62 55/61/67 48/60/66
f 55/61/67 50/56/62 56/62/68
f 52/57/63 56/62/68 50/56/62
f 56/62/68 52/57/63 24/63/69
f 24/63/69 52/57/63 26/27/70
f 53/58/64 26/27/70 52/57/63
f 26/27/70 53/58/64 25/26/71
f 57/64/72 58/65/73 59/66/74
f 60/67/75 57/64/72 61/68/76
f 59/66/74 61/68/76 57/64/72
f 61/68/76 59/66/74 62/69/77
f 63/70/78 62/69/77 59/66/74
f 64/71/79 62/69/77 63/70/78
f 62/69/77 64/71/79 65/72/80
f 66/73/81 65/72/80 64/71/79
f 65/72/80 66/73/81 67/74/82
f 67/74/82 66/73/81 68/75/83
f 68/75/83 66/73/81 69/76/84
f 69/76/84 66/73/81 70/77/85
f 64/71/79 70/77/85 66/73/81
f 70/77/85 64/71/79 71/78/86
f 63/70/78 71/78/86 64/71/79
f 71/78/86 63/70/78 72/79/87
f 73/80/88 72/79/87 63/70/78
f 72/79/87 73/80/88 58/65/73
f 58/65/73 73/80/88 59/66/74
f 63/70/78 59/66/74 73/80/88
f 74/81/89 69/76/84 75/82/90
f 70/77/85 75/82/90 69/76/84
f 75/82/90 70/77/85 76/83/91
f 71/78/86 76/83/91 70/77/85
f 76/83/91 71/78/86 77/84/92
f 72/79/87 77/84/92 71/78/86
f 77/84/92 72/79/87 78/85/93
f 58/65/73 78/85/93 72/79/87
f 78/85/93 58/65/73 79/86/94
f 57/64/72 79/86/94 58/65/73
f 79/86/94 57/64/72 80/87/95
f 60/67/75 80/87/95 57/64/72
f 80/87/95 60/67/75 81/88/96
f 82/89/97 81/88/96 60/67/75
f 81/88/96 82/89/97 83/90/98
f 84/91/99 83/90/98 82/89/97
f 83/90/98 84/91/99 85/92/100
f 82/89/97 60/67/75 86/93/101
f 61/68/76 86/93/101 60/67/75
f 86/93/101 61/68/76 87/94/102
f 87/94/102 61/68/76 88/95/103
f 62/69/77 88/95/103 61/68/76
f 65/72/80 88/95/103 62/69/77
f 88/95/103 65/72/80 89/96/104
f 90/97/105 89/96/104 65/72/80
f 89/96/104 90/97/105 91/98/106
f 92/99/107 91/98/106 90/97/105
f 91/98/106 92/99/107 93/100/108
f 94/101/109 93/100/108 92/99/107
f 95/102/110 93/100/108 94/101/109
f 93/100/108 95/102/110 96/103/111
f 97/104/112 96/103/111 95/102/110
f 96/103/111 97/104/112 98/105/113
f 98/105/113 97/104/112 99/106/114
f 100/107/115 99/106/114 97/104/112
f 101/108/116 99/106/114 100/107/115
f 99/106/114 101/108/116 102/109/117
f 103/110/118 102/109/117 101/108/116
f 102/109/117 103/110/118 104/111/119
f 104/111/119 103/110/118 105/112/120
f 106/113/121 105/112/120 103/110/118
f 107/114/122 105/112/120 106/113/121
f 105/112/120 107/114/122 108/115/123
f 109/116/124 108/115/123 107/114/122
f 110/117/125 108/115/123 109/116/124
f 108/115/123 110/117/125 111/118/126
f 112/119/127 111/118/126 110/117/125
f 111/118/126 112/119/127 113/120/128
f 114/121/129 113/120/128 112/119/127
f 24/122/130 91/98/106 56/123/131
f 93/100/108 56/123/131 91/98/106
f 96/103/111 56/123/131 93/100/108
f 56/123/131 96/103/111 55/124/132
f 98/105/113 55/124/132 96/103/111
f 55/124/132 98/105/113 115/125/133
f 99/106/114 115/125/133 98/105/113
f 115/125/133 99/106/114 116/126/134
f 102/109/117 116/126/134 99/106/114
f 116/126/134 102/109/117 117/127/135
f 104/111/119 117/127/135 102/109/117
f 117/127/135 104/111/119 118/128/136
f 105/112/120 118/128/136 104/111/119
f 118/128/136 105/112/120 119/129/137
f 108/115/123 119/129/137 105/112/120
f 119/129/137 108/115/123 120/130/138
f 120/130/138 108/115/123 121/131/139
f 121/131/139 108/115/123 122/132/140
f 122/132/140 108/115/123 123/133/141
f 111/118/126 123/133/141 108/115/123
f 123/133/141 111/118/126 124/134/142
f 113/120/128 124/134/142 111/118/126
f 124/134/142 113/120/128 125/135/143
f 126/136/144 125/135/143 113/120/128
f 125/135/143 126/136/144 127/137/145
f 128/138/146 127/137/145 126/136/144
f 127/137/145 128/138/146 129/139/147
f 129/139/147 128/138/146 130/140/148
f 131/141/149 130/140/148 128/138/146
f 130/140/148 131/141/149 74/81/89
f 68/75/83 74/81/89 131/141/149
f 74/81/89 68/75/83 69/76/84
f 113/120/128 114/121/129 126/136/144
f 132/142/150 126/136/144 114/121/129
f 133/143/151 126/136/144 132/142/150
f 126/136/144 133/143/151 128/138/146
f 134/144/152 128/138/146 133/143/151
f 135/145/153 128/138/146 134/144/152
f 128/138/146 135/145/153 131/141/149
f 136/146/154 131/141/149 135/145/153
f 131/141/149 136/146/154 68/75/83
f 137/147/155 68/75/83 136/146/154
f 68/75/83 137/147/155 67/74/82
f 138/148/156 67/74/82 137/147/155
f 67/74/82 138/148/156 65/72/80
f 65/72/80 138/148/156 90/97/105
f 90/97/105 138/148/156 92/99/107
f 137/147/155 92/99/107 138/148/156
f 92/99/107 137/147/155 139/149/157
f 136/146/154 139/149/157 137/147/155
f 139/149/157 136/146/154 140/150/158
f 141/151/159 140/150/158 136/146/154
f 140/150/158 141/151/159 142/152/160
f 143/153/161 142/152/160 141/151/159
f 142/152/160 143/153/161 144/154/162
f 145/155/163 144/154/162 143/153/161
f 144/154/162 145/155/163 146/156/164
f 146/156/164 145/155/163 112/119/127
f 112/119/127 145/155/163 114/121/129
f 147/157/165 114/121/129 145/155/163
f 114/121/129 147/157/165 132/142/150
f 132/142/150 147/157/165 133/143/151
f 148/158/166 133/143/151 147/157/165
f 133/143/151 148/158/166 134/144/152
f 145/155/163 143/153/161 147/157/165
f 141/151/159 147/157/165 143/153/161
f 147/157/165 141/151/159 148/158/166
f 136/146/154 148/158/166 141/151/159
f 149/159/167 150/160/168 151/161/169
f 151/161/169 150/160/168 152/162/170
f 153/163/171 152/162/170 150/160/168
f 152/162/170 153/163/171 154/164/172
f 155/165/173 154/164/172 153/163/171
f 156/166/174 154/164/172 155/165/173
f 154/164/172 156/166/174 157/167/175
f 157/167/175 156/166/174 158/168/176
f 158/168/176 156/166/174 144/154/162
f 144/154/162 156/166/174 142/152/160
f 142/152/160 156/166/174 159/169/177
f 155/165/173 159/169/177 156/166/174
f 159/169/177 155/165/173 160/170/178
f 153/163/171 160/170/178 155/165/173
f 150/160/168 160/170/178 153/163/171
f 97/104/112 160/170/178 150/160/168
f 95/102/110 160/170/178 97/104/112
f 94/101/109 160/170/178 95/102/110
f 160/170/178 94/101/109 159/169/177
f 159/169/177 94/101/109 142/152/160
f 142/152/160 94/101/109 140/150/158
f 161/171/179 140/150/158 94/101/109
f 140/150/158 161/171/179 139/149/157
f 139/149/157 161/171/179 92/99/107
f 94/101/109 92/99/107 161/171/179
f 112/119/127 110/117/125 146/156/164
f 109/116/124 146/156/164 110/117/125
f 107/114/122 146/156/164 109/116/124
f 146/156/164 107/114/122 162/172/180
f 106/113/121 162/172/180 107/114/122
f 162/172/180 106/113/121 163/173/181
f 103/110/118 163/173/181 106/113/121
f 101/108/116 163/173/181 103/110/118
f 163/173/181 101/108/116 164/174/182
f 100/107/115 164/174/182 101/108/116
f 97/104/112 164/174/182 100/107/115
f 150/160/168 164/174/182 97/104/112
f 149/159/167 164/174/182 150/160/168
f 165/175/183 164/174/182 149/159/167
f 166/176/184 164/174/182 165/175/183
f 164/174/182 166/176/184 163/173/181
f 167/177/185 163/173/181 166/176/184
f 163/173/181 167/177/185 162/172/180
f 168/178/186 162/172/180 167/177/185
f 162/172/180 168/178/186 146/156/164
f 169/179/187 146/156/164 168/178/186
f 146/156/164 169/179/187 144/154/162
f 144/154/162 169/179/187 158/168/176
f 158/168/176 169/179/187 170/180/188
f 168/178/186 170/180/188 169/179/187
f 170/180/188 168/178/186 167/177/185
f 171/181/189 172/182/190 173/183/191
f 174/184/192 173/183/191 172/182/190
f 173/183/191 174/184/192 175/185/193
f 175/186/194 176/187/195 173/183/191
f 173/183/191 176/187/195 171/181/189
f 28/29/196 171/181/189 176/187/195
f 171/181/189 28/29/196 27/28/197
f 30/31/198 28/29/196 177/188/199
f 176/187/195 177/188/199 28/29/196
f 175/186/194 177/188/199 176/187/195
f 177/188/199 175/186/194 178/189/200
f 178/189/200 175/186/194 179/190/201
f 174/191/202 179/190/201 175/186/194
f 148/158/166 136/146/154 134/144/152
f 135/145/153 134/144/152 136/146/154
f 23/24/203 25/26/204 180/192/205
f 53/58/206 180/192/205 25/26/204
f 180/192/205 53/58/206 54/193/207
f 54/193/207 53/58/206 48/194/208
f 49/53/209 48/194/208 53/58/206
f 27/28/210 29/30/211 171/181/212
f 181/195/213 171/181/212 29/30/211
f 171/181/212 181/195/213 172/182/214
f 172/182/214 181/195/213 174/196/215
f 179/197/216 174/196/215 181/195/213
f 3/198/217 4/199/218 182/200/219
f 183/201/220 182/200/219 4/199/218
f 184/202/221 182/200/219 183/201/220
f 182/200/219 184/202/221 185/203/222
f 6/204/223 185/203/222 184/202/221
f 185/203/222 6/204/223 5/205/224
f 11/206/225 12/207/226 186/208/227
f 15/209/228 186/208/227 12/207/226
f 17/210/229 186/208/227 15/209/228
f 186/208/227 17/210/229 187/211/230
f 187/211/230 17/210/229 31/212/231
f 19/213/232 31/212/231 17/210/229
f 34/214/233 35/215/234 36/216/235
f 188/217/236 36/216/235 35/215/234
f 36/216/235 188/217/236 47/218/237
f 43/219/238 47/218/237 188/217/236
f 44/220/239 47/218/237 43/219/238
f 47/218/237 44/220/239 45/221/240
f 178/222/241 189/223/242 190/224/243
f 191/225/244 190/224/243 189/223/242
f 192/226/245 190/224/243 191/225/244
f 193/227/246 190/224/243 192/226/245
f 177/228/247 190/224/243 193/227/246
f 190/224/243 177/228/247 178/222/241
f 194/229/248 195/230/249 196/231/250
f 196/231/250 195/230/249 197/232/251
f 198/233/252 197/232/251 195/230/249
f 197/232/251 198/233/252 199/234/253
f 200/235/254 199/234/253 198/233/252
f 199/234/253 200/235/254 201/236/255
f 202/237/256 201/236/255 200/235/254
f 203/238/257 201/236/255 202/237/256
f 201/236/255 203/238/257 199/234/253
f 199/234/253 203/238/257 204/239/258
f 205/240/259 204/239/258 203/238/257
f 204/239/258 205/240/259 206/241/260
f 207/242/261 206/241/260 205/240/259
f 206/241/260 207/242/261 208/243/262
f 208/243/262 207/242/261 191/225/244
f 209/244/263 191/225/244 207/242/261
f 191/225/244 209/244/263 192/226/245
f 210/245/264 192/226/245 209/244/263
f 192/226/245 210/245/264 193/227/246
f 211/246/265 193/227/246 210/245/264
f 193/227/246 211/246/265 177/228/247
f 212/247/266 177/228/247 211/246/265
f 177/228/247 212/247/266 30/248/267
f 203/238/257 202/237/256 205/240/259
f 213/249/268 205/240/259 202/237/256
f 205/240/259 213/249/268 207/242/261
f 207/242/261 213/249/268 209/244/263
f 214/250/269 209/244/263 213/249/268
f 209/244/263 214/250/269 210/245/264
f 215/251/270 210/245/264 214/250/269
f 210/245/264 215/251/270 211/246/265
f 216/252/271 211/246/265 215/251/270
f 211/246/265 216/252/271 217/253/272
f 217/253/272 216/252/271 218/254/273
f 215/251/270 218/254/273 216/252/271
f 214/250/269 218/254/273 215/251/270
f 218/254/273 214/250/269 219/255/274
f 219/255/274 214/250/269 220/256/275
f 213/249/268 220/256/275 214/250/269
f 202/237/256 220/256/275 213/249/268
f 220/256/275 202/237/256 221/257/276
f 200/235/254 221/257/276 202/237/256
f 198/233/252 221/257/276 200/235/254
f 221/257/276 198/233/252 222/258/277
f 195/230/249 222/258/277 198/233/252
f 222/258/277 195/230/249 223/259/278
f 194/229/248 223/259/278 195/230/249
f 223/259/278 194/229/248 224/260/279
f 224/260/279 194/229/248 225/261/280
f 226/262/281 225/261/280 194/229/248
f 227/263/282 225/261/280 226/262/281
f 225/261/280 227/263/282 228/264/283
f 229/265/284 228/264/283 227/263/282
f 230/266/285 228/264/283 229/265/284
f 228/264/283 230/266/285 231/267/286
f 219/255/274 220/256/275 232/268/287
f 232/268/287 220/256/275 233/269/288
f 221/257/276 233/269/288 220/256/275
f 222/258/277 233/269/288 221/257/276
f 233/269/288 222/258/277 234/270/289
f 223/259/278 234/270/289 222/258/277
f 235/271/290 234/270/289 223/259/278
f 234/270/289 235/271/290 236/272/291
f 237/273/292 236/272/291 235/271/290
f 236/272/291 237/273/292 238/274/293
f 232/268/287 238/274/293 237/273/292
f 233/269/288 238/274/293 232/268/287
f 238/274/293 233/269/288 236/272/291
f 234/270/289 236/272/291 233/269/288
f 228/264/283 231/267/286 239/275/294
f 240/276/295 239/275/294 231/267/286
f 241/277/296 239/275/294 240/276/295
f 239/275/294 241/277/296 235/271/290
f 235/271/290 241/277/296 237/273/292
f 242/278/297 237/273/292 241/277/296
f 237/273/292 242/278/297 243/279/298
f 244/280/299 243/279/298 242/278/297
f 245/281/300 243/279/298 244/280/299
f 246/282/301 243/279/298 245/281/300
f 243/279/298 246/282/301 237/273/292
f 247/283/302 237/273/292 246/282/301
f 237/273/292 247/283/302 232/268/287
f 232/268/287 247/283/302 219/255/274
f 219/255/274 247/283/302 218/254/273
f 248/284/303 218/254/273 247/283/302
f 218/254/273 248/284/303 217/253/272
f 249/285/304 217/253/272 248/284/303
f 217/253/272 249/285/304 250/286/305
f 250/286/305 249/285/304 251/287/306
f 251/287/306 249/285/304 245/281/300
f 245/281/300 249/285/304 252/288/307
f 248/284/303 252/288/307 249/285/304
f 252/288/307 248/284/303 253/289/308
f 247/283/302 253/289/308 248/284/303
f 246/282/301 253/289/308 247/283/302
f 245/281/300 253/289/308 246/282/301
f 253/289/308 245/281/300 252/288/307
f 121/131/309 254/290/310 255/291/311
f 254/290/310 121/131/309 231/267/286
f 122/132/312 231/267/286 121/131/309
f 231/267/286 122/132/312 240/276/295
f 240/276/295 122/132/312 241/277/296
f 123/133/313 241/277/296 122/132/312
f 241/277/296 123/133/313 242/278/297
f 124/292/314 242/278/297 123/133/313
f 242/278/297 124/292/314 244/280/299
f 125/293/315 244/280/299 124/292/314
f 127/294/316 244/280/299 125/293/315
f 244/280/299 127/294/316 245/281/300
f 129/295/317 245/281/300 127/294/316
f 130/140/318 245/281/300 129/295/317
f 245/281/300 130/140/318 251/287/306
f 74/81/319 251/287/306 130/140/318
f 251/287/306 74/81/319 250/286/305
f 75/82/320 250/286/305 74/81/319
f 250/286/305 75/82/320 256/296/321
f 76/83/322 256/296/321 75/82/320
f 256/296/321 76/83/322 257/297/323
f 77/84/324 257/297/323 76/83/322
f 257/297/323 77/84/324 258/298/325
f 78/85/326 258/298/325 77/84/324
f 258/298/325 78/85/326 259/299/327
f 79/300/328 259/299/327 78/85/326
f 259/299/327 79/300/328 260/301/329
f 80/302/330 260/301/329 79/300/328
f 260/301/329 80/302/330 261/303/331
f 81/304/332 261/303/331 80/302/330
f 261/303/331 81/304/332 262/305/333
f 83/306/334 262/305/333 81/304/332
f 262/305/333 83/306/334 263/307/335
f 85/308/336 263/307/335 83/306/334
f 263/307/335 85/308/336 264/309/337
f 265/310/338 264/309/337 85/308/336
f 266/311/339 264/309/337 265/310/338
f 264/309/337 266/311/339 267/312/340
f 268/313/341 267/312/340 266/311/339
f 267/312/340 268/313/341 269/314/342
f 270/315/343 269/314/342 268/313/341
f 269/314/342 270/315/343 271/316/344
f 272/317/345 271/316/344 270/315/343
f 271/316/344 272/317/345 29/318/346
f 273/319/347 29/318/346 272/317/345
f 29/318/346 273/319/347 181/320/348
f 274/321/349 181/320/348 273/319/347
f 275/322/350 181/320/348 274/321/349
f 181/320/348 275/322/350 179/323/351
f 179/323/351 275/322/350 276/324/352
f 276/324/352 275/322/350 277/325/353
f 278/326/354 277/325/353 275/322/350
f 264/309/337 267/312/340 263/307/335
f 279/327/355 263/307/335 267/312/340
f 280/328/356 263/307/335 279/327/355
f 263/307/335 280/328/356 262/305/333
f 281/329/357 262/305/333 280/328/356
f 262/305/333 281/329/357 261/303/331
f 282/330/358 261/303/331 281/329/357
f 261/303/331 282/330/358 260/301/329
f 283/331/359 260/301/329 282/330/358
f 260/301/329 283/331/359 259/299/327
f 284/332/360 259/299/327 283/331/359
f 259/299/327 284/332/360 258/298/325
f 258/298/325 284/332/360 257/297/323
f 285/333/361 257/297/323 284/332/360
f 257/297/323 285/333/361 256/296/321
f 286/334/362 256/296/321 285/333/361
f 256/296/321 286/334/362 250/286/305
f 287/335/363 250/286/305 286/334/362
f 250/286/305 287/335/363 217/253/272
f 288/336/364 217/253/272 287/335/363
f 289/337/365 217/253/272 288/336/364
f 217/253/272 289/337/365 211/246/265
f 211/246/265 289/337/365 212/247/266
f 290/338/366 212/247/266 289/337/365
f 291/339/367 212/247/266 290/338/366
f 212/247/266 291/339/367 30/340/368
f 30/340/368 291/339/367 29/318/346
f 29/318/346 291/339/367 271/316/344
f 290/338/366 271/316/344 291/339/367
f 271/316/344 290/338/366 292/341/369
f 293/342/370 292/341/369 290/338/366
f 292/341/369 293/342/370 294/343/371
f 292/341/369 294/343/371 271/316/344
f 271/316/344 294/343/371 269/314/342
f 269/314/342 294/343/371 267/312/340
f 267/312/340 294/343/371 279/327/355
f 279/327/355 294/343/371 280/328/356
f 293/342/370 280/328/356 294/343/371
f 280/328/356 293/342/370 281/329/357
f 295/344/372 281/329/357 293/342/370
f 296/345/373 281/329/357 295/344/372
f 281/329/357 296/345/373 282/330/358
f 282/330/358 296/345/373 283/331/359
f 297/346/374 283/331/359 296/345/373
f 283/331/359 297/346/374 284/332/360
f 298/347/375 284/332/360 297/346/374
f 284/332/360 298/347/375 285/333/361
f 285/333/361 298/347/375 286/334/362
f 299/348/376 286/334/362 298/347/375
f 286/334/362 299/348/376 287/335/363
f 287/335/363 299/348/376 288/336/364
f 300/349/377 288/336/364 299/348/376
f 288/336/364 300/349/377 289/337/365
f 289/337/365 300/349/377 290/338/366
f 290/338/366 300/349/377 293/342/370
f 293/342/370 300/349/377 295/344/372
f 299/348/376 295/344/372 300/349/377
f 298/347/375 295/344/372 299/348/376
f 297/346/374 295/344/372 298/347/375
f 295/344/372 297/346/374 296/345/373
f 301/350/378 302/351/379 303/352/380
f 304/353/381 303/352/380 302/351/379
f 303/352/380 304/353/381 305/354/382
f 306/355/383 305/354/382 304/353/381
f 307/356/384 305/354/382 306/355/383
f 305/354/382 307/356/384 308/357/385
f 309/358/386 308/357/385 307/356/384
f 308/357/385 309/358/386 310/359/387
f 309/358/386 307/356/384 311/360/388
f 311/360/388 307/356/384 312/361/389
f 312/361/389 307/356/384 313/362/390
f 306/355/383 313/362/390 307/356/384
f 314/363/391 313/362/390 306/355/383
f 315/364/392 313/362/390 314/363/391
f 316/365/393 313/362/390 315/364/392
f 313/362/390 316/365/393 312/361/389
f 304/353/381 317/366/394 306/355/383
f 318/367/395 306/355/383 317/366/394
f 306/355/383 318/367/395 314/363/391
f 319/368/396 314/363/391 318/367/395
f 314/363/391 319/368/396 315/364/392
f 315/364/392 319/368/396 320/369/397
f 318/367/395 320/369/397 319/368/396
f 320/369/397 318/367/395 321/370/398
f 321/370/398 318/367/395 322/371/399
f 317/366/394 322/371/399 318/367/395
f 230/266/285 322/371/399 317/366/394
f 229/265/284 322/371/399 230/266/285
f 322/371/399 229/265/284 321/370/398
f 254/290/310 231/267/286 323/372/400
f 323/372/400 231/267/286 324/373/401
f 230/266/285 324/373/401 231/267/286
f 317/366/394 324/373/401 230/266/285
f 324/373/401 317/366/394 325/374/402
f 325/374/402 317/366/394 326/375/403
f 304/353/381 326/375/403 317/366/394
f 326/375/403 304/353/381 302/351/379
f 316/365/393 315/364/392 327/376/404
f 327/376/404 315/364/392 328/377/405
f 328/377/405 315/364/392 329/378/406
f 320/369/397 329/378/406 315/364/392
f 329/378/406 320/369/397 330/379/407
f 330/379/407 320/369/397 331/380/408
f 321/370/398 331/380/408 320/369/397
f 332/381/409 331/380/408 321/370/398
f 331/380/408 332/381/409 330/379/407
f 333/382/410 330/379/407 332/381/409
f 276/324/352 330/379/407 333/382/410
f 330/379/407 276/324/352 334/383/411
f 277/325/353 334/383/411 276/324/352
f 335/384/412 334/383/411 277/325/353
f 328/377/405 334/383/411 335/384/412
f 329/378/406 334/383/411 328/377/405
f 334/383/411 329/378/406 330/379/407
f 194/229/248 196/231/250 226/262/281
f 336/385/413 226/262/281 196/231/250
f 226/262/281 336/385/413 227/263/282
f 337/386/414 227/263/282 336/385/413
f 227/263/282 337/386/414 229/265/284
f 338/387/415 229/265/284 337/386/414
f 229/265/284 338/387/415 321/370/398
f 321/370/398 338/387/415 332/381/409
f 337/386/414 332/381/409 338/387/415
f 332/381/409 337/386/414 339/388/416
f 339/388/416 337/386/414 340/389/417
f 336/385/413 340/389/417 337/386/414
f 340/389/417 336/385/413 341/390/418
f 196/231/250 341/390/418 336/385/413
f 341/390/418 196/231/250 342/391/419
f 342/391/419 196/231/250 343/392/420
f 197/232/251 343/392/420 196/231/250
f 199/234/253 343/392/420 197/232/251
f 343/392/420 199/234/253 342/391/419
f 204/239/258 342/391/419 199/234/253
f 342/391/419 204/239/258 341/390/418
f 206/241/260 341/390/418 204/239/258
f 341/390/418 206/241/260 340/389/417
f 208/243/262 340/389/417 206/241/260
f 340/389/417 208/243/262 339/388/416
f 191/225/244 339/388/416 208/243/262
f 339/388/416 191/225/244 332/381/409
f 189/223/242 332/381/409 191/225/244
f 332/381/409 189/223/242 333/382/410
f 178/222/241 333/382/410 189/223/242
f 333/382/410 178/222/241 276/324/352
f 179/323/351 276/324/352 178/222/241
f 225/261/280 228/264/283 224/260/279
f 239/275/294 224/260/279 228/264/283
f 224/260/279 239/275/294 344/393/421
f 235/271/290 344/393/421 239/275/294
f 223/259/278 344/393/421 235/271/290
f 344/393/421 223/259/278 224/260/279
f 255/394/422 345/395/423 121/131/139
f 121/131/139 345/395/423 120/130/138
f 346/396/424 120/130/138 345/395/423
f 120/130/138 346/396/424 119/129/137
f 347/397/425 119/129/137 346/396/424
f 119/129/137 347/397/425 348/398/426
f 349/399/427 348/398/426 347/397/425
f 348/398/426 349/399/427 350/400/428
f 350/400/428 349/399/427 303/352/429
f 301/350/430 303/352/429 349/399/427
f 303/352/429 305/354/431 350/400/428
f 351/401/432 350/400/428 305/354/431
f 350/400/428 351/401/432 348/398/426
f 352/402/433 348/398/426 351/401/432
f 353/403/434 348/398/426 352/402/433
f 348/398/426 353/403/434 119/129/137
f 119/129/137 353/403/434 118/128/136
f 118/128/136 353/403/434 117/127/135
f 117/127/135 353/403/434 354/404/435
f 352/402/433 354/404/435 353/403/434
f 354/404/435 352/402/433 355/405/436
f 355/405/436 352/402/433 356/406/437
f 351/401/432 356/406/437 352/402/433
f 356/406/437 351/401/432 308/407/438
f 305/354/431 308/407/438 351/401/432
f 308/407/438 310/408/439 356/406/437
f 357/409/440 356/406/437 310/408/439
f 358/410/441 356/406/437 357/409/440
f 356/406/437 358/410/441 355/405/436
f 359/411/442 355/405/436 358/410/441
f 355/405/436 359/411/442 360/412/443
f 361/413/444 360/412/443 359/411/442
f 362/414/445 360/412/443 361/413/444
f 360/412/443 362/414/445 363/415/446
f 364/416/447 363/415/446 362/414/445
f 363/415/446 364/416/447 365/417/448
f 366/418/449 365/417/448 364/416/447
f 367/419/450 365/417/448 366/418/449
f 115/125/133 365/417/448 367/419/450
f 116/126/134 365/417/448 115/125/133
f 365/417/448 116/126/134 363/415/446
f 363/415/446 116/126/134 368/420/451
f 117/127/135 368/420/451 116/126/134
f 354/404/435 368/420/451 117/127/135
f 368/420/451 354/404/435 363/415/446
f 363/415/446 354/404/435 360/412/443
f 355/405/436 360/412/443 354/404/435
f 265/421/452 85/92/100 369/422/453
f 84/91/99 369/422/453 85/92/100
f 369/422/453 84/91/99 370/423/454
f 371/424/455 370/423/454 84/91/99
f 370/423/454 371/424/455 372/425/456
f 373/426/457 372/425/456 371/424/455
f 372/425/456 373/426/457 374/427/458
f 375/428/459 374/427/458 373/426/457
f 374/427/458 375/428/459 376/429/460
f 23/430/461 376/429/460 375/428/459
f 376/429/460 23/430/461 377/431/462
f 180/432/463 377/431/462 23/430/461
f 54/433/464 377/431/462 180/432/463
f 377/431/462 54/433/464 378/434/465
f 55/124/132 378/434/465 54/433/464
f 378/434/465 55/124/132 379/435/466
f 115/125/133 379/435/466 55/124/132
f 367/419/450 379/435/466 115/125/133
f 379/435/466 367/419/450 378/434/465
f 380/436/467 378/434/465 367/419/450
f 84/91/99 82/89/97 371/424/455
f 86/93/101 371/424/455 82/89/97
f 371/424/455 86/93/101 373/426/457
f 87/94/102 373/426/457 86/93/101
f 373/426/457 87/94/102 381/437/468
f 88/95/103 381/437/468 87/94/102
f 89/96/104 381/437/468 88/95/103
f 381/437/468 89/96/104 373/426/457
f 373/426/457 89/96/104 375/428/459
f 91/98/106 375/428/459 89/96/104
f 24/438/469 375/428/459 91/98/106
f 375/428/459 24/438/469 23/430/461
f 3/439/470 182/440/471 1/1/472
f 382/441/473 1/1/472 182/440/471
f 1/1/472 382/441/473 2/2/474
f 2/2/474 382/441/473 383/442/475
f 383/442/475 382/441/473 384/443/476
f 385/444/477 384/443/476 382/441/473
f 384/443/476 385/444/477 386/445/478
f 386/445/478 385/444/477 8/8/479
f 8/8/479 385/444/477 7/7/480
f 7/7/480 385/444/477 5/446/481
f 5/446/481 385/444/477 185/447/482
f 382/441/473 185/447/482 385/444/477
f 185/447/482 382/441/473 182/440/471
f 387/448/483 388/449/484 389/450/485
f 390/451/486 389/450/485 388/449/484
f 389/450/485 390/451/486 391/452/487
f 392/453/488 391/452/487 390/451/486
f 391/452/487 392/453/488 393/454/489
f 394/455/490 393/454/489 392/453/488
f 393/454/489 394/455/490 395/456/491
f 396/457/492 395/456/491 394/455/490
f 395/456/491 396/457/492 397/458/493
f 398/459/494 397/458/493 396/457/492
f 397/458/493 398/459/494 399/460/495
f 400/461/496 399/460/495 398/459/494
f 399/460/495 400/461/496 401/462/497
f 402/463/498 401/462/497 400/461/496
f 401/462/497 402/463/498 403/464/499
f 404/465/500 403/464/499 402/463/498
f 403/464/499 404/465/500 405/466/501
f 406/467/502 405/466/501 404/465/500
f 407/468/503 405/466/501 406/467/502
f 405/466/501 407/468/503 408/469/504
f 409/470/505 387/448/483 410/471/506
f 387/448/483 409/470/505 388/449/484
f 411/472/507 388/449/484 409/470/505
f 412/473/508 388/449/484 411/472/507
f 388/449/484 412/473/508 390/451/486
f 413/474/509 390/451/486 412/473/508
f 390/451/486 413/474/509 392/453/488
f 414/475/510 392/453/488 413/474/509
f 392/453/488 414/475/510 394/455/490
f 415/476/511 394/455/490 414/475/510
f 394/455/490 415/476/511 396/457/492
f 416/477/512 396/457/492 415/476/511
f 396/457/492 416/477/512 398/459/494
f 417/478/513 398/459/494 416/477/512
f 398/459/494 417/478/513 400/461/496
f 418/479/514 400/461/496 417/478/513
f 400/461/496 418/479/514 402/463/498
f 419/480/515 402/463/498 418/479/514
f 402/463/498 419/480/515 404/465/500
f 420/481/516 404/465/500 419/480/515
f 404/465/500 420/481/516 406/467/502
f 421/482/517 406/467/502 420/481/516
f 406/467/502 421/482/517 407/468/503
f 422/483/518 407/468/503 421/482/517
f 423/484/519 422/483/518 424/485/520
f 421/482/517 424/485/520 422/483/518
f 424/485/520 421/482/517 425/486/521
f 420/481/516 425/486/521 421/482/517
f 425/486/521 420/481/516 426/487/522
f 419/480/515 426/487/522 420/481/516
f 426/487/522 419/480/515 427/488/523
f 418/479/514 427/488/523 419/480/515
f 427/488/523 418/479/514 428/489/524
f 417/478/513 428/489/524 418/479/514
f 428/489/524 417/478/513 429/490/525
f 416/477/512 429/490/525 417/478/513
f 429/490/525 416/477/512 430/491/526
f 415/476/511 430/491/526 416/477/512
f 430/491/526 415/476/511 431/492/527
f 414/475/510 431/492/527 415/476/511
f 431/492/527 414/475/510 432/493/528
f 413/474/509 432/493/528 414/475/510
f 432/493/528 413/474/509 433/494/529
f 412/473/508 433/494/529 413/474/509
f 433/494/529 412/473/508 434/495/530
f 411/472/507 434/495/530 412/473/508
f 434/495/530 411/472/507 435/496/531
f 435/496/532 411/472/507 436/497/533
f 409/470/505 436/497/533 411/472/507
f 436/497/533 409/470/505 437/498/534
f 410/471/506 437/498/534 409/470/505
f 437/498/534 410/471/506 438/499/535
f 439/500/536 440/501/537 441/502/538
f 442/503/539 441/502/538 440/501/540
f 441/502/538 442/503/539 443/504/541
f 444/505/542 443/504/541 442/503/539
f 443/504/541 444/505/542 445/506/543
f 446/507/544 445/506/543 444/505/542
f 445/506/543 446/507/544 447/508/545
f 448/509/546 447/508/545 446/507/544
f 449/510/547 447/508/545 448/509/546
f 447/508/545 449/510/547 450/511/548
f 450/511/548 449/510/547 451/512/549
f 452/513/550 451/512/549 449/510/547
f 451/512/549 452/513/550 453/514/551
f 454/515/552 453/514/551 452/513/550
f 453/514/551 454/515/552 455/516/553
f 456/517/554 455/516/553 454/515/552
f 455/516/553 456/517/554 457/518/555
f 458/519/556 457/518/555 456/517/554
f 457/518/555 458/519/556 459/520/557
f 460/521/558 459/520/557 458/519/556
f 459/520/557 460/521/558 461/522/559
f 462/523/560 461/522/559 460/521/558
f 463/524/561 439/500/536 464/525/562
f 441/502/538 464/525/562 439/500/536
f 464/525/562 441/502/538 465/526/563
f 443/504/541 465/526/563 441/502/538
f 465/526/563 443/504/541 466/527/564
f 445/506/543 466/527/564 443/504/541
f 466/527/564 445/506/543 467/528/565
f 447/508/545 467/528/565 445/506/543
f 467/528/565 447/508/545 468/529/566
f 450/511/548 468/529/566 447/508/545
f 451/512/549 468/529/566 450/511/548
f 468/529/566 451/512/549 469/530/567
f 469/530/567 451/512/549 470/531/568
f 453/514/551 470/531/568 451/512/549
f 470/531/568 453/514/551 471/532/569
f 455/516/553 471/532/569 453/514/551
f 471/532/569 455/516/553 472/533/570
f 457/518/555 472/533/570 455/516/553
f 472/533/570 457/518/555 473/534/571
f 459/520/557 473/534/571 457/518/555
f 473/534/571 459/520/557 474/535/572
f 461/522/559 474/535/572 459/520/557
f 474/535/572 461/522/559 475/536/573
f 476/537/574 475/536/573 461/522/559
f 461/522/559 462/523/560 476/537/574
f 477/538/575 476/537/574 462/523/560
f 478/539/576 476/537/574 477/538/575
f 479/540/577 476/537/574 478/539/576
f 480/541/578 476/537/574 479/540/577
f 476/537/574 480/541/578 475/536/573
f 481/542/579 475/536/573 480/541/578
f 482/543/580 475/536/573 481/542/579
f 475/536/573 482/543/580 474/535/572
f 483/544/581 474/535/572 482/543/580
f 474/535/572 483/544/581 473/534/571
f 484/545/582 473/534/571 483/544/581
f 473/534/571 484/545/582 472/533/570
f 485/546/583 472/533/570 484/545/582
f 472/533/570 485/546/583 471/532/569
f 486/547/584 471/532/569 485/546/583
f 471/532/569 486/547/584 470/531/568
f 487/548/585 470/531/568 486/547/584
f 470/531/568 487/548/585 469/530/567
f 488/549/586 469/530/567 487/548/585
f 489/550/587 469/530/567 488/549/586
f 469/530/567 489/550/587 468/529/566
f 468/529/566 489/550/587 467/528/565
f 490/551/588 467/528/565 489/550/587
f 467/528/565 490/551/588 466/527/564
f 491/552/589 466/527/564 490/551/588
f 466/527/564 491/552/589 465/526/563
f 492/553/590 465/526/563 491/552/589
f 465/526/563 492/553/590 464/525/562
f 493/554/591 464/525/562 492/553/590
f 464/525/562 493/554/591 463/524/561
f 494/555/592 463/524/561 493/554/591
f 495/556/593 496/557/594 497/558/595
f 497/558/595 496/557/594 498/559/596
f 423/484/597 498/559/596 496/557/594
f 424/485/598 498/559/596 423/484/599
f 498/559/596 424/485/598 499/560/600
f 425/486/601 499/560/600 424/485/598
f 499/560/600 425/486/601 500/561/602
f 426/487/603 500/561/602 425/486/601
f 500/561/602 426/487/603 501/562/604
f 427/488/605 501/562/604 426/487/603
f 501/562/604 427/488/605 502/563/606
f 428/489/607 502/563/606 427/488/605
f 502/563/606 428/489/607 503/564/608
f 429/490/609 503/564/608 428/489/607
f 503/564/608 429/490/609 504/565/610
f 430/491/611 504/565/610 429/490/609
f 504/565/610 430/491/611 505/566/612
f 431/492/613 505/566/612 430/491/611
f 505/566/612 431/492/613 506/567/614
f 432/493/615 506/567/614 431/492/613
f 506/567/614 432/493/615 507/568/616
f 433/494/617 507/568/616 432/493/615
f 507/568/616 433/494/617 508/569/618
f 434/495/619 508/569/618 433/494/617
f 497/558/595 498/559/596 509/570/620
f 499/560/600 509/570/620 498/559/596
f 509/570/620 499/560/600 510/571/621
f 500/561/602 510/571/621 499/560/600
f 510/571/621 500/561/602 511/572/622
f 501/562/604 511/572/622 500/561/602
f 511/572/622 501/562/604 512/573/623
f 502/563/606 512/573/623 501/562/604
f 512/573/623 502/563/606 513/574/624
f 503/564/608 513/574/624 502/563/606
f 513/574/624 503/564/608 514/575/625
f 504/565/610 514/575/625 503/564/608
f 514/575/625 504/565/610 515/576/626
f 505/566/612 515/576/626 504/565/610
f 515/576/626 505/566/612 516/577/627
f 506/567/614 516/577/627 505/566/612
f 516/577/627 506/567/614 517/578/628
f 507/568/616 517/578/628 506/567/614
f 517/578/628 507/568/616 518/579/629
f 508/569/618 518/579/629 507/568/616
f 408/469/630 495/556/593 405/466/631
f 497/558/595 405/466/631 495/556/593
f 405/466/631 497/558/595 403/464/632
f 509/570/620 403/464/632 497/558/595
f 403/464/632 509/570/620 401/462/633
f 510/571/621 401/462/633 509/570/620
f 401/462/633 510/571/621 399/460/634
f 511/572/622 399/460/634 510/571/621
f 399/460/634 511/572/622 397/458/635
f 512/573/623 397/458/635 511/572/622
f 397/458/635 512/573/623 395/456/636
f 513/574/624 395/456/636 512/573/623
f 395/456/636 513/574/624 393/454/637
f 514/575/625 393/454/637 513/574/624
f 393/454/637 514/575/625 391/452/638
f 515/576/626 391/452/638 514/575/625
f 391/452/638 515/576/626 389/450/639
f 516/577/627 389/450/639 515/576/626
f 389/450/639 516/577/627 387/448/640
f 517/578/628 387/448/640 516/577/627
f 387/448/640 517/578/628 410/471/641
f 518/579/629 410/471/641 517/578/628
f 410/471/641 518/579/629 438/499/642
f 438/499/643 518/579/629 519/580/644
f 508/569/618 519/580/644 518/579/629
f 519/580/644 508/569/618 520/581/645
f 434/495/619 520/581/645 508/569/618
f 520/581/645 434/495/619 435/496/646
f 521/582/647 522/583/648 523/584/649
f 523/584/649 522/583/648 524/585/650
f 494/555/651 524/585/650 522/583/648
f 493/554/652 524/585/650 494/555/653
f 524/585/650 493/554/652 525/586/654
f 492/553/655 525/586/654 493/554/652
f 525/586/654 492/553/655 526/587/656
f 491/552/657 526/587/656 492/553/655
f 526/587/656 491/552/657 527/588/658
f 490/551/659 527/588/658 491/552/657
f 489/550/660 527/588/658 490/551/659
f 527/588/658 489/550/660 528/589/661
f 528/589/661 489/550/660 529/590/662
f 488/549/663 529/590/662 489/550/660
f 529/590/662 488/549/663 530/591/664
f 487/548/665 530/591/664 488/549/663
f 530/591/664 487/548/665 531/592/666
f 486/547/667 531/592/666 487/548/665
f 531/592/666 486/547/667 532/593/668
f 485/546/669 532/593/668 486/547/667
f 532/593/668 485/546/669 533/594/670
f 484/545/671 533/594/670 485/546/669
f 533/594/670 484/545/671 534/595/672
f 483/544/673 534/595/672 484/545/671
f 534/595/672 483/544/673 535/596/674
f 482/543/675 535/596/674 483/544/673
f 523/584/649 524/585/650 536/597/676
f 525/586/654 536/597/676 524/585/650
f 536/597/676 525/586/654 537/598/677
f 526/587/656 537/598/677 525/586/654
f 537/598/677 526/587/656 538/599/678
f 527/588/658 538/599/678 526/587/656
f 538/599/678 527/588/658 539/600/679
f 528/589/661 539/600/679 527/588/658
f 529/590/662 539/600/679 528/589/661
f 539/600/679 529/590/662 540/601/680
f 540/601/680 529/590/662 541/602/681
f 530/591/664 541/602/681 529/590/662
f 541/602/681 530/591/664 542/603/682
f 531/592/666 542/603/682 530/591/664
f 542/603/682 531/592/666 543/604/683
f 532/593/668 543/604/683 531/592/666
f 543/604/683 532/593/668 544/605/684
f 533/594/670 544/605/684 532/593/668
f 544/605/684 533/594/670 545/606/685
f 534/595/672 545/606/685 533/594/670
f 545/606/685 534/595/672 546/607/686
f 535/596/674 546/607/686 534/595/672
f 440/501/687 521/582/647 442/503/688
f 523/584/649 442/503/688 521/582/647
f 442/503/688 523/584/649 444/505/689
f 536/597/676 444/505/689 523/584/649
f 444/505/689 536/597/676 446/507/690
f 537/598/677 446/507/690 536/597/676
f 446/507/690 537/598/677 448/509/691
f 538/599/678 448/509/691 537/598/677
f 448/509/691 538/599/678 449/510/692
f 539/600/679 449/510/692 538/599/678
f 540/601/680 449/510/692 539/600/679
f 449/510/692 540/601/680 452/513/693
f 452/513/693 540/601/680 454/515/694
f 541/602/681 454/515/694 540/601/680
f 454/515/694 541/602/681 456/517/695
f 542/603/682 456/517/695 541/602/681
f 456/517/695 542/603/682 458/519/696
f 543/604/683 458/519/696 542/603/682
f 458/519/696 543/604/683 460/521/697
f 544/605/684 460/521/697 543/604/683
f 460/521/697 544/605/684 462/523/698
f 545/606/685 462/523/698 544/605/684
f 462/523/698 545/606/685 477/538/699
f 546/607/686 477/538/699 545/606/685
f 477/538/699 546/607/686 478/539/700
f 478/539/701 546/607/686 547/608/702
f 535/596/674 547/608/702 546/607/686
f 547/608/702 535/596/674 548/609/703
f 482/543/675 548/609/703 535/596/674
f 548/609/703 482/543/675 481/542/704
f 549/610/705 335/384/412 278/326/706
f 277/325/353 278/326/706 335/384/412
f 310/359/707 309/358/708 38/611/709
f 38/611/709 309/358/708 33/612/710
f 311/360/711 33/612/710 309/358/708
f 33/612/710 311/360/711 550/613/712
f 550/613/712 311/360/711 8/614/713
f 312/361/714 8/614/713 311/360/711
f 8/614/713 312/361/714 386/615/715
f 316/365/716 386/615/715 312/361/714
f 386/615/715 316/365/716 384/616/717
f 327/376/718 384/616/717 316/365/716
f 328/377/719 384/616/717 327/376/718
f 384/616/717 328/377/719 383/617/720
f 335/384/412 383/617/720 328/377/719
f 383/617/720 335/384/412 2/618/721
f 549/610/705 2/618/721 335/384/412
f 2/618/721 549/610/705 4/619/722
f 551/620/723 4/619/722 549/610/705
f 4/619/722 551/620/723 183/621/724
f 552/622/725 183/621/724 551/620/723
f 183/621/724 552/622/725 184/623/726
f 184/623/726 552/622/725 6/624/727
f 553/625/728 6/624/727 552/622/725
f 554/626/729 6/624/727 553/625/728
f 550/613/712 6/624/727 554/626/729
f 6/624/727 550/613/712 8/614/713
f 188/627/730 35/628/731 555/629/732
f 555/629/732 35/628/731 554/626/729
f 33/612/710 554/626/729 35/628/731
f 554/626/729 33/612/710 550/613/712
f 43/630/733 556/631/734 40/632/735
f 38/611/736 40/632/735 556/631/734
f 310/408/737 38/611/736 357/409/738
f 556/631/734 357/409/738 38/611/736
f 357/409/738 556/631/734 358/410/739
f 358/410/739 556/631/734 359/411/740
f 557/633/741 359/411/740 556/631/734
f 359/411/740 557/633/741 361/413/742
f 558/634/743 361/413/742 557/633/741
f 361/413/742 558/634/743 362/414/744
f 559/635/745 362/414/744 558/634/743
f 362/414/744 559/635/745 364/416/746
f 560/636/747 364/416/746 559/635/745
f 364/416/746 560/636/747 366/418/748
f 366/418/748 560/636/747 9/637/749
f 9/637/749 560/636/747 13/638/750
f 559/635/745 13/638/750 560/636/747
f 13/638/750 559/635/745 22/639/751
f 558/634/743 22/639/751 559/635/745
f 22/639/751 558/634/743 21/640/752
f 21/640/752 558/634/743 20/641/753
f 557/633/741 20/641/753 558/634/743
f 20/641/753 557/633/741 31/642/754
f 31/642/754 557/633/741 561/643/755
f 556/631/734 561/643/755 557/633/741
f 43/630/733 561/643/755 556/631/734
f 561/643/755 43/630/733 555/629/756
f 188/627/757 555/629/756 43/630/733
f 9/637/749 11/644/758 366/418/748
f 562/645/759 366/418/748 11/644/758
f 366/418/748 562/645/759 367/419/760
f 380/436/761 367/419/760 562/645/759
f 562/645/759 11/644/758 563/646/762
f 186/647/763 563/646/762 11/644/758
f 187/648/764 563/646/762 186/647/763
f 563/646/762 187/648/764 564/649/765
f 564/649/765 187/648/764 565/650/766
f 31/642/754 565/650/766 187/648/764
f 565/650/766 31/642/754 561/643/755
f 566/651/767 567/652/768 568/653/769
f 568/653/769 567/652/768 569/654/770
f 569/654/770 567/652/768 570/655/771
f 571/656/772 570/655/771 567/652/768
f 572/657/773 570/655/771 571/656/772
f 573/658/774 570/655/771 572/657/773
f 574/659/775 570/655/771 573/658/774
f 575/660/776 570/655/771 574/659/775
f 576/661/777 570/655/771 575/660/776
f 570/655/771 576/661/777 577/662/778
f 578/663/779 579/664/780 573/658/774
f 573/658/774 579/664/780 574/659/775
f 580/665/781 574/659/775 579/664/780
f 574/659/775 580/665/781 575/660/776
f 581/666/782 575/660/776 580/665/781
f 575/660/776 581/666/782 576/661/777
f 582/667/783 576/661/777 581/666/782
f 576/661/777 582/667/783 577/662/778
f 583/668/784 577/662/778 582/667/783
f 584/669/785 577/662/778 583/668/784
f 577/662/778 584/669/785 570/655/771
f 585/670/786 570/655/771 584/669/785
f 586/671/787 570/655/771 585/670/786
f 570/655/771 586/671/787 569/654/770
f 569/654/770 586/671/787 568/653/769
f 587/672/788 568/653/769 586/671/787
f 572/657/773 578/663/779 573/658/774
f 578/663/779 572/657/773 588/673/789
f 571/656/772 588/673/789 572/657/773
f 588/673/789 571/656/772 589/674/790
f 567/652/768 589/674/790 571/656/772
f 589/674/790 567/652/768 590/675/791
f 566/651/767 590/675/791 567/652/768
f 590/675/791 566/651/767 591/676/792
f 568/653/769 591/676/792 566/651/767
f 591/676/792 568/653/769 592/677/793
f 592/677/793 568/653/769 593/678/794
f 587/672/788 593/678/794 568/653/769
f 593/678/794 587/672/788 594/679/795
f 586/671/787 594/679/795 587/672/788
f 594/679/795 586/671/787 595/680/796
f 585/670/786 595/680/796 586/671/787
f 595/680/796 585/670/786 596/681/797
f 596/681/797 585/670/786 597/682/798
f 584/669/785 597/682/798 585/670/786
f 583/668/784 597/682/798 584/669/785
f 597/682/798 583/668/784 553/683/799
f 553/683/799 583/668/784 554/684/800
f 582/667/783 554/684/800 583/668/784
f 554/684/800 582/667/783 555/685/801
f 581/666/782 555/685/801 582/667/783
f 555/685/801 581/666/782 561/686/802
f 580/665/781 561/686/802 581/666/782
f 561/686/802 580/665/781 565/687/803
f 579/664/780 565/687/803 580/665/781
f 565/687/803 579/664/780 564/688/804
f 578/663/779 564/688/804 579/664/780
f 563/689/805 564/688/804 578/663/779
f 588/673/789 563/689/805 578/663/779
f 563/689/805 588/673/789 562/690/806
f 562/690/806 588/673/789 380/691/807
f 380/691/807 588/673/789 378/692/808
f 589/674/790 378/692/808 588/673/789
f 590/675/791 378/692/808 589/674/790
f 378/692/808 590/675/791 377/693/809
f 377/693/809 590/675/791 376/694/810
f 376/694/810 590/675/791 374/695/811
f 591/676/792 374/695/811 590/675/791
f 374/695/811 591/676/792 372/696/812
f 372/696/812 591/676/792 370/697/813
f 370/697/813 591/676/792 369/698/814
f 592/677/793 369/698/814 591/676/792
f 369/698/814 592/677/793 265/699/815
f 265/699/815 592/677/793 266/700/816
f 593/678/794 266/700/816 592/677/793
f 266/700/816 593/678/794 268/701/817
f 268/701/817 593/678/794 270/702/818
f 594/679/795 270/702/818 593/678/794
f 270/702/818 594/679/795 272/703/819
f 272/703/819 594/679/795 273/704/820
f 273/704/820 594/679/795 274/705/821
f 595/680/796 274/705/821 594/679/795
f 274/705/821 595/680/796 275/706/822
f 596/681/797 275/706/822 595/680/796
f 275/706/822 596/681/797 278/707/823
f 278/707/823 596/681/797 549/708/824
f 549/708/824 596/681/797 551/709/825
f 597/682/798 551/709/825 596/681/797
f 551/709/825 597/682/798 552/710/826
f 553/683/799 552/710/826 597/682/798
f 598/711/827 599/712/828 600/713/829
f 601/714/830 600/713/829 599/712/828
f 600/713/829 601/714/830 602/715/831
f 603/716/832 602/715/831 601/714/830
f 170/180/833 167/177/834 598/711/827
f 166/176/835 598/711/827 167/177/834
f 598/711/827 166/176/835 599/712/828
f 599/712/828 166/176/835 601/714/830
f 165/175/836 601/714/830 166/176/835
f 149/159/837 601/714/830 165/175/836
f 601/714/830 149/159/837 603/716/832
f 151/161/838 603/716/832 149/159/837
f 152/162/839 603/716/832 151/161/838
f 154/164/840 603/716/832 152/162/839
f 603/716/832 154/164/840 602/715/831
f 157/167/841 602/715/831 154/164/840
f 602/715/831 157/167/841 600/713/829
f 600/713/829 157/167/841 598/711/827
f 158/168/842 598/711/827 157/167/841
f 598/711/827 158/168/842 170/180/833
f 604/717/843 605/718/844 606/719/845
f 607/720/846 606/719/845 605/718/844
f 608/721/847 606/719/845 607/720/846
f 606/719/845 608/721/847 609/722/848
f 610/723/849 609/722/848 608/721/847
f 609/722/848 610/723/849 611/724/850
f 605/718/851 604/717/843 301/350/852
f 301/350/852 604/717/843 302/351/853
f 606/719/845 302/351/853 604/717/843
f 302/351/853 606/719/845 326/375/854
f 326/375/854 606/719/845 325/374/855
f 325/374/855 606/719/845 324/373/856
f 609/722/848 324/373/856 606/719/845
f 324/373/856 609/722/848 323/372/857
f 611/724/850 323/372/857 609/722/848
f 323/372/857 611/724/850 254/290/858
f 610/723/849 254/290/858 611/724/850
f 254/290/858 610/723/849 255/291/859
f 255/394/860 610/723/861 345/395/862
f 608/721/847 345/395/862 610/723/861
f 345/395/862 608/721/847 346/396/863
f 607/720/846 346/396/863 608/721/847
f 346/396/863 607/720/846 347/397/864
f 605/718/844 347/397/864 607/720/846
f 347/397/864 605/718/844 349/399/865
f 301/350/866 349/399/865 605/718/844
f 612/725/867 613/726/868 614/727/869
f 615/728/870 614/727/869 613/726/868
f 614/727/869 615/728/870 616/729/871
f 616/729/871 615/728/870 617/730/872
f 617/730/872 615/728/870 618/731/873
f 618/731/873 615/728/870 619/732/874
f 613/726/868 619/732/874 615/728/870
f 620/733/875 621/734/876 622/735/877
f 623/736/878 622/735/877 621/734/876
f 622/735/877 623/736/878 624/737/879
f 625/738/880 624/737/879 623/736/878
f 624/737/879 625/738/880 626/739/881
f 627/740/882 626/739/881 625/738/880
f 626/739/881 627/740/882 628/741/883
f 628/741/883 627/740/882 618/731/873
f 618/731/873 627/740/882 617/730/872
f 625/738/880 617/730/872 627/740/882
f 617/730/872 625/738/880 616/729/871
f 623/736/878 616/729/871 625/738/880
f 621/734/876 616/729/871 623/736/878
f 616/729/871 621/734/876 614/727/869
f 614/727/869 621/734/876 612/725/867
f 620/733/884 612/725/867 621/734/876
f 629/742/885 612/725/867 620/733/884
f 612/725/867 629/742/885 613/726/868
f 630/743/886 613/726/868 629/742/885
f 613/726/868 630/743/886 619/732/874
f 631/744/887 619/732/874 630/743/886
f 619/732/874 631/744/887 618/731/873
f 628/741/888 618/731/873 631/744/887
f 632/745/889 633/746/890 634/747/891
f 635/748/892 634/747/891 633/746/890
f 634/747/891 635/748/892 636/749/893
f 636/749/893 635/748/892 637/750/894
f 637/750/894 635/748/892 638/751/895
f 638/751/895 635/748/892 639/752/896
f 633/746/890 639/752/896 635/748/892
f 640/753/897 641/754/898 642/755/899
f 643/756/900 642/755/899 641/754/898
f 642/755/899 643/756/900 644/757/901
f 645/758/902 644/757/901 643/756/900
f 644/757/901 645/758/902 646/759/903
f 647/760/904 646/759/903 645/758/902
f 646/759/903 647/760/904 648/761/905
f 648/761/905 647/760/904 638/751/895
f 638/751/895 647/760/904 637/750/894
f 645/758/902 637/750/894 647/760/904
f 637/750/894 645/758/902 636/749/893
f 643/756/900 636/749/893 645/758/902
f 641/754/898 636/749/893 643/756/900
f 636/749/893 641/754/898 634/747/891
f 634/747/891 641/754/898 632/745/889
f 640/753/906 632/745/889 641/754/898
f 649/762/907 632/745/889 640/753/906
f 632/745/889 649/762/907 633/746/890
f 650/763/908 633/746/890 649/762/907
f 633/746/890 650/763/908 639/752/896
f 651/764/909 639/752/896 650/763/908
f 639/752/896 651/764/909 638/751/895
f 648/761/910 638/751/895 651/764/909
f 652/765/911 653/766/912 654/767/913
f 655/768/914 654/767/913 653/766/912
f 654/767/913 655/768/914 656/769/915
f 656/769/915 655/768/914 657/770/916
f 657/770/916 655/768/914 658/771/917
f 658/771/917 655/768/914 659/772/918
f 653/766/912 659/772/918 655/768/914
f 660/773/919 661/774/920 662/775/921
f 663/776/922 662/775/921 661/774/920
f 662/775/921 663/776/922 664/777/923
f 665/778/924 664/777/923 663/776/922
f 664/777/923 665/778/924 666/779/925
f 667/780/926 666/779/925 665/778/924
f 666/779/925 667/780/926 668/781/927
f 668/781/927 667/780/926 658/771/917
f 658/771/917 667/780/926 657/770/916
f 665/778/924 657/770/916 667/780/926
f 657/770/916 665/778/924 656/769/915
f 663/776/922 656/769/915 665/778/924
f 661/774/920 656/769/915 663/776/922
f 656/769/915 661/774/920 654/767/913
f 654/767/913 661/774/920 652/765/911
f 660/773/928 652/765/911 661/774/920
f 669/782/929 652/765/911 660/773/928
f 652/765/911 669/782/929 653/766/912
f 670/783/930 653/766/912 669/782/929
f 653/766/912 670/783/930 659/772/918
f 671/784/931 659/772/918 670/783/930
f 659/772/918 671/784/931 658/771/917
f 668/781/932 658/771/917 671/784/931
f 672/785/933 673/786/934 674/787/935
f 675/788/936 674/787/935 673/786/934
f 674/787/935 675/788/936 676/789/937
f 676/789/937 675/788/936 677/790/938
f 677/790/938 675/788/936 678/791/939
f 678/791/939 675/788/936 679/792/940
f 673/786/934 679/792/940 675/788/936
f 680/793/941 681/794/942 682/795/943
f 683/796/944 682/795/943 681/794/942
f 682/795/943 683/796/944 684/797/945
f 685/798/946 684/797/945 683/796/944
f 684/797/945 685/798/946 686/799/947
f 687/800/948 686/799/947 685/798/946
f 686/799/947 687/800/948 688/801/949
f 688/801/949 687/800/948 678/791/939
f 678/791/939 687/800/948 677/790/938
f 685/798/946 677/790/938 687/800/948
f 677/790/938 685/798/946 676/789/937
f 683/796/944 676/789/937 685/798/946
f 681/794/942 676/789/937 683/796/944
f 676/789/937 681/794/942 674/787/935
f 674/787/935 681/794/942 672/785/933
f 680/793/950 672/785/933 681/794/942
f 689/802/951 672/785/933 680/793/950
f 672/785/933 689/802/951 673/786/934
f 690/803/952 673/786/934 689/802/951
f 673/786/934 690/803/952 679/792/940
f 691/804/953 679/792/940 690/803/952
f 679/792/940 691/804/953 678/791/939
f 688/801/954 678/791/939 691/804/953
f 692/805/955 693/806/956 694/807/957
f 695/808/958 694/807/957 693/806/956
f 694/807/957 695/808/958 696/809/959
f 696/809/959 695/808/958 697/810/960
f 697/810/960 695/808/958 698/811/961
f 698/811/961 695/808/958 699/812/962
f 693/806/956 699/812/962 695/808/958
f 700/813/963 701/814/964 702/815/965
f 703/816/966 702/815/965 701/814/964
f 702/815/965 703/816/966 704/817/967
f 705/818/968 704/817/967 703/816/966
f 704/817/967 705/818/968 706/819/969
f 707/820/970 706/819/969 705/818/968
f 706/819/969 707/820/970 708/821/971
f 708/821/971 707/820/970 698/811/961
f 698/811/961 707/820/970 697/810/960
f 705/818/968 697/810/960 707/820/970
f 697/810/960 705/818/968 696/809/959
f 703/816/966 696/809/959 705/818/968
f 701/814/964 696/809/959 703/816/966
f 696/809/959 701/814/964 694/807/957
f 694/807/957 701/814/964 692/805/955
f 700/813/972 692/805/955 701/814/964
f 709/822/973 692/805/955 700/813/972
f 692/805/955 709/822/973 693/806/956
f 710/823/974 693/806/956 709/822/973
f 693/806/956 710/823/974 699/812/962
f 711/824/975 699/812/962 710/823/974
f 699/812/962 711/824/975 698/811/961
f 708/821/976 698/811/961 711/824/975
